{"type":"FeatureCollection","features":[{"type":"Feature","id":"expressway-00113f5bcc3e","properties":{"id":"expressway-00113f5bcc3e","label":"福岡高速2号線"},"geometry":{"type":"MultiLineString","coordinates":[[[130.40976,33.60263],[130.40874,33.60703],[130.40708,33.60766]],[[130.4358,33.59285],[130.43169,33.59738],[130.42995,33.59739],[130.42576,33.59456],[130.42445,33.59442],[130.41599,33.59949],[130.41196,33.60084],[130.40976,33.60263]],[[130.45401,33.573],[130.45118,33.57553],[130.44642,33.57777],[130.44029,33.58415],[130.43869,33.58633],[130.43831,33.58974],[130.4358,33.59285]],[[130.49705,33.53057],[130.4941,33.53176],[130.49138,33.53141],[130.48663,33.53684],[130.48387,33.5448],[130.47893,33.55104],[130.47371,33.55528],[130.46754,33.56274],[130.46154,33.56589],[130.45401,33.573]]]}},{"type":"Feature","id":"expressway-00cf26796439","properties":{"id":"expressway-00cf26796439","label":"東北横断自動車道酒田線"},"geometry":{"type":"MultiLineString","coordinates":[[[140.72372,38.13963],[140.71673,38.14531],[140.70649,38.1465],[140.70113,38.14824],[140.69847,38.15045],[140.69574,38.15443],[140.69348,38.15572],[140.68441,38.15823],[140.67871,38.15752],[140.67525,38.15781],[140.6658,38.16245],[140.65978,38.16407],[140.64457,38.16506],[140.64132,38.16641],[140.63699,38.17046],[140.63412,38.17218],[140.62135,38.1746]],[[140.50934,38.22359],[140.50349,38.22466],[140.49637,38.22781],[140.49222,38.23094],[140.48749,38.23198],[140.48188,38.23179],[140.45512,38.22782],[140.44788,38.22561]],[[140.44788,38.22561],[140.44448,38.22422],[140.43815,38.22371],[140.43234,38.22111],[140.4286,38.22148],[140.42256,38.22546],[140.41504,38.22637],[140.41136,38.22834],[140.40965,38.23092],[140.41009,38.23476],[140.40963,38.2366],[140.40499,38.24221],[140.40327,38.24341],[140.39667,38.24519],[140.38772,38.24485],[140.38145,38.24541]],[[140.38145,38.24541],[140.37613,38.24707],[140.37291,38.24895],[140.36958,38.25267],[140.36815,38.25618],[140.36851,38.26075],[140.37131,38.26681],[140.37046,38.2735],[140.37139,38.27609],[140.37408,38.27999],[140.37382,38.28391],[140.3725,38.28578],[140.37032,38.28732],[140.36169,38.29044]],[[140.36169,38.29044],[140.35182,38.29432],[140.33935,38.29601],[140.33503,38.2973],[140.32862,38.30117],[140.32213,38.30762],[140.31763,38.31057]],[[140.31763,38.31057],[140.30634,38.31644],[140.30159,38.32043],[140.29865,38.32437],[140.29732,38.3297],[140.2966,38.35087],[140.29494,38.35528],[140.29211,38.35837]],[[140.29211,38.35837],[140.28859,38.36059],[140.28447,38.36217],[140.28,38.36306],[140.27068,38.3634],[140.264,38.36582],[140.2553,38.3675],[140.25117,38.36911],[140.24745,38.37164],[140.24338,38.37632],[140.23928,38.37938],[140.23514,38.38098],[140.22775,38.3822],[140.22396,38.38396],[140.21961,38.38864],[140.21545,38.39173],[140.2117,38.39741],[140.20877,38.40013],[140.2058,38.40149],[140.19711,38.4033],[140.19368,38.40478],[140.19111,38.40787],[140.1892,38.41541],[140.18595,38.41868],[140.18232,38.42014],[140.17534,38.42116],[140.16504,38.42396]],[[140.16504,38.42396],[140.15883,38.42654],[140.15072,38.42863],[140.14468,38.43336],[140.14141,38.43509],[140.12064,38.43959],[140.11232,38.43962],[140.09771,38.43694],[140.08654,38.43711],[140.05079,38.44499],[140.02239,38.44612],[140.01121,38.4449],[140.00036,38.44643],[139.99652,38.44751],[139.9938,38.44944],[139.99255,38.45217],[139.99274,38.45405],[139.99207,38.45571]],[[139.84382,38.61876],[139.84179,38.61276],[139.84317,38.60473],[139.84486,38.60197],[139.8509,38.59808],[139.85562,38.59247],[139.86389,38.59154],[139.87953,38.59324],[139.88301,38.59285],[139.90005,38.5863],[139.90266,38.5838],[139.90735,38.57661],[139.91184,38.57254],[139.91383,38.57218],[139.91732,38.57325]],[[140.62135,38.1746],[140.61556,38.17597],[140.60059,38.18478],[140.59823,38.18715],[140.59615,38.1922],[140.59472,38.19413],[140.58215,38.20068],[140.57763,38.20561],[140.57515,38.20626],[140.56914,38.20632],[140.56379,38.21011],[140.56128,38.21104],[140.55477,38.21052],[140.53211,38.21267],[140.52269,38.21612],[140.51708,38.22009],[140.50934,38.22359]],[[139.84382,38.61876],[139.8427,38.62268],[139.83234,38.63475],[139.83013,38.63869],[139.8295,38.6421],[139.82973,38.64474],[139.83353,38.65339],[139.83378,38.65787],[139.82172,38.68733],[139.81544,38.69596],[139.81362,38.70389],[139.81237,38.70658],[139.81033,38.70877],[139.8042,38.71227],[139.79828,38.71944],[139.79677,38.72285],[139.79557,38.73076],[139.7944,38.73425],[139.79128,38.73959],[139.78332,38.74835],[139.78103,38.75478]]]}},{"type":"Feature","id":"expressway-0121062acd30","properties":{"id":"expressway-0121062acd30","label":"阪神高速11号池田線"},"geometry":{"type":"MultiLineString","coordinates":[[[135.49243,34.695],[135.49478,34.69388],[135.49542,34.69259],[135.49755,34.69194]],[[135.49243,34.695],[135.49349,34.69241]],[[135.48992,34.69775],[135.49167,34.69715],[135.49243,34.695]],[[135.45465,34.78062],[135.45732,34.7773],[135.46007,34.76781],[135.46445,34.74369],[135.46401,34.74015],[135.45977,34.73519],[135.45825,34.73192],[135.4566,34.72417],[135.45991,34.72082],[135.46163,34.71642],[135.46662,34.71459],[135.47892,34.70122],[135.48593,34.6982],[135.48992,34.69775]],[[135.44743,34.78936],[135.45465,34.78062]],[[135.44505,34.79217],[135.44743,34.78936]],[[135.42603,34.83752],[135.4218,34.82751],[135.41626,34.82202],[135.41747,34.8171],[135.42455,34.80394],[135.42636,34.79837],[135.4303,34.79714],[135.43339,34.79825],[135.43515,34.79821],[135.44281,34.79238],[135.44505,34.79217]]]}},{"type":"Feature","id":"expressway-017bc0ab65d6","properties":{"id":"expressway-017bc0ab65d6","label":"福岡高速6号線"},"geometry":{"type":"MultiLineString","coordinates":[[[130.41561,33.66281],[130.41785,33.65933],[130.41911,33.65844],[130.42064,33.65841],[130.42606,33.6602],[130.43126,33.6589],[130.43212,33.65734]]]}},{"type":"Feature","id":"expressway-025e2d07fa32","properties":{"id":"expressway-025e2d07fa32","label":"琴丘能代道路"},"geometry":{"type":"MultiLineString","coordinates":[[[140.08855,40.03305],[140.0916,40.04956],[140.09144,40.05481],[140.08926,40.06176],[140.08487,40.06819],[140.07767,40.0741],[140.05817,40.08426],[140.03427,40.09896],[140.02906,40.10104],[140.01785,40.10361],[140.0144,40.10533],[140.01189,40.10775],[140.01023,40.11112],[140.01014,40.11421],[140.0113,40.1181]],[[140.0113,40.1181],[140.0128,40.1308],[140.01947,40.14314],[140.02152,40.1514],[140.02269,40.15392]],[[140.02269,40.15392],[140.0251,40.15677],[140.03008,40.1597],[140.04217,40.16247],[140.04676,40.1648],[140.05094,40.16845],[140.05692,40.17623],[140.06153,40.17968],[140.06913,40.18254],[140.08067,40.18424]],[[140.08067,40.18424],[140.09044,40.18473],[140.09527,40.18581],[140.10702,40.19108],[140.11754,40.19382],[140.12651,40.19795],[140.13226,40.19979],[140.15254,40.20195],[140.1665,40.20653],[140.18029,40.20888],[140.18569,40.2088],[140.19167,40.20781],[140.19441,40.21073],[140.19913,40.21182]]]}},{"type":"Feature","id":"expressway-036285b39a2d","properties":{"id":"expressway-036285b39a2d","label":"大船渡三陸道路"},"geometry":{"type":"MultiLineString","coordinates":[[[141.70837,39.10717],[141.7041,39.10106],[141.70174,39.09578],[141.70055,39.09154],[141.70011,39.0858],[141.70048,39.08172],[141.70195,39.0769],[141.70819,39.06362],[141.71275,39.0559],[141.71486,39.04945],[141.71538,39.0416],[141.71422,39.03712],[141.71225,39.03387]],[[141.73507,39.12517],[141.72738,39.12492],[141.72349,39.1239],[141.71997,39.12215],[141.71339,39.11604],[141.70837,39.10717]],[[141.79609,39.12473],[141.78718,39.12108],[141.78381,39.12062],[141.77011,39.12214],[141.75583,39.12587],[141.73507,39.12517]]]}},{"type":"Feature","id":"expressway-03c3576f15fd","properties":{"id":"expressway-03c3576f15fd","label":"名古屋高速5号万場線"},"geometry":{"type":"MultiLineString","coordinates":[[[136.89088,35.16211],[136.87927,35.15918],[136.8724,35.15631],[136.8688,35.15728],[136.84157,35.1579],[136.83393,35.15638],[136.81829,35.15808]]]}},{"type":"Feature","id":"expressway-04d1605e46ec","properties":{"id":"expressway-04d1605e46ec","label":"福岡高速4号線"},"geometry":{"type":"MultiLineString","coordinates":[[[130.42366,33.63478],[130.4202,33.6356]],[[130.46971,33.62689],[130.46628,33.6257],[130.4607,33.62568],[130.42366,33.63478]],[[130.48434,33.62909],[130.47733,33.62965],[130.46971,33.62689]]]}},{"type":"Feature","id":"expressway-061655c93ecc","properties":{"id":"expressway-061655c93ecc","label":"九州縦貫自動車道鹿児島線"},"geometry":{"type":"MultiLineString","coordinates":[[[130.9826,33.92421],[130.97656,33.91596],[130.97496,33.91009],[130.97156,33.90433],[130.97122,33.90154],[130.97229,33.8956],[130.96934,33.8884],[130.97031,33.88059],[130.96973,33.87788],[130.96848,33.87572],[130.96445,33.87214],[130.95616,33.86748],[130.94601,33.86453],[130.94275,33.86264],[130.9402,33.85982],[130.93748,33.85484],[130.9312,33.84992],[130.92779,33.84164],[130.92483,33.83795],[130.91921,33.83441],[130.91033,33.83271]],[[130.91033,33.83271],[130.9037,33.83092],[130.89676,33.82603],[130.88923,33.82274],[130.88636,33.81981],[130.88368,33.81406],[130.88007,33.81064],[130.87704,33.80656],[130.87285,33.80362],[130.86766,33.80134],[130.86342,33.8009],[130.85882,33.80162],[130.84432,33.80718],[130.83833,33.80859],[130.82988,33.80888],[130.82374,33.80829],[130.77557,33.79822],[130.77084,33.79602],[130.7541,33.78442],[130.74591,33.78081]],[[130.74591,33.78081],[130.73746,33.78017],[130.72081,33.78325],[130.71259,33.78198],[130.70354,33.77913],[130.69516,33.77767],[130.68537,33.77262],[130.67694,33.7711],[130.67306,33.76861],[130.66808,33.76142],[130.66371,33.75822],[130.65781,33.75638],[130.65145,33.75666],[130.64906,33.75619],[130.64396,33.7526],[130.63645,33.74949],[130.63209,33.74585],[130.62928,33.74456],[130.62232,33.74417],[130.61366,33.74732],[130.60931,33.74757]],[[130.60931,33.74757],[130.59962,33.74586],[130.58714,33.74985],[130.58087,33.75069],[130.57294,33.75062],[130.56668,33.75178],[130.56255,33.75096],[130.5574,33.74889],[130.53906,33.75051],[130.53198,33.74902],[130.52921,33.74781],[130.52606,33.74391],[130.52089,33.74076],[130.51589,33.73489],[130.50852,33.73184],[130.50602,33.73017],[130.50181,33.7242],[130.49346,33.71863]],[[130.49346,33.71863],[130.49168,33.71638],[130.4891,33.71054],[130.48569,33.70508],[130.48575,33.69764],[130.48486,33.69196],[130.48635,33.68382],[130.4842,33.67797],[130.48358,33.67364],[130.48108,33.66897],[130.48045,33.66555],[130.48303,33.65765],[130.48153,33.65131],[130.48186,33.64742],[130.4836,33.64451],[130.48927,33.63903],[130.49087,33.63527],[130.49032,33.63119],[130.48643,33.62224],[130.48641,33.61594],[130.48856,33.61136],[130.49437,33.60384],[130.49489,33.60116],[130.49443,33.59544],[130.49515,33.59278],[130.50171,33.58623],[130.5036,33.58183],[130.50419,33.57863],[130.50396,33.5705],[130.50505,33.56121],[130.50344,33.5576],[130.49914,33.55382],[130.49737,33.55027],[130.49728,33.54748],[130.49898,33.54072],[130.49912,33.53771],[130.49865,33.53462],[130.49705,33.53057]],[[130.49705,33.53057],[130.49567,33.52552],[130.49556,33.52045],[130.49659,33.51508],[130.49844,33.51019],[130.50174,33.50462],[130.51135,33.49261],[130.51519,33.4825],[130.52027,33.47587],[130.5235,33.46796],[130.52995,33.46176],[130.53159,33.45873],[130.53215,33.45504],[130.53114,33.44523],[130.53148,33.44139],[130.537,33.43189],[130.53831,33.42461],[130.54061,33.41867],[130.5405,33.41608],[130.53806,33.40715],[130.53843,33.39655]],[[130.53843,33.39655],[130.53873,33.38264],[130.54142,33.36654],[130.54095,33.36272],[130.53774,33.35181],[130.53817,33.346],[130.54113,33.33756],[130.54512,33.33066],[130.55753,33.31768]],[[130.55753,33.31768],[130.55935,33.31442],[130.55961,33.31115],[130.55841,33.30873],[130.55445,33.30424],[130.55347,33.30125],[130.55738,33.29256],[130.55759,33.28819],[130.55544,33.28519],[130.54472,33.27769],[130.54166,33.2739],[130.54015,33.27055],[130.53684,33.25475],[130.53203,33.24247],[130.53065,33.22983],[130.52517,33.2184],[130.52366,33.2138],[130.52334,33.21054],[130.52427,33.20137],[130.52379,33.19837],[130.51964,33.18907],[130.51673,33.17703],[130.51021,33.16513],[130.50973,33.1579],[130.50815,33.15078],[130.50824,33.14802],[130.50927,33.1446],[130.515,33.13698],[130.51664,33.13367],[130.51892,33.12384],[130.52123,33.12087],[130.52887,33.1147],[130.53269,33.10939],[130.53429,33.10546],[130.53534,33.09884],[130.54153,33.08501],[130.54225,33.07716],[130.54575,33.07177]],[[130.54575,33.07177],[130.54952,33.06383],[130.54951,33.0562],[130.55008,33.05455],[130.56137,33.04513],[130.5673,33.04261],[130.56897,33.04113],[130.57109,33.03779],[130.57357,33.03181],[130.57667,33.02792],[130.57812,33.02349],[130.58338,33.01782],[130.58442,33.01326],[130.58292,33.00648],[130.58507,33.00308],[130.59926,32.99487],[130.60982,32.98318],[130.61458,32.97658],[130.61782,32.97395],[130.62408,32.97077],[130.63378,32.96741],[130.64031,32.9644],[130.65119,32.96201],[130.66095,32.95615],[130.67206,32.95157],[130.67842,32.94734],[130.68744,32.93807],[130.69575,32.93276]],[[130.69575,32.93276],[130.69948,32.93023],[130.70254,32.92707],[130.70822,32.91617],[130.71444,32.90859],[130.71632,32.90426],[130.7187,32.89511],[130.72559,32.88506],[130.73043,32.87407],[130.73315,32.86985],[130.7374,32.86532],[130.74179,32.86222],[130.75927,32.85416],[130.76631,32.84959],[130.77303,32.84306],[130.7796,32.83436]],[[130.7796,32.83436],[130.78664,32.82263],[130.79193,32.81522],[130.79332,32.81176],[130.79356,32.8065],[130.79021,32.79753],[130.78977,32.79275],[130.79088,32.78794],[130.79374,32.78241],[130.79409,32.77972],[130.78906,32.76619],[130.78886,32.75354],[130.7876,32.74847],[130.7852,32.74391],[130.77732,32.73411]],[[130.77732,32.73411],[130.77323,32.72743],[130.76968,32.71918],[130.76772,32.71622],[130.75612,32.70811],[130.75086,32.70053],[130.7483,32.698],[130.73927,32.69234],[130.73473,32.68501],[130.73241,32.68236],[130.72858,32.67953],[130.71917,32.67456],[130.71564,32.67142],[130.71252,32.66591],[130.71135,32.65454],[130.70822,32.64816]],[[130.70822,32.64816],[130.70667,32.64261],[130.7099,32.63623],[130.71041,32.63079],[130.71261,32.62611],[130.71341,32.62172],[130.71624,32.6185],[130.72219,32.61574],[130.72462,32.6123],[130.72421,32.60887],[130.72159,32.60489],[130.71944,32.59864],[130.71658,32.59341],[130.71624,32.59022],[130.71672,32.58613],[130.71596,32.58369],[130.71391,32.58034],[130.70693,32.57317],[130.70332,32.56572],[130.69649,32.55939],[130.69439,32.55334],[130.69207,32.54997],[130.68431,32.5455],[130.67455,32.53841],[130.66977,32.53184],[130.65991,32.52296],[130.65171,32.51818],[130.64785,32.51271]],[[130.64785,32.51271],[130.64652,32.50813],[130.64617,32.50246],[130.64793,32.47238],[130.64866,32.46921],[130.65123,32.46471],[130.65732,32.4508],[130.65983,32.44762],[130.66354,32.44463],[130.66921,32.44221],[130.67296,32.43864],[130.67784,32.43557],[130.68143,32.43512],[130.68757,32.43613],[130.69402,32.43555],[130.6984,32.4343],[130.70013,32.43274],[130.70215,32.42968],[130.70236,32.42646],[130.70104,32.42296],[130.69653,32.4164],[130.6955,32.41325],[130.69784,32.40562],[130.69772,32.40301],[130.69918,32.40122],[130.70229,32.39926],[130.70985,32.38918],[130.72746,32.34382],[130.73115,32.3392],[130.73589,32.336],[130.73878,32.3331],[130.74553,32.33121],[130.75057,32.32789],[130.75685,32.32632],[130.75814,32.32484],[130.75779,32.32151],[130.75652,32.319],[130.75435,32.31723],[130.75036,32.31559],[130.74825,32.31314],[130.746,32.30478],[130.74595,32.3015],[130.7467,32.29927],[130.74943,32.29526],[130.74863,32.28918],[130.74936,32.287],[130.76114,32.26894],[130.76563,32.26569],[130.76769,32.26256],[130.76831,32.25915],[130.76709,32.25523],[130.76541,32.25291],[130.76,32.24808],[130.75907,32.24428],[130.7602,32.24068],[130.76258,32.23725],[130.76515,32.23501],[130.77058,32.23219]],[[130.77058,32.23219],[130.77445,32.22996],[130.7773,32.22729],[130.78012,32.22133],[130.77965,32.21692],[130.77384,32.21032],[130.77264,32.20767],[130.77333,32.2035],[130.77764,32.19636],[130.77778,32.19406],[130.77673,32.18985],[130.77702,32.18699],[130.77928,32.1838],[130.7869,32.17839],[130.78933,32.17551],[130.7924,32.16912],[130.79431,32.16192],[130.79332,32.15589],[130.79357,32.15297],[130.79795,32.14734],[130.7993,32.14167],[130.80247,32.13737],[130.80383,32.13376],[130.80301,32.1259],[130.79264,32.07814],[130.79387,32.07177],[130.79633,32.06907]],[[130.79633,32.06907],[130.80161,32.0659],[130.80357,32.06323],[130.80374,32.06132],[130.80137,32.04995]],[[130.80137,32.04995],[130.79811,32.03174]],[[130.79811,32.03174],[130.79625,32.02785],[130.79334,32.02556],[130.78976,32.0243],[130.78184,32.02395],[130.77747,32.0228],[130.76883,32.01717],[130.7605,32.01414],[130.75754,32.01164],[130.75598,32.00874],[130.7557,32.00588],[130.75603,32.00387],[130.75876,31.9979],[130.75864,31.99312],[130.7572,31.99018],[130.75209,31.98426],[130.75036,31.98122],[130.74556,31.96377],[130.74211,31.95952],[130.73591,31.95508],[130.73166,31.94836],[130.72809,31.94658],[130.72066,31.94441]],[[130.72066,31.94441],[130.71544,31.94208],[130.71139,31.93924],[130.70827,31.9358],[130.70563,31.931],[130.70352,31.92425],[130.703,31.91697],[130.7036,31.91395],[130.70733,31.9069],[130.70773,31.90448],[130.70731,31.90131],[130.70539,31.89796],[130.69924,31.89242],[130.69698,31.88924],[130.69574,31.88603],[130.69517,31.87757],[130.69424,31.87393],[130.69246,31.87118],[130.68815,31.86792],[130.68638,31.86571],[130.68557,31.85905],[130.68257,31.85396],[130.68197,31.85115],[130.68325,31.84721],[130.68761,31.84347],[130.68886,31.84162],[130.68987,31.83607],[130.6937,31.83016],[130.69413,31.82314],[130.69624,31.82054],[130.70351,31.81751],[130.70614,31.8154],[130.70761,31.81204],[130.70863,31.80667],[130.71524,31.79661],[130.71767,31.78971]],[[130.71767,31.78971],[130.71798,31.78442],[130.71699,31.77902],[130.71392,31.77256],[130.71067,31.76928],[130.69835,31.76307],[130.68899,31.76176],[130.68364,31.75953],[130.68074,31.75662],[130.67844,31.74984],[130.67605,31.74782],[130.67121,31.74687],[130.66665,31.74755]],[[130.66665,31.74755],[130.6594,31.75103],[130.65659,31.7514],[130.65285,31.75057],[130.64614,31.74702],[130.63657,31.74592],[130.63416,31.74425],[130.6289,31.73626],[130.62523,31.73264],[130.61965,31.72867],[130.61365,31.7264],[130.60786,31.72578],[130.60219,31.72711],[130.59568,31.72721],[130.58771,31.72883],[130.58235,31.72887],[130.57678,31.72783],[130.57282,31.72431],[130.56438,31.723],[130.56279,31.72224],[130.56139,31.72037],[130.56099,31.71859],[130.56255,31.71221],[130.55996,31.70808],[130.55934,31.70552],[130.56185,31.69995],[130.56144,31.69483],[130.56321,31.69053],[130.56348,31.68692],[130.56495,31.68345],[130.56443,31.67994],[130.56592,31.67507],[130.56446,31.67195]],[[130.56446,31.67195],[130.56177,31.66896],[130.55875,31.66412],[130.55356,31.66021],[130.55192,31.6564],[130.55177,31.65181],[130.55097,31.65026],[130.54829,31.64849],[130.54272,31.64652],[130.54206,31.64513],[130.5421,31.6408],[130.54127,31.63885],[130.53989,31.63746],[130.53412,31.63419],[130.53,31.62742],[130.52755,31.62466]],[[130.52755,31.62466],[130.52564,31.62276],[130.52316,31.61872],[130.51957,31.61536],[130.51879,31.61322],[130.51848,31.60898],[130.51534,31.60334],[130.51413,31.59468],[130.51546,31.58807],[130.51525,31.58596]],[[130.52343,33.39476],[130.52655,33.39396],[130.52989,33.39399],[130.53843,33.39655]],[[130.51487,31.60043],[130.51546,31.58807]]]}},{"type":"Feature","id":"expressway-067da8e8a56c","properties":{"id":"expressway-067da8e8a56c","label":"九州横断自動車道延岡線"},"geometry":{"type":"MultiLineString","coordinates":[[[130.78887,32.75405],[130.79368,32.75327],[130.79734,32.75138],[130.79936,32.7493],[130.80246,32.74408]],[[130.80246,32.74408],[130.81107,32.73905],[130.81646,32.734],[130.81958,32.7329],[130.82249,32.73289],[130.83181,32.73647],[130.84486,32.74723],[130.85436,32.75217],[130.85776,32.75272],[130.86757,32.74929],[130.87773,32.74741],[130.88467,32.74293],[130.89265,32.74109],[130.89676,32.73792]],[[130.89676,32.73792],[130.90261,32.73517],[130.91021,32.73435],[130.92507,32.73061],[130.93874,32.73103],[130.94614,32.72917],[130.95977,32.72084],[130.96467,32.71508],[130.97147,32.7106],[130.97351,32.70735],[130.97483,32.70185],[130.97636,32.6999],[130.97968,32.69822],[130.9904,32.69577]]]}},{"type":"Feature","id":"expressway-070eebe19a1d","properties":{"id":"expressway-070eebe19a1d","label":"釜石山田道路"},"geometry":{"type":"MultiLineString","coordinates":[[[141.87213,39.30096],[141.87687,39.30256],[141.88054,39.30463],[141.88311,39.30744],[141.8843,39.31049],[141.88375,39.31535],[141.87838,39.32807],[141.87854,39.3323],[141.8805,39.33684]],[[141.96848,39.42018],[141.95936,39.40963],[141.93733,39.38853],[141.92739,39.38277],[141.92117,39.37752],[141.9171,39.375],[141.9119,39.37323],[141.89838,39.37114]],[[141.83685,39.25442],[141.8379,39.25852],[141.84126,39.26316],[141.84832,39.26941],[141.86035,39.28206],[141.86304,39.28706],[141.86559,39.29529],[141.86823,39.29832],[141.87213,39.30096]],[[141.8805,39.33684],[141.88266,39.34561],[141.883,39.35628],[141.88455,39.36082],[141.88879,39.36557],[141.89444,39.36934],[141.89838,39.37114]]]}},{"type":"Feature","id":"expressway-075775194b96","properties":{"id":"expressway-075775194b96","label":"東九州自動車道"},"geometry":{"type":"MultiLineString","coordinates":[[[131.816,32.71128],[131.80005,32.70137],[131.78758,32.69536],[131.78425,32.69263],[131.77886,32.68663],[131.77315,32.68254],[131.76623,32.67938],[131.76043,32.67783]],[[130.96683,33.7944],[130.96918,33.79165],[130.97125,33.78673],[130.97171,33.78377],[130.97133,33.77992],[130.97024,33.77666],[130.96671,33.77026],[130.95135,33.74613],[130.94925,33.74177],[130.94788,33.73731],[130.94722,33.73181],[130.94772,33.72793],[130.94933,33.72374]],[[131.6164,32.40124],[131.62121,32.3943],[131.62218,32.39076],[131.6196,32.3774],[131.61915,32.36664],[131.61772,32.36297],[131.61034,32.35399],[131.6033,32.34849],[131.5963,32.34048],[131.58809,32.33285],[131.58533,32.32904],[131.58142,32.32117],[131.57862,32.31753],[131.56305,32.30918],[131.55633,32.30258],[131.55009,32.29881],[131.54711,32.2961],[131.54263,32.28835],[131.53474,32.27886],[131.53333,32.27388],[131.53366,32.26634],[131.53311,32.26332],[131.52999,32.25745],[131.52534,32.25218]],[[130.88492,33.81608],[130.89027,33.81457],[130.89878,33.81557],[130.90288,33.81506],[130.92268,33.8055],[130.93153,33.80347],[130.9401,33.80395],[130.94456,33.80349],[130.9529,33.79992],[130.96171,33.7979],[130.96683,33.7944]],[[131.45222,33.37808],[131.4557,33.37403],[131.45661,33.37029],[131.45555,33.36774],[131.45237,33.36434],[131.44985,33.3588],[131.44641,33.35576],[131.44628,33.35472],[131.44756,33.35201]],[[131.44756,33.35201],[131.45177,33.35112],[131.45535,33.34856],[131.45768,33.34449],[131.46226,33.33258],[131.46183,33.32774],[131.45631,33.31876],[131.45524,33.31278],[131.45624,33.3083],[131.46207,33.29919],[131.46348,33.29464]],[[131.46348,33.29464],[131.46406,33.28724],[131.4656,33.2835],[131.46967,33.27894],[131.47588,33.2736],[131.48036,33.26812],[131.48468,33.2647],[131.48769,33.25898],[131.48954,33.25705],[131.49222,33.25579],[131.4974,33.25545],[131.49987,33.2546],[131.50424,33.25144],[131.51281,33.24357],[131.51698,33.24077],[131.52116,33.23983],[131.52825,33.23996],[131.53116,33.23889],[131.5343,33.23661],[131.53814,33.23012],[131.54295,33.22645],[131.54804,33.22539],[131.55325,33.22845],[131.56028,33.22983],[131.56245,33.22892],[131.56583,33.22498],[131.57127,33.22414],[131.57419,33.22257]],[[131.57419,33.22257],[131.57973,33.21392],[131.58155,33.20526],[131.58532,33.19935],[131.58871,33.19726],[131.59259,33.19628],[131.59617,33.19635],[131.62788,33.20266],[131.63179,33.20218],[131.63537,33.19988]],[[131.63537,33.19988],[131.63943,33.19756],[131.64338,33.1963],[131.64774,33.19631],[131.65624,33.19781],[131.67035,33.19779],[131.69011,33.1944],[131.70017,33.1942]],[[131.70017,33.1942],[131.70513,33.19258],[131.71027,33.18915],[131.7146,33.185],[131.71731,33.18102],[131.71934,33.1751],[131.7218,33.16416],[131.7224,33.14524],[131.72356,33.14068],[131.7267,33.13387],[131.73126,33.12655],[131.73598,33.1212],[131.73992,33.11782],[131.74775,33.11245],[131.7541,33.10905],[131.75997,33.10669],[131.76748,33.10476],[131.78095,33.10392],[131.80285,33.10714],[131.81131,33.10568],[131.81548,33.10371],[131.83492,33.09124],[131.84101,33.08583],[131.84407,33.08205]],[[131.6164,32.40124],[131.61353,32.4058],[131.60604,32.41414],[131.59988,32.425],[131.59918,32.43032],[131.60064,32.4348],[131.60792,32.4481],[131.61361,32.45591],[131.62044,32.46735],[131.62416,32.47194],[131.63102,32.47861],[131.63632,32.48259],[131.6579,32.49521],[131.66048,32.49811],[131.66167,32.50082]],[[131.41308,32.07346],[131.41011,32.06936],[131.40224,32.06154],[131.3975,32.05411],[131.39636,32.04654],[131.39322,32.03838],[131.39153,32.02422],[131.38803,32.01942],[131.38088,32.01204],[131.37872,32.00879],[131.37683,32.00428],[131.37453,31.99306],[131.36936,31.98311],[131.366,31.97329],[131.35443,31.95322],[131.35347,31.94959],[131.35369,31.94399],[131.35477,31.94036],[131.35743,31.93566]],[[131.35743,31.93566],[131.36482,31.92539],[131.36688,31.92025],[131.36744,31.91624],[131.36419,31.90109],[131.36451,31.89782],[131.36691,31.89103],[131.36706,31.88735],[131.36559,31.8824],[131.36009,31.87156],[131.35724,31.86191],[131.3569,31.85384],[131.35788,31.84859]],[[130.93737,31.67821],[130.93735,31.66152],[130.93613,31.65731],[130.93133,31.64753],[130.93161,31.64285],[130.93472,31.63756],[130.94347,31.62724],[130.94942,31.62127],[130.95459,31.61422],[130.95811,31.6113],[130.96342,31.60812],[130.96671,31.60511],[130.96849,31.60192],[130.96901,31.59946],[130.96886,31.59671],[130.96751,31.59318]],[[130.77916,31.70596],[130.78384,31.70683],[130.78667,31.70851],[130.79239,31.7172],[130.79333,31.7217],[130.79241,31.73559],[130.79317,31.73821],[130.79474,31.74038],[130.79819,31.74254],[130.80464,31.74352],[130.81067,31.7462],[130.81427,31.74697],[130.81759,31.74688],[130.82401,31.74475],[130.83168,31.73952],[130.83602,31.73432],[130.83988,31.72763],[130.84267,31.72504],[130.85091,31.72191],[130.85689,31.71889],[130.86184,31.71813],[130.87027,31.71987],[130.87537,31.71959],[130.88146,31.71685],[130.8886,31.70839],[130.8933,31.70578],[130.90435,31.70455],[130.91147,31.70308],[130.92159,31.70246],[130.93037,31.70043],[130.93382,31.69905],[130.93691,31.69665],[130.93876,31.69275],[130.93885,31.68941],[130.93737,31.67821]],[[130.73346,31.72069],[130.74496,31.71687],[130.75123,31.71196],[130.75425,31.71047],[130.7665,31.70876],[130.77436,31.70625],[130.77916,31.70596]],[[131.49113,32.15582],[131.48833,32.15219],[131.48516,32.1445],[131.48296,32.14104],[131.46647,32.12851],[131.45808,32.11626],[131.44565,32.10601],[131.43707,32.09466],[131.43415,32.09297],[131.42533,32.08969],[131.42222,32.08755],[131.41764,32.08212],[131.41308,32.07346]],[[131.70647,32.66443],[131.71482,32.67053],[131.72727,32.67577],[131.74406,32.67803],[131.75451,32.67725],[131.76043,32.67783]],[[131.49113,32.15582],[131.50006,32.16244],[131.50199,32.16582],[131.50236,32.16909],[131.50158,32.17204],[131.49603,32.18383],[131.4857,32.1988],[131.48463,32.20329],[131.48533,32.20738],[131.48776,32.21123],[131.49575,32.21812],[131.50604,32.23436],[131.51011,32.23958],[131.51494,32.24429],[131.52534,32.25218]],[[131.8905,32.81312],[131.88264,32.80704],[131.87764,32.8021],[131.86703,32.78999],[131.86282,32.78323],[131.86032,32.77671],[131.85899,32.76969],[131.85937,32.75028],[131.8545,32.74132],[131.85236,32.73873],[131.84918,32.73629],[131.82508,32.72666],[131.82168,32.72273],[131.81825,32.71437],[131.816,32.71128]],[[131.35788,31.84859],[131.35904,31.84209],[131.35801,31.83775]],[[130.94933,33.72374],[130.95147,33.71424],[130.95959,33.70484],[130.96559,33.70071],[130.96903,33.69992],[130.97713,33.70013],[130.97977,33.69943],[130.98301,33.69738],[130.98554,33.6937],[130.99285,33.67985],[130.99674,33.67615]],[[130.96751,31.59318],[130.96476,31.59003],[130.95936,31.58562],[130.95572,31.57985],[130.94802,31.57058],[130.94255,31.56085],[130.93297,31.55066],[130.93019,31.54614],[130.92911,31.54184],[130.92887,31.5364],[130.93103,31.51921],[130.93075,31.51509],[130.92681,31.50616],[130.92329,31.49596],[130.9084,31.48274],[130.90008,31.46622],[130.89895,31.46213],[130.89917,31.45817],[130.90043,31.4542],[130.90285,31.45042]],[[131.12569,33.58766],[131.14101,33.57745],[131.14651,33.57266],[131.15341,33.56534],[131.15719,33.56368],[131.16556,33.56247],[131.17193,33.56051],[131.17692,33.55719],[131.18355,33.54983],[131.18817,33.54675],[131.19316,33.54537],[131.20828,33.54445],[131.21212,33.54357],[131.22132,33.53738],[131.23351,33.53269],[131.24189,33.52757],[131.25566,33.52043],[131.26632,33.51834],[131.27659,33.51514],[131.28466,33.5117],[131.29822,33.50467],[131.31054,33.50337],[131.31432,33.50134],[131.3174,33.49785]],[[131.86199,32.97225],[131.86006,32.96824],[131.85709,32.96409],[131.85593,32.95946],[131.85705,32.95465],[131.86512,32.94237],[131.86638,32.93795],[131.86527,32.93201],[131.86176,32.92413],[131.86083,32.92042],[131.86043,32.90663],[131.86101,32.90233],[131.86473,32.89465],[131.86996,32.88881],[131.87616,32.8842],[131.88751,32.87864],[131.8912,32.87503],[131.89277,32.87093],[131.89272,32.86302],[131.89411,32.85698],[131.89592,32.85337],[131.90331,32.8441],[131.90616,32.83645],[131.90628,32.83015],[131.90371,32.82384],[131.8992,32.8191],[131.8905,32.81312]],[[131.84407,33.08205],[131.84693,33.07728],[131.84793,33.07168],[131.84729,33.06714],[131.84389,33.05859],[131.84377,33.05452],[131.84437,33.05218],[131.85127,33.04211],[131.85998,33.03341],[131.86127,33.03117],[131.86461,33.02078],[131.86453,33.01698],[131.86238,33.00761],[131.86313,33.0046],[131.86641,32.99905],[131.86717,32.99494],[131.86419,32.98665],[131.86361,32.97766],[131.86199,32.97225]],[[131.06888,33.6318],[131.0725,33.6303],[131.07527,33.62796],[131.07678,33.62543],[131.07868,33.61907],[131.08208,33.61529],[131.09232,33.61043],[131.10126,33.60275],[131.10461,33.60156],[131.1109,33.60058],[131.11516,33.59869],[131.11737,33.5968],[131.12211,33.59053],[131.12569,33.58766]],[[131.37973,31.68802],[131.3811,31.67357],[131.37937,31.66452],[131.3796,31.6548],[131.38233,31.6434],[131.38277,31.63911],[131.38708,31.62966],[131.38842,31.62215]],[[130.90285,31.45042],[130.90707,31.44718],[130.91358,31.44524],[130.92579,31.44579],[130.93812,31.44425],[130.94179,31.44484],[130.94899,31.44728],[130.9536,31.4479],[130.95832,31.44734],[130.9682,31.44449],[130.97586,31.44459],[130.98404,31.44305],[130.98867,31.44331],[131.01414,31.45135],[131.03689,31.46253],[131.0589,31.46756],[131.07414,31.47446],[131.07716,31.47634],[131.08008,31.4794],[131.08368,31.48724],[131.08365,31.48866],[131.08552,31.49159]],[[131.35801,31.83775],[131.35592,31.83311],[131.3555,31.82934],[131.35603,31.82645],[131.35989,31.81634],[131.36023,31.81338],[131.35959,31.80589],[131.35639,31.79891],[131.35613,31.79459],[131.3575,31.79184],[131.36096,31.78788],[131.36552,31.7809],[131.3817,31.74238],[131.3827,31.73884],[131.38229,31.73214],[131.38102,31.72892],[131.37675,31.72207],[131.37581,31.71796],[131.37868,31.70373],[131.37973,31.68802]]]}},{"type":"Feature","id":"expressway-07a2c6624145","properties":{"id":"expressway-07a2c6624145","label":"天塩防災"},"geometry":{"type":"MultiLineString","coordinates":[[[141.83994,45.01053],[141.84084,45.00791],[141.84014,45.00533],[141.82631,44.98932],[141.82552,44.98667],[141.82638,44.98399]]]}},{"type":"Feature","id":"expressway-086daa35cabc","properties":{"id":"expressway-086daa35cabc","label":"東水戸道路"},"geometry":{"type":"MultiLineString","coordinates":[[[140.48848,36.32972],[140.49565,36.33209],[140.50117,36.33268],[140.51997,36.33061],[140.52801,36.33115],[140.53688,36.33425],[140.54095,36.33681],[140.54423,36.33979]],[[140.54423,36.33979],[140.55294,36.35249],[140.56753,36.36571],[140.57568,36.3748]]]}},{"type":"Feature","id":"expressway-0a6d40182ddd","properties":{"id":"expressway-0a6d40182ddd","label":"名古屋高速6号清須線"},"geometry":{"type":"MultiLineString","coordinates":[[[136.88993,35.17763],[136.89103,35.18873],[136.89046,35.20217],[136.88827,35.20306],[136.87815,35.20321],[136.86808,35.20647],[136.85782,35.21606],[136.85501,35.22165]]]}},{"type":"Feature","id":"expressway-0c18ccdfb5dc","properties":{"id":"expressway-0c18ccdfb5dc","label":"佐々佐世保道路"},"geometry":{"type":"MultiLineString","coordinates":[[[129.64478,33.22697],[129.64986,33.22392],[129.65778,33.22201],[129.66137,33.22016],[129.66422,33.21639],[129.66628,33.20929],[129.67229,33.20253]]]}},{"type":"Feature","id":"expressway-0e86c220ab7e","properties":{"id":"expressway-0e86c220ab7e","label":"名和淀江道路"},"geometry":{"type":"MultiLineString","coordinates":[[[133.50727,35.50145],[133.49715,35.4938],[133.48836,35.48812],[133.47929,35.48357],[133.46545,35.47815]],[[133.46545,35.47815],[133.45752,35.47445],[133.44725,35.46822],[133.44278,35.4648],[133.43897,35.46081]],[[133.55211,35.50809],[133.53676,35.5082],[133.52265,35.50941],[133.5153,35.50717],[133.50727,35.50145]]]}},{"type":"Feature","id":"expressway-11ce75effeb3","properties":{"id":"expressway-11ce75effeb3","label":"横堀道路"},"geometry":{"type":"MultiLineString","coordinates":[[[140.46348,39.06231],[140.45851,39.05854],[140.45459,39.05373],[140.45118,39.05166],[140.44664,39.05084],[140.43449,39.05201],[140.43167,39.05141],[140.42822,39.04941]]]}},{"type":"Feature","id":"expressway-129c3e1a71aa","properties":{"id":"expressway-129c3e1a71aa","label":"九州縦貫自動車道宮崎線"},"geometry":{"type":"MultiLineString","coordinates":[[[131.01789,31.92924],[131.01527,31.9323],[131.01228,31.9342],[131.00102,31.93546],[130.9955,31.93753],[130.99337,31.93961],[130.99131,31.94406],[130.98916,31.94633],[130.97267,31.9583],[130.96739,31.96084],[130.96004,31.96292],[130.95591,31.96505],[130.95304,31.96771],[130.94915,31.9733],[130.94631,31.9762],[130.93481,31.98259],[130.92901,31.98753],[130.92523,31.98905],[130.91593,31.99077],[130.90686,31.99614],[130.89834,31.99714],[130.89461,31.99861],[130.89269,32.00039],[130.89132,32.00348],[130.89231,32.01214],[130.89013,32.01691],[130.88814,32.01868],[130.88129,32.02151],[130.87184,32.02715],[130.8658,32.02892],[130.85616,32.02604],[130.84848,32.02659],[130.84278,32.02857],[130.83398,32.03489],[130.8231,32.03695],[130.81456,32.03659],[130.80568,32.03184],[130.79811,32.03174],[130.80137,32.04995]],[[131.11541,31.78207],[131.10344,31.78365],[131.09549,31.78618],[131.08822,31.79087],[131.08391,31.79609],[131.08038,31.80263],[131.07838,31.80914],[131.0779,31.81392],[131.07837,31.8251],[131.07758,31.82915],[131.07593,31.8332],[131.0699,31.84206],[131.06328,31.84831],[131.05791,31.85793],[131.05495,31.86081],[131.04443,31.86867],[131.04135,31.87253],[131.03969,31.87778],[131.04047,31.88812],[131.0392,31.89337],[131.03562,31.89869],[131.02854,31.90445],[131.02563,31.90853],[131.02487,31.91209],[131.02536,31.92079],[131.02361,31.92407],[131.01789,31.92924]],[[131.41605,31.87049],[131.40922,31.86811],[131.39162,31.86719],[131.38703,31.8661],[131.38284,31.86378],[131.37468,31.85622],[131.37063,31.8535],[131.35529,31.84717],[131.35204,31.8443],[131.34741,31.83855],[131.34266,31.83497],[131.33673,31.83309],[131.32326,31.8324],[131.31829,31.8314],[131.3127,31.82854],[131.30486,31.82231],[131.29958,31.82033],[131.29477,31.81972],[131.28288,31.82051],[131.27293,31.81839],[131.26721,31.81807],[131.25356,31.82168],[131.24833,31.82245],[131.22847,31.82361],[131.22198,31.82278],[131.2189,31.82113],[131.217,31.81895],[131.21424,31.8103],[131.20818,31.80199],[131.20682,31.79625],[131.20343,31.7927],[131.20085,31.78855],[131.19829,31.78695],[131.19244,31.78649],[131.19045,31.78753],[131.18823,31.79038],[131.18659,31.79141],[131.17938,31.79215],[131.17276,31.79513],[131.16675,31.79554],[131.16259,31.79488],[131.15783,31.7932],[131.14716,31.78622],[131.1392,31.78347],[131.12903,31.78184],[131.11541,31.78207]]]}},{"type":"Feature","id":"expressway-1317394f7028","properties":{"id":"expressway-1317394f7028","label":"東関東自動車道水戸線"},"geometry":{"type":"MultiLineString","coordinates":[[[139.85928,35.83625],[139.86892,35.82771],[139.87196,35.82378],[139.87395,35.81936],[139.87773,35.80228]],[[139.94299,35.68449],[139.9542,35.69126],[139.95931,35.69259],[139.96378,35.69189],[139.99002,35.68497],[140.0005,35.67976],[140.00561,35.67246],[140.02254,35.66244],[140.03744,35.65766],[140.05003,35.65116],[140.06347,35.64804],[140.07126,35.64236],[140.07376,35.64162],[140.07714,35.64188],[140.08001,35.64331],[140.09154,35.65268],[140.09752,35.65633],[140.0995,35.65834],[140.10048,35.66033]],[[140.10048,35.66033],[140.10302,35.66357],[140.1098,35.66545],[140.11637,35.67021],[140.1285,35.67309],[140.13846,35.67899],[140.14419,35.68101],[140.15043,35.68187],[140.16131,35.68228],[140.17797,35.68444],[140.19899,35.68228],[140.2094,35.68235],[140.22627,35.686],[140.23897,35.68729],[140.24353,35.68855],[140.24724,35.69025],[140.25838,35.69771],[140.27418,35.70315],[140.28115,35.70716],[140.28689,35.71356],[140.29224,35.72559],[140.29601,35.73106],[140.30011,35.73515],[140.3113,35.74376]],[[140.34459,35.78296],[140.34824,35.78921],[140.35402,35.7958],[140.35866,35.79956],[140.36591,35.80392],[140.37803,35.80852],[140.3965,35.81091],[140.40748,35.81395],[140.41791,35.81887],[140.44287,35.83386],[140.45055,35.83761]],[[140.45055,35.83761],[140.46475,35.84096],[140.48697,35.84244],[140.49645,35.84432],[140.50308,35.8466],[140.51798,35.85431],[140.52374,35.85851],[140.52994,35.86481],[140.53661,35.87372]],[[140.53661,35.87372],[140.54427,35.88409],[140.55599,35.89617],[140.5612,35.90711],[140.56381,35.91082],[140.56737,35.91351],[140.57733,35.91814],[140.58046,35.92098],[140.58912,35.93497],[140.58923,35.93617],[140.58708,35.93745],[140.5871,35.93848]],[[140.41174,36.30419],[140.41139,36.30114],[140.40596,36.29175],[140.40427,36.28583],[140.40379,36.27563],[140.40267,36.26807],[140.40282,36.26416],[140.40436,36.25889],[140.40659,36.25488],[140.41392,36.24605],[140.41902,36.23631],[140.42413,36.23071]],[[140.3113,35.74376],[140.31587,35.74912],[140.3227,35.76137],[140.32711,35.76568],[140.33835,35.7739],[140.34185,35.7781],[140.34459,35.78296]],[[140.42413,36.23071],[140.43651,36.21771],[140.44093,36.214],[140.44813,36.21037],[140.46142,36.20662],[140.46941,36.20174],[140.4743,36.19571],[140.47798,36.18602],[140.48027,36.1821],[140.48701,36.17524],[140.4895,36.17452],[140.49105,36.17102]],[[139.87773,35.80228],[139.87939,35.79184],[139.88132,35.78645],[139.88367,35.78267],[139.89778,35.76506],[139.90357,35.76061],[139.91546,35.75656],[139.91774,35.75464],[139.91949,35.74622],[139.92053,35.73665],[139.91871,35.72735],[139.91612,35.72286],[139.91627,35.72046],[139.92745,35.70484],[139.93447,35.69987],[139.94426,35.6897],[139.94607,35.68636]]]}},{"type":"Feature","id":"expressway-139910c9f09b","properties":{"id":"expressway-139910c9f09b","label":"武雄佐世保道路"},"geometry":{"type":"MultiLineString","coordinates":[[[129.77769,33.14628],[129.78356,33.14943],[129.78611,33.15013],[129.797,33.15124],[129.80724,33.15065],[129.81085,33.15279],[129.81438,33.15833],[129.81849,33.16114],[129.82311,33.16296],[129.83009,33.16313],[129.83753,33.16801],[129.8431,33.16974],[129.84913,33.16965],[129.85418,33.16862],[129.86182,33.16471],[129.86655,33.16024],[129.87746,33.15559],[129.88487,33.15456],[129.89251,33.15622]],[[129.89251,33.15622],[129.8975,33.15664],[129.90233,33.15612],[129.9117,33.15768],[129.92181,33.15651],[129.92593,33.15511],[129.9317,33.15415],[129.93834,33.14913],[129.94227,33.148],[129.94789,33.14749],[129.95349,33.1442],[129.9572,33.14326],[129.96683,33.14465],[129.97284,33.14325],[129.9761,33.1432],[129.9785,33.14384],[129.98456,33.14719],[129.99053,33.14789]],[[129.99053,33.14789],[129.99586,33.14795],[129.99812,33.14731]]]}},{"type":"Feature","id":"expressway-13a4738bdc11","properties":{"id":"expressway-13a4738bdc11","label":"霊山道路"},"geometry":{"type":"MultiLineString","coordinates":[[[140.70752,37.7544],[140.69365,37.75459],[140.66753,37.75154],[140.66419,37.752],[140.65753,37.75472],[140.65372,37.75496],[140.64951,37.7536],[140.64245,37.74791],[140.63777,37.74714],[140.62873,37.75045],[140.61818,37.75751],[140.6151,37.75882],[140.61102,37.75919],[140.60281,37.75795],[140.59804,37.75882],[140.59415,37.76101],[140.59065,37.76527]]]}},{"type":"Feature","id":"expressway-14f977eced2b","properties":{"id":"expressway-14f977eced2b","label":"首都高速中央環状線"},"geometry":{"type":"MultiLineString","coordinates":[[[139.68828,35.68239],[139.68893,35.6807],[139.68782,35.67646],[139.68756,35.6622],[139.69101,35.65747],[139.68964,35.65276]],[[139.70681,35.74118],[139.70015,35.73466],[139.69408,35.72402],[139.68825,35.71794],[139.68294,35.7067],[139.68239,35.70199],[139.68313,35.70083],[139.68293,35.69694],[139.68178,35.68988],[139.68828,35.68239]],[[139.76276,35.76638],[139.75787,35.76414],[139.74698,35.75764],[139.74295,35.7562],[139.7414,35.75307],[139.73789,35.75123],[139.72807,35.74409],[139.7217,35.74858],[139.7128,35.74955],[139.70849,35.75079]],[[139.80712,35.76049],[139.80273,35.76169],[139.79801,35.76205],[139.77969,35.75959],[139.77236,35.75979],[139.76901,35.76061],[139.7658,35.76224],[139.76276,35.76638]],[[139.82093,35.75405],[139.81682,35.75415],[139.8119,35.75815],[139.80712,35.76049]],[[139.82093,35.75091],[139.82093,35.75405]],[[139.8236,35.7444],[139.82101,35.74936],[139.82093,35.75091]],[[139.83346,35.73195],[139.82767,35.73795],[139.8236,35.7444]],[[139.85056,35.64682],[139.85119,35.65648],[139.84915,35.66177],[139.85006,35.67516],[139.85132,35.67867],[139.85704,35.68697],[139.85895,35.6912],[139.8599,35.69594],[139.85955,35.70073],[139.85781,35.70564],[139.85455,35.71043],[139.83346,35.73195]],[[139.68964,35.65276],[139.6897,35.6511],[139.69067,35.6499],[139.69988,35.64369],[139.71175,35.6286],[139.72588,35.62103],[139.73103,35.62038],[139.73409,35.61837],[139.73598,35.61601],[139.73964,35.61581],[139.74999,35.61838],[139.75224,35.61766],[139.75332,35.61587],[139.75292,35.60691],[139.7554,35.60585]]]}},{"type":"Feature","id":"expressway-17a3b366a392","properties":{"id":"expressway-17a3b366a392","label":"象潟仁賀保道路"},"geometry":{"type":"MultiLineString","coordinates":[[[139.93082,39.25299],[139.93856,39.23537],[139.9394,39.22962],[139.93765,39.2242],[139.9294,39.21336],[139.92876,39.21106],[139.92862,39.20485],[139.92465,39.19527]],[[139.97651,39.29512],[139.97242,39.28494],[139.96777,39.28016],[139.96231,39.27775],[139.9442,39.27368],[139.93909,39.27134],[139.93511,39.26826],[139.93215,39.2645],[139.93079,39.26135],[139.93015,39.25675],[139.93082,39.25299]]]}},{"type":"Feature","id":"expressway-1a39b0cceea5","properties":{"id":"expressway-1a39b0cceea5","label":"函館新道"},"geometry":{"type":"MultiLineString","coordinates":[[[140.70627,41.89859],[140.70868,41.89592],[140.71143,41.89048],[140.72112,41.88103],[140.72464,41.87453],[140.72905,41.86984],[140.73154,41.863],[140.73793,41.85532],[140.74014,41.84771],[140.7401,41.84484]],[[140.6707,41.92258],[140.67924,41.92041],[140.684,41.9167],[140.69011,41.91421],[140.69575,41.90808],[140.69989,41.90223],[140.70627,41.89859]]]}},{"type":"Feature","id":"expressway-1b395633a105","properties":{"id":"expressway-1b395633a105","label":"首都高速都心環状線"},"geometry":{"type":"MultiLineString","coordinates":[[[139.77874,35.68408],[139.77267,35.67452]],[[139.77267,35.67452],[139.77249,35.6729]],[[139.77249,35.6729],[139.77162,35.67095],[139.7682,35.66799],[139.76739,35.66645],[139.76197,35.66232]],[[139.76197,35.66232],[139.75949,35.65904],[139.76012,35.65764],[139.76017,35.65261]],[[139.76017,35.65261],[139.75126,35.6536],[139.74746,35.65323]],[[139.74746,35.65323],[139.74568,35.65453],[139.73792,35.65582],[139.73639,35.65828],[139.73818,35.66217],[139.73886,35.66553],[139.73848,35.66663],[139.74367,35.67168],[139.74687,35.67277]],[[139.74687,35.67277],[139.74966,35.67735],[139.74583,35.6798]],[[139.74583,35.6798],[139.74419,35.68307],[139.74535,35.68868],[139.75098,35.68941],[139.75554,35.69131],[139.76066,35.69116],[139.76429,35.68933],[139.76754,35.68869],[139.7695,35.68735],[139.77181,35.68454]],[[139.77181,35.68454],[139.77874,35.68408]],[[139.77267,35.67452],[139.77207,35.67403],[139.77044,35.67455]]]}},{"type":"Feature","id":"expressway-1b4bd5afaef2","properties":{"id":"expressway-1b4bd5afaef2","label":"新宮紀宝道路"},"geometry":{"type":"MultiLineString","coordinates":[[[136.00617,33.74181],[136.00329,33.72773],[136.00381,33.725],[136.00545,33.72272]]]}},{"type":"Feature","id":"expressway-1c9147ead148","properties":{"id":"expressway-1c9147ead148","label":"首都高速神奈川1号横羽線"},"geometry":{"type":"MultiLineString","coordinates":[[[139.74555,35.55182],[139.74138,35.54045],[139.74132,35.53377],[139.73689,35.52665],[139.7255,35.5185],[139.72186,35.51434],[139.71378,35.51143],[139.70182,35.50397]],[[139.70182,35.50397],[139.6907,35.49849],[139.66528,35.48918],[139.66158,35.4888],[139.65821,35.48649],[139.64482,35.48208],[139.64133,35.48005],[139.63676,35.47577]],[[139.63676,35.47577],[139.63492,35.47507],[139.62997,35.4699],[139.62673,35.46867],[139.62523,35.46732]],[[139.62523,35.46732],[139.62384,35.46558],[139.62416,35.45986],[139.62864,35.45437],[139.63275,35.45134],[139.63214,35.44787],[139.63276,35.44689],[139.63609,35.44352],[139.63944,35.44169]],[[139.63944,35.44169],[139.64191,35.44037],[139.64269,35.43851]]]}},{"type":"Feature","id":"expressway-1cb61bc84461","properties":{"id":"expressway-1cb61bc84461","label":"中国横断自動車道姫路鳥取線"},"geometry":{"type":"MultiLineString","coordinates":[[[134.45524,34.93345],[134.45561,34.93131],[134.45721,34.92903],[134.4591,34.9278],[134.46592,34.92563],[134.469,34.92225],[134.47088,34.91852],[134.47478,34.90382],[134.47391,34.90026],[134.47074,34.89551],[134.47054,34.89227],[134.47205,34.88864],[134.47355,34.8798],[134.4745,34.87736],[134.48342,34.86899],[134.4852,34.86572],[134.4855,34.8623],[134.48453,34.8559],[134.48581,34.84211],[134.4873,34.83714],[134.48979,34.83383],[134.49079,34.83025]],[[134.38934,35.0215],[134.38826,35.03028],[134.38261,35.03887],[134.38085,35.04437],[134.37894,35.04809],[134.37502,35.05194],[134.36665,35.05655],[134.36341,35.06202],[134.36131,35.06426],[134.35164,35.06951],[134.34766,35.07299],[134.34254,35.08428],[134.33564,35.09286],[134.33163,35.1031]],[[134.20437,35.39554],[134.20334,35.39091],[134.20492,35.38246],[134.20477,35.37758],[134.20206,35.36554],[134.19895,35.35869],[134.1921,35.3505],[134.18715,35.33844],[134.1832,35.32657],[134.18272,35.32303],[134.18309,35.31758],[134.18515,35.31191],[134.18794,35.30877],[134.19049,35.30697],[134.19957,35.30313],[134.20203,35.30087],[134.20312,35.29876],[134.20467,35.29194],[134.2079,35.28795],[134.2103,35.28651],[134.21459,35.28537],[134.22628,35.28503]],[[134.1972,35.47935],[134.19292,35.46521],[134.19263,35.46079],[134.19835,35.4451],[134.20303,35.4394],[134.20745,35.42523],[134.20583,35.41915],[134.20719,35.41299],[134.2072,35.4091],[134.20533,35.40254],[134.20437,35.39554]],[[134.33163,35.1031],[134.33032,35.10816],[134.33212,35.11725],[134.3319,35.12081],[134.33081,35.12576],[134.32748,35.13439],[134.32681,35.13968],[134.32909,35.15533],[134.33083,35.16252],[134.33358,35.16816],[134.33369,35.1731],[134.33481,35.17866]],[[134.45524,34.93345],[134.4592,34.94554],[134.45971,34.95063],[134.45922,34.95752],[134.46073,34.96142],[134.47133,34.97191],[134.4817,34.97566],[134.48616,34.97929],[134.48849,34.98265],[134.48983,34.98897],[134.49203,34.99182],[134.49484,34.99357],[134.50315,34.99627],[134.50925,35.00031],[134.51226,35.0037],[134.5142,35.00744],[134.51488,35.01043],[134.51427,35.01401]]]}},{"type":"Feature","id":"expressway-1dc3171f61f3","properties":{"id":"expressway-1dc3171f61f3","label":"春日和田山道路・遠阪トンネル"},"geometry":{"type":"MultiLineString","coordinates":[[[135.04534,35.16371],[135.04768,35.16078],[135.04981,35.15933],[135.05318,35.15802],[135.05693,35.15763],[135.06187,35.15869],[135.07909,35.16552],[135.08271,35.16531],[135.09444,35.16173],[135.10101,35.16373],[135.11895,35.16433]],[[134.96901,35.29147],[134.97398,35.29046],[134.97853,35.28676],[134.98398,35.28453],[134.98747,35.27954],[134.99447,35.27317],[134.99886,35.2679],[135.00175,35.26612],[135.00894,35.26331],[135.01194,35.26012],[135.01277,35.25754],[135.01297,35.24449],[135.01447,35.24033],[135.02247,35.23117],[135.03223,35.22454],[135.0346,35.21944],[135.03695,35.20964],[135.04159,35.20265],[135.0426,35.19658],[135.04242,35.19301],[135.0393,35.18604],[135.03654,35.18185],[135.03645,35.18044],[135.03686,35.17892],[135.0396,35.17627],[135.04262,35.1718],[135.04409,35.16601],[135.04534,35.16371]],[[134.90802,35.30289],[134.91533,35.30426],[134.92258,35.303],[134.92686,35.30343],[134.93149,35.30277],[134.95239,35.29658],[134.95575,35.29489],[134.95875,35.29216],[134.96901,35.29147]],[[134.84739,35.31474],[134.85095,35.31215],[134.85786,35.31027],[134.87346,35.3099],[134.8814,35.30582],[134.89162,35.30525],[134.89947,35.30278],[134.90802,35.30289]]]}},{"type":"Feature","id":"expressway-1de001706bf7","properties":{"id":"expressway-1de001706bf7","label":"鰺ヶ沢道路"},"geometry":{"type":"MultiLineString","coordinates":[[[140.2791,40.79194],[140.27191,40.78751],[140.26416,40.78527],[140.25711,40.78164],[140.25311,40.78134],[140.24422,40.78286],[140.23792,40.78174]]]}},{"type":"Feature","id":"expressway-1e35449a927a","properties":{"id":"expressway-1e35449a927a","label":"首都高速神奈川2号三ツ沢線"},"geometry":{"type":"MultiLineString","coordinates":[[[139.6157,35.46866],[139.62523,35.46732]],[[139.6,35.47465],[139.60586,35.47107],[139.61095,35.47098],[139.6157,35.46866]]]}},{"type":"Feature","id":"expressway-1ecbbed73c65","properties":{"id":"expressway-1ecbbed73c65","label":"首都高速埼玉大宮線"},"geometry":{"type":"MultiLineString","coordinates":[[[139.64185,35.82267],[139.62874,35.83844],[139.62113,35.86037],[139.61905,35.87569],[139.61363,35.8887],[139.61166,35.89156]]]}},{"type":"Feature","id":"expressway-1f52dd00ba9f","properties":{"id":"expressway-1f52dd00ba9f","label":"江津道路"},"geometry":{"type":"MultiLineString","coordinates":[[[132.21391,35.00277],[132.21209,35.00192],[132.20942,34.99843],[132.20298,34.99334],[132.20164,34.99085],[132.20041,34.98477],[132.19882,34.981],[132.19229,34.97343],[132.18882,34.97176],[132.17918,34.97105],[132.17245,34.96923],[132.15826,34.96042],[132.15645,34.95774],[132.15531,34.95421],[132.15487,34.94956],[132.15526,34.94176],[132.1538,34.93736],[132.14986,34.93224],[132.13981,34.92179],[132.13536,34.91916],[132.12878,34.91647],[132.12517,34.91394],[132.12311,34.91161],[132.12038,34.9067]]]}},{"type":"Feature","id":"expressway-2010e8ba3a61","properties":{"id":"expressway-2010e8ba3a61","label":"日奈久芦北道路"},"geometry":{"type":"MultiLineString","coordinates":[[[130.51636,32.36735],[130.51357,32.36517],[130.51077,32.36173],[130.50865,32.35609],[130.50897,32.3534],[130.51348,32.34263],[130.51425,32.33674],[130.51256,32.30949],[130.51147,32.30433],[130.50891,32.29765]],[[130.56673,32.42988],[130.56362,32.42475],[130.55753,32.40848],[130.55536,32.40593],[130.54712,32.39977],[130.54217,32.3942],[130.54131,32.39132],[130.54115,32.38468],[130.53856,32.37987],[130.5352,32.37639],[130.53152,32.37391],[130.51636,32.36735]]]}},{"type":"Feature","id":"expressway-2380229438ec","properties":{"id":"expressway-2380229438ec","label":"三陸縦貫自動車道"},"geometry":{"type":"MultiLineString","coordinates":[[[141.57765,38.87158],[141.58173,38.87422],[141.58385,38.87666],[141.58614,38.88339]],[[141.91794,39.6276],[141.91929,39.62574],[141.9228,39.62329],[141.92829,39.62434],[141.92667,39.62814],[141.9225,39.63384],[141.92184,39.63709],[141.92293,39.64096],[141.9273,39.64742],[141.92935,39.65235],[141.92996,39.65533],[141.92977,39.66141],[141.93425,39.67993],[141.93623,39.68344],[141.94403,39.69297],[141.94789,39.70012],[141.95101,39.70285],[141.95872,39.70683],[141.96172,39.71084],[141.9622,39.7149],[141.95866,39.72212],[141.95837,39.7258],[141.96148,39.73464],[141.96159,39.74379],[141.96573,39.75187]],[[141.51014,38.77987],[141.51267,38.78238],[141.5161,38.78812],[141.52082,38.79192]],[[141.58614,38.88339],[141.58719,38.88594],[141.59423,38.89553],[141.59523,38.89787],[141.59507,38.90018],[141.59225,38.90564],[141.59114,38.90966],[141.59108,38.91458],[141.59212,38.91791],[141.5946,38.92082],[141.59872,38.9234],[141.60312,38.92576],[141.61563,38.93075],[141.6168,38.93186]]]}},{"type":"Feature","id":"expressway-239fbc185181","properties":{"id":"expressway-239fbc185181","label":"首都高速1号上野線"},"geometry":{"type":"MultiLineString","coordinates":[[[139.77509,35.69358],[139.77488,35.69141],[139.77702,35.68489],[139.77874,35.68408]],[[139.77636,35.70837],[139.77509,35.69358]],[[139.78393,35.71981],[139.77833,35.71243],[139.77686,35.71137],[139.77636,35.70837]]]}},{"type":"Feature","id":"expressway-24fa44f5a858","properties":{"id":"expressway-24fa44f5a858","label":"首都高速11号台場線"},"geometry":{"type":"MultiLineString","coordinates":[[[139.78406,35.63098],[139.78018,35.63522],[139.77806,35.63637],[139.77557,35.63647],[139.76889,35.63485],[139.75872,35.63815],[139.75797,35.63917],[139.75734,35.64696]]]}},{"type":"Feature","id":"expressway-265e7cbc2bc4","properties":{"id":"expressway-265e7cbc2bc4","label":"仙台北部道路"},"geometry":{"type":"MultiLineString","coordinates":[[[140.95376,38.35323],[140.95478,38.34422],[140.95778,38.33864],[140.95941,38.33131],[140.96102,38.32883],[140.96582,38.32395],[140.96891,38.31733],[140.97128,38.31522],[140.97561,38.31298],[140.97716,38.3107]],[[140.88746,38.37425],[140.89406,38.37163],[140.90352,38.37147],[140.90889,38.37045],[140.92105,38.36459],[140.92486,38.36344],[140.93899,38.36272],[140.9443,38.36178],[140.94922,38.35937],[140.9522,38.35614],[140.95376,38.35323]],[[140.88746,38.37425],[140.88303,38.37827],[140.87994,38.38521],[140.8776,38.38725]]]}},{"type":"Feature","id":"expressway-286690a53f45","properties":{"id":"expressway-286690a53f45","label":"北陸自動車道"},"geometry":{"type":"MultiLineString","coordinates":[[[139.13049,37.90806],[139.12534,37.90508],[139.11736,37.89852],[139.10532,37.89191],[139.09417,37.88843],[139.08325,37.88148],[139.07624,37.87887]],[[139.07624,37.87887],[139.02887,37.86976],[139.0228,37.86991],[139.01298,37.87244],[139.01042,37.87256],[139.00668,37.87056],[139.0052,37.86772]],[[139.0052,37.86772],[139.00198,37.84378],[138.99935,37.83682],[138.99388,37.83013],[138.98086,37.82122],[138.97536,37.81548],[138.9722,37.80967],[138.95913,37.7793],[138.95654,37.77562],[138.94554,37.76398],[138.94195,37.7567],[138.93774,37.73707],[138.93736,37.73092],[138.94443,37.67049],[138.94339,37.66115],[138.93985,37.65194],[138.92915,37.63707],[138.92512,37.62415],[138.92144,37.61782],[138.91356,37.6093],[138.89937,37.59806],[138.8937,37.5906],[138.89029,37.58304],[138.88767,37.57184],[138.88548,37.56625],[138.88246,37.56174],[138.87474,37.55315],[138.87214,37.54832],[138.87117,37.54473],[138.86997,37.5308],[138.86789,37.52513],[138.86505,37.52065],[138.8588,37.51437],[138.83186,37.49549],[138.82752,37.49049],[138.82022,37.4788],[138.81565,37.47417],[138.8107,37.47118],[138.79842,37.46615],[138.79477,37.4634],[138.79207,37.4601]],[[138.79207,37.4601],[138.78562,37.4621],[138.77637,37.46205],[138.76859,37.46028],[138.75754,37.45584],[138.74651,37.45373],[138.74238,37.45081],[138.73993,37.4447],[138.73662,37.44116],[138.72121,37.43459],[138.71816,37.43455],[138.71262,37.43584],[138.70617,37.43473],[138.70228,37.43501],[138.69659,37.43746],[138.68546,37.44437],[138.67915,37.44617],[138.67424,37.44631],[138.66793,37.44541],[138.66274,37.44358],[138.65848,37.44103]],[[138.65848,37.44103],[138.65386,37.43682],[138.64744,37.42839],[138.6383,37.4196],[138.62632,37.40076],[138.62012,37.39336],[138.60659,37.3804],[138.5991,37.36697],[138.59291,37.36047]],[[138.59291,37.36047],[138.57919,37.34962],[138.57316,37.34592],[138.56403,37.34174],[138.5535,37.33878],[138.54196,37.33761],[138.53632,37.33805],[138.52828,37.3398],[138.52053,37.33977],[138.51743,37.3411],[138.51046,37.34681],[138.50734,37.348],[138.50313,37.34853],[138.49941,37.3481],[138.49382,37.34618],[138.48543,37.34067],[138.47685,37.33783]],[[138.47685,37.33783],[138.47163,37.33405],[138.46211,37.33034],[138.46046,37.32817],[138.45832,37.32294],[138.45357,37.31875],[138.43047,37.31312],[138.42096,37.30662],[138.41776,37.30268],[138.41632,37.29598],[138.41513,37.29341],[138.40898,37.28834],[138.40352,37.27864],[138.39918,37.27348],[138.39428,37.26946],[138.3892,37.26648],[138.37593,37.26141],[138.37003,37.25828],[138.34976,37.2417],[138.34754,37.2391],[138.34471,37.23151],[138.34239,37.22848],[138.32315,37.21514],[138.31483,37.20693],[138.31063,37.20079],[138.30269,37.18508],[138.29553,37.17594],[138.28886,37.16977],[138.27353,37.15796],[138.26193,37.15071]],[[138.26193,37.15071],[138.25231,37.14625],[138.24501,37.14375],[138.23302,37.14135],[138.21519,37.14002],[138.2098,37.1411],[138.19418,37.1463],[138.14685,37.14961],[138.14193,37.15204],[138.13472,37.15803],[138.12227,37.16176],[138.11315,37.16645]],[[138.11315,37.16645],[138.10625,37.16756],[138.09968,37.16597],[138.09625,37.16408],[138.09002,37.15821],[138.07724,37.1524],[138.0715,37.14842],[138.06125,37.13863],[138.05245,37.11512],[138.0497,37.11134],[138.04441,37.10726],[138.04054,37.10526],[138.03242,37.10282],[137.99837,37.09559],[137.98704,37.09078]],[[137.98704,37.09078],[137.97711,37.08687],[137.97201,37.08564],[137.96767,37.08528],[137.95771,37.08588],[137.95311,37.08487],[137.94633,37.07985],[137.92209,37.0517],[137.91717,37.04935],[137.90556,37.04535],[137.89291,37.03857],[137.86751,37.03244],[137.85822,37.0288],[137.85249,37.02751]],[[137.85249,37.02751],[137.84691,37.02569],[137.83835,37.01965],[137.83115,37.0169],[137.8272,37.01635],[137.81076,37.01637],[137.79608,37.01797],[137.78093,37.01749],[137.77577,37.01635],[137.74855,37.00707],[137.73784,37.00766],[137.73543,37.00682],[137.73125,37.00362],[137.72153,37.00084]],[[137.72153,37.00084],[137.7108,36.99835],[137.70548,36.99383],[137.70226,36.992],[137.69188,36.98936],[137.6824,36.98857],[137.67454,36.98644],[137.66065,36.97925],[137.64323,36.97276],[137.63384,36.97188],[137.61552,36.97343],[137.60767,36.97263]],[[137.60767,36.97263],[137.60433,36.97144],[137.59639,36.96658],[137.58608,36.96174],[137.57209,36.9516],[137.55013,36.93995]],[[137.55013,36.93995],[137.53092,36.92945],[137.51599,36.91854],[137.50747,36.91074],[137.5016,36.9042],[137.48534,36.87953],[137.48145,36.87492],[137.47347,36.86928],[137.46789,36.8625],[137.46529,36.86025],[137.46126,36.85832],[137.4535,36.85617],[137.44912,36.85311],[137.44717,36.84994],[137.44459,36.84146],[137.43671,36.83268],[137.43209,36.82124],[137.42343,36.80992],[137.42184,36.80579],[137.42004,36.7971],[137.41725,36.79146],[137.39549,36.76614],[137.38728,36.75442],[137.37902,36.74097]],[[137.37902,36.74097],[137.37442,36.73539],[137.3683,36.7302],[137.36133,36.72599],[137.34877,36.71998],[137.34181,36.71446],[137.33613,36.70702],[137.33046,36.69317],[137.32669,36.68707],[137.31968,36.68012],[137.31197,36.67518],[137.29923,36.67034],[137.27631,36.66632],[137.2685,36.66431],[137.26252,36.66085],[137.25137,36.65143],[137.24489,36.64821],[137.24081,36.647],[137.2325,36.64617],[137.22456,36.64713],[137.21439,36.65041],[137.20604,36.65512]],[[137.20604,36.65512],[137.19985,36.65906],[137.18621,36.66566],[137.17658,36.67174],[137.16368,36.67621],[137.15043,36.6818],[137.14321,36.6827],[137.12866,36.68001],[137.11664,36.68054],[137.10915,36.68228],[137.10148,36.6852],[137.09821,36.68767],[137.09541,36.6912],[137.09353,36.69225],[137.08639,36.69257],[137.08077,36.69082]],[[137.08077,36.69082],[137.07571,36.68974],[137.06826,36.69017],[137.06457,36.68964],[137.05905,36.68727],[137.05217,36.68198],[137.04506,36.68142],[137.04083,36.67987],[137.03665,36.67673],[137.02952,36.66805],[137.02433,36.66397],[137.01638,36.66009],[136.99365,36.65334],[136.98594,36.64988],[136.97871,36.64487],[136.96117,36.62767],[136.95694,36.6251],[136.95199,36.62346]],[[136.95199,36.62346],[136.94335,36.6228],[136.93667,36.62341],[136.91219,36.6297],[136.89703,36.63211],[136.88973,36.63152],[136.87961,36.62792],[136.87436,36.62677],[136.86708,36.6271],[136.85179,36.63003],[136.84503,36.63018],[136.84072,36.62896],[136.83446,36.62523],[136.82833,36.62259],[136.82136,36.61656],[136.81361,36.61284],[136.80889,36.60879],[136.80471,36.60719],[136.8002,36.60419],[136.79777,36.60368],[136.78992,36.60411],[136.78173,36.60007],[136.76445,36.59609],[136.75548,36.59722],[136.74897,36.59707],[136.74348,36.59822],[136.73658,36.59781],[136.73391,36.59882],[136.72975,36.60168],[136.72422,36.60317],[136.71712,36.6062],[136.71024,36.60599],[136.70078,36.60815],[136.69464,36.60878],[136.68545,36.60874],[136.67596,36.60755]],[[136.67596,36.60755],[136.66869,36.6058],[136.65677,36.60074],[136.64161,36.59694],[136.63315,36.59302],[136.62634,36.58791],[136.61827,36.57995],[136.60467,36.57082],[136.59648,36.56329]],[[136.59648,36.56329],[136.58936,36.55792],[136.58021,36.55319],[136.57096,36.55022],[136.55299,36.54729],[136.54596,36.54534],[136.53598,36.54074],[136.52904,36.53583],[136.49454,36.50114],[136.48322,36.4918],[136.47931,36.48774],[136.47326,36.47919],[136.46581,36.47021],[136.43545,36.4367],[136.43379,36.43346],[136.43033,36.42223]],[[136.43033,36.42223],[136.42641,36.41599],[136.42164,36.41168],[136.41675,36.40864],[136.405,36.40427],[136.39938,36.4013],[136.38896,36.39284],[136.36654,36.37769],[136.35062,36.36565],[136.32446,36.35399],[136.32263,36.35213],[136.32182,36.35021],[136.3222,36.34287],[136.3207,36.3392],[136.31354,36.33396],[136.31142,36.33024],[136.30663,36.32628],[136.30464,36.32206],[136.30303,36.32042],[136.29601,36.31648],[136.2915,36.31496],[136.28908,36.31302],[136.28669,36.3099],[136.28545,36.30721],[136.28547,36.30467],[136.28692,36.3029],[136.29184,36.30007],[136.29236,36.29839],[136.29203,36.29629],[136.29032,36.2936],[136.28735,36.29156],[136.28151,36.29026],[136.27937,36.28921],[136.27705,36.28562],[136.2775,36.28321],[136.28072,36.27847],[136.28044,36.27633],[136.27861,36.27255],[136.2786,36.26926],[136.28327,36.26221],[136.28256,36.25662],[136.28539,36.24764],[136.28482,36.24483],[136.2802,36.23806],[136.28062,36.23329],[136.27994,36.22786],[136.2829,36.21957],[136.28375,36.20887],[136.28751,36.19535],[136.28919,36.1924],[136.2946,36.18597],[136.29587,36.18288],[136.2962,36.17978],[136.29538,36.17283],[136.29249,36.16379],[136.2912,36.15342],[136.28919,36.14893],[136.28496,36.14511]],[[136.28496,36.14511],[136.27946,36.14011],[136.27791,36.13714],[136.27723,36.13403],[136.27744,36.1295],[136.28064,36.11912],[136.28169,36.11353],[136.28143,36.10892],[136.27819,36.09555],[136.27897,36.0838],[136.27787,36.07647],[136.27575,36.07015],[136.26239,36.04166],[136.25985,36.03791],[136.25487,36.03346]],[[136.25487,36.03346],[136.2378,36.02515],[136.23193,36.021],[136.22924,36.01785],[136.22287,36.00784],[136.21427,36.00031],[136.20677,35.98989],[136.20352,35.98267],[136.20231,35.97758],[136.20418,35.96927],[136.20436,35.96548],[136.20122,35.94863],[136.20144,35.9166],[136.20272,35.90102]],[[136.20272,35.90102],[136.205,35.8938],[136.20534,35.89069],[136.20186,35.87779],[136.20132,35.87325],[136.19786,35.8692],[136.18935,35.86351],[136.18774,35.86131],[136.18714,35.85878],[136.18873,35.8541],[136.19308,35.84827],[136.19913,35.83334],[136.20301,35.82568],[136.20394,35.82135],[136.20371,35.81661],[136.20319,35.81419],[136.2016,35.81202],[136.1947,35.80769],[136.19242,35.80542],[136.19104,35.80259],[136.19071,35.80006]],[[136.19071,35.80006],[136.19201,35.79424],[136.19138,35.79089],[136.18919,35.78905],[136.18313,35.78811],[136.17933,35.78565],[136.16111,35.75967],[136.1594,35.75892],[136.15522,35.7591],[136.15374,35.75854],[136.15064,35.75475],[136.14596,35.75148],[136.11507,35.73604],[136.1076,35.72868],[136.10696,35.72575],[136.10809,35.72096],[136.11097,35.7175],[136.11251,35.7145],[136.11383,35.70953],[136.11409,35.70564],[136.11211,35.69892],[136.1092,35.69403],[136.10958,35.68743],[136.10808,35.68223],[136.09975,35.67017],[136.09775,35.66564],[136.09753,35.66277],[136.09891,35.65925],[136.09565,35.65178],[136.09572,35.64557]],[[136.09572,35.64557],[136.09263,35.63595],[136.09323,35.6323],[136.09442,35.63023],[136.10067,35.62259],[136.10289,35.6212],[136.11282,35.61767],[136.12426,35.60594],[136.12837,35.60462],[136.13627,35.60359],[136.14464,35.6048],[136.15017,35.60306],[136.15985,35.60384],[136.16633,35.60667],[136.17091,35.60684],[136.17963,35.60341],[136.18142,35.60165],[136.18313,35.59733],[136.18572,35.59431],[136.18769,35.58762],[136.1918,35.57938],[136.19337,35.57227],[136.1969,35.56544],[136.19965,35.55824],[136.20544,35.54807],[136.2093,35.5441],[136.21071,35.5375],[136.2138,35.53058],[136.21643,35.5266],[136.21701,35.52138],[136.21876,35.51535],[136.21669,35.50687],[136.21747,35.50099],[136.22023,35.49339],[136.22789,35.47992],[136.23178,35.46745],[136.236,35.46239],[136.24768,35.45411],[136.25157,35.4527],[136.25955,35.45107],[136.2659,35.44797],[136.26806,35.44517],[136.2699,35.43921],[136.27212,35.43484],[136.28388,35.41951],[136.28789,35.41111],[136.29232,35.40402],[136.29456,35.39354],[136.29972,35.38367],[136.30317,35.37449],[136.30713,35.36006],[136.30743,35.35199],[136.31163,35.34502],[136.31223,35.33554],[136.3132,35.33172],[136.31944,35.32393],[136.32141,35.31737]],[[138.79207,37.4601],[138.78938,37.45421],[138.78815,37.44611]],[[136.1246,35.60578],[136.12817,35.60405],[136.13677,35.60223],[136.1397,35.60258],[136.1429,35.6044],[136.14586,35.60442]],[[136.12431,35.74065],[136.11403,35.7314],[136.11255,35.72866],[136.11165,35.72493],[136.11197,35.7195],[136.11476,35.70864],[136.11532,35.7008],[136.11609,35.69918],[136.12017,35.69492],[136.12098,35.6931],[136.12037,35.69007],[136.11557,35.68376],[136.11547,35.68109],[136.11766,35.67712],[136.11618,35.67189],[136.11643,35.66808],[136.1139,35.66441],[136.11246,35.66355],[136.10978,35.66285],[136.10275,35.66259],[136.1001,35.66105],[136.09891,35.65925]],[[139.01495,37.8771],[139.0117,37.8737],[139.00634,37.87009],[139.00492,37.86664],[139.00417,37.86084]]]}},{"type":"Feature","id":"expressway-28953a396664","properties":{"id":"expressway-28953a396664","label":"阪神高速3号神戸線"},"geometry":{"type":"MultiLineString","coordinates":[[[135.35499,34.72653],[135.35923,34.72371],[135.37022,34.71904],[135.38682,34.71504],[135.39058,34.71484],[135.40316,34.71709],[135.42758,34.71197],[135.43052,34.71067],[135.43302,34.7083],[135.43491,34.70755],[135.43636,34.70752],[135.44218,34.70949],[135.44714,34.70906],[135.45756,34.70451],[135.46603,34.69521],[135.47523,34.69383],[135.48093,34.68792],[135.48491,34.68497],[135.48637,34.68121]],[[135.20376,34.69332],[135.20545,34.69534],[135.2092,34.69796],[135.21782,34.70197],[135.2281,34.70318],[135.23098,34.70523],[135.24376,34.71018],[135.25819,34.71113],[135.26782,34.71107],[135.27372,34.7122],[135.3009,34.72461],[135.31033,34.72772],[135.31666,34.73069],[135.32545,34.73313],[135.33333,34.73383],[135.34433,34.73313],[135.34729,34.73186],[135.35499,34.72653]],[[135.19482,34.68545],[135.19892,34.68648],[135.20376,34.69332]],[[135.16923,34.66841],[135.17681,34.67281],[135.17893,34.6783],[135.18455,34.68483],[135.18672,34.68547],[135.19482,34.68545]],[[135.13366,34.64667],[135.14967,34.65709],[135.1539,34.65859],[135.16923,34.66841]],[[135.12209,34.65223],[135.12989,34.65001],[135.132,34.64699],[135.13366,34.64667]]]}},{"type":"Feature","id":"expressway-2938231c2a87","properties":{"id":"expressway-2938231c2a87","label":"天城北道路"},"geometry":{"type":"MultiLineString","coordinates":[[[138.9374,34.97633],[138.93722,34.96499],[138.93781,34.96266],[138.93961,34.96093]],[[138.93961,34.96093],[138.94565,34.95855],[138.94676,34.95702],[138.94676,34.9549],[138.94064,34.93247],[138.93894,34.92849],[138.93431,34.9223],[138.93245,34.92199],[138.9302,34.92277]]]}},{"type":"Feature","id":"expressway-2d4e94cc5a61","properties":{"id":"expressway-2d4e94cc5a61","label":"伊万里松浦道路"},"geometry":{"type":"MultiLineString","coordinates":[[[129.76588,33.34909],[129.77404,33.34654],[129.78177,33.343],[129.78713,33.33839],[129.78871,33.33531],[129.79083,33.3332],[129.79869,33.33112],[129.80409,33.32779],[129.80562,33.3261],[129.806,33.32465],[129.80487,33.31895]],[[129.73944,33.35423],[129.74213,33.35502],[129.74522,33.35489],[129.76065,33.35146],[129.76588,33.34909]],[[129.73944,33.35423],[129.73059,33.34858],[129.71783,33.3479]]]}},{"type":"Feature","id":"expressway-2ddcb36ca19b","properties":{"id":"expressway-2ddcb36ca19b","label":"沼田幌糠道路"},"geometry":{"type":"MultiLineString","coordinates":[[[141.90417,43.80017],[141.87838,43.79779],[141.87152,43.79813],[141.86378,43.79995],[141.85942,43.80192],[141.8552,43.80502],[141.84366,43.82011],[141.8365,43.82626]],[[141.8365,43.82626],[141.83231,43.83067],[141.82924,43.83833],[141.82725,43.84146],[141.82338,43.84474],[141.81723,43.84736],[141.81038,43.84826],[141.80117,43.84757],[141.78583,43.8479],[141.78162,43.84674],[141.77486,43.84324],[141.76879,43.84235],[141.76208,43.84402],[141.75935,43.84592],[141.75732,43.84876]]]}},{"type":"Feature","id":"expressway-2ecdc14aee88","properties":{"id":"expressway-2ecdc14aee88","label":"主寝坂道路"},"geometry":{"type":"MultiLineString","coordinates":[[[140.32526,38.91582],[140.32546,38.91789],[140.32861,38.92111],[140.33179,38.92279],[140.3394,38.9249],[140.34352,38.92795],[140.34602,38.93132],[140.34887,38.9374],[140.35277,38.94212],[140.3543,38.94592]],[[140.3543,38.94592],[140.36026,38.95453],[140.36172,38.95797],[140.36435,38.97936],[140.36393,38.98049],[140.3619,38.98198]]]}},{"type":"Feature","id":"expressway-2f5c0c49d2d7","properties":{"id":"expressway-2f5c0c49d2d7","label":"鷹巣大舘道路"},"geometry":{"type":"MultiLineString","coordinates":[[[140.37316,40.1987],[140.38615,40.19927],[140.39611,40.20201]]]}},{"type":"Feature","id":"expressway-31cf5f5f7c7e","properties":{"id":"expressway-31cf5f5f7c7e","label":"出水阿久根道路"},"geometry":{"type":"MultiLineString","coordinates":[[[130.22459,32.02631],[130.22765,32.03296],[130.22903,32.03861],[130.23098,32.04313],[130.23081,32.04537],[130.22841,32.05099],[130.22835,32.05527],[130.2299,32.05902],[130.23255,32.06197]],[[130.23255,32.06197],[130.23693,32.06536],[130.24316,32.06846],[130.25193,32.06923],[130.2709,32.07566]],[[130.2709,32.07566],[130.28676,32.07954],[130.29373,32.08279],[130.29906,32.08444]],[[130.29906,32.08444],[130.3114,32.09154],[130.32142,32.1001],[130.33165,32.10506]]]}},{"type":"Feature","id":"expressway-321bc5f87bf3","properties":{"id":"expressway-321bc5f87bf3","label":"矢本石巻道路"},"geometry":{"type":"MultiLineString","coordinates":[[[141.28,38.46139],[141.28742,38.46876],[141.28987,38.47198],[141.29223,38.4774],[141.29244,38.48282],[141.28643,38.50267],[141.28835,38.51761],[141.28759,38.52415],[141.28388,38.53182],[141.27572,38.54093],[141.27138,38.54828],[141.27021,38.55485],[141.27106,38.56186]],[[141.13698,38.41167],[141.15056,38.42203],[141.15503,38.42414],[141.17332,38.42673],[141.18347,38.42538],[141.1886,38.42572],[141.20133,38.43064],[141.23276,38.43957],[141.26297,38.44313],[141.26731,38.44567],[141.27353,38.45478],[141.28,38.46139]]]}},{"type":"Feature","id":"expressway-324c7606f322","properties":{"id":"expressway-324c7606f322","label":"阪神高速1号環状線"},"geometry":{"type":"MultiLineString","coordinates":[[[135.49804,34.66719],[135.49695,34.66911],[135.49803,34.68168],[135.49755,34.69194]],[[135.49755,34.69194],[135.49784,34.69463],[135.49963,34.6951],[135.5043,34.69474],[135.50889,34.69289],[135.50961,34.69193]],[[135.50961,34.69193],[135.50989,34.68333],[135.51055,34.68181]],[[135.51055,34.68181],[135.51057,34.67042]],[[135.51057,34.67042],[135.50995,34.66288],[135.50844,34.65494],[135.50099,34.65628],[135.50033,34.65884],[135.501,34.6629],[135.49804,34.66719]]]}},{"type":"Feature","id":"expressway-325ed9400bdb","properties":{"id":"expressway-325ed9400bdb","label":"今治小松道路"},"geometry":{"type":"MultiLineString","coordinates":[[[133.07343,33.91806],[133.07442,33.92115],[133.07439,33.92482],[133.06948,33.93553],[133.06893,33.94103],[133.06913,33.9499],[133.06847,33.95299],[133.06199,33.96736],[133.06004,33.9761],[133.05779,33.97881],[133.05245,33.98318],[133.04953,33.98925],[133.04603,33.99272],[133.04641,33.99424]],[[133.08902,33.88285],[133.08553,33.89034],[133.07911,33.89635],[133.07635,33.90049],[133.07288,33.9115],[133.07268,33.91463],[133.07343,33.91806]]]}},{"type":"Feature","id":"expressway-32fe39a3b7fd","properties":{"id":"expressway-32fe39a3b7fd","label":"東北縦貫自動車道八戸線　百石道路"},"geometry":{"type":"MultiLineString","coordinates":[[[141.43255,40.55713],[141.43694,40.56952],[141.43697,40.5743],[141.43596,40.58031],[141.43389,40.58351],[141.428,40.58873],[141.42216,40.60083]]]}},{"type":"Feature","id":"expressway-3313e1abd0b9","properties":{"id":"expressway-3313e1abd0b9","label":"中国横断自動車道広島・浜田線"},"geometry":{"type":"MultiLineString","coordinates":[[[132.45182,34.55032],[132.45134,34.54379],[132.44832,34.53975],[132.44422,34.53599],[132.43549,34.53031],[132.43199,34.52733],[132.42796,34.52245],[132.42691,34.5184],[132.42558,34.51646],[132.41929,34.51317],[132.41054,34.50602],[132.40582,34.49982],[132.39986,34.49602],[132.39791,34.4941],[132.39665,34.49175],[132.3951,34.48515],[132.38973,34.47701],[132.38902,34.47351],[132.38947,34.47144],[132.39098,34.46951],[132.39447,34.4672],[132.39657,34.46262],[132.40023,34.4596],[132.40179,34.45383],[132.40377,34.45235],[132.41235,34.44916]],[[132.52566,34.66096],[132.52304,34.65693],[132.51745,34.65164],[132.5167,34.64918],[132.51714,34.64314],[132.51449,34.63838],[132.51352,34.63237],[132.50963,34.62524],[132.50473,34.61943],[132.50178,34.61306],[132.49825,34.60833],[132.49515,34.60268],[132.48738,34.59576],[132.48484,34.59011],[132.48319,34.58839],[132.47648,34.58576],[132.47199,34.58273],[132.46058,34.57733],[132.45736,34.57459],[132.45636,34.57239],[132.45576,34.56671],[132.45031,34.55921],[132.45182,34.55032]],[[132.26181,34.87278],[132.26728,34.87183],[132.27432,34.86685],[132.27926,34.86527],[132.2836,34.8653],[132.29339,34.86766],[132.29867,34.86732],[132.30115,34.8657],[132.30454,34.86165],[132.30647,34.8606],[132.31719,34.85834],[132.32896,34.85189],[132.33947,34.85024],[132.34541,34.84829],[132.34991,34.84412],[132.35603,34.84091],[132.36056,34.8367],[132.36694,34.83391],[132.37143,34.83398],[132.37586,34.83568],[132.38024,34.83601],[132.38789,34.83832],[132.39371,34.83762],[132.39551,34.83648],[132.39944,34.83111],[132.40191,34.82098],[132.40392,34.81765],[132.40531,34.81298],[132.40834,34.80971],[132.43425,34.79589],[132.43919,34.79084],[132.4414,34.78711],[132.44912,34.782],[132.45422,34.78012],[132.46346,34.77984],[132.46694,34.77823],[132.47288,34.77369],[132.47951,34.76375],[132.48198,34.76178],[132.48547,34.76035],[132.49274,34.75903],[132.4961,34.75704],[132.49842,34.7538],[132.49928,34.74735],[132.50316,34.7421],[132.50353,34.73653],[132.50948,34.73119],[132.51113,34.72839],[132.51138,34.72412],[132.50877,34.71746],[132.50947,34.70128],[132.51207,34.69491],[132.51291,34.68681],[132.51948,34.67707],[132.51991,34.67299],[132.51939,34.66814],[132.51994,34.66574],[132.52208,34.66301],[132.52566,34.66096]],[[132.12038,34.9067],[132.12415,34.90364],[132.12816,34.89733],[132.13004,34.8961],[132.13332,34.8952],[132.13697,34.8953],[132.1443,34.89721],[132.15623,34.90176],[132.16057,34.90195],[132.16467,34.90111],[132.18216,34.89375],[132.18508,34.89106],[132.18821,34.885],[132.19024,34.88358],[132.19251,34.88295],[132.19503,34.88307],[132.20225,34.88567],[132.20954,34.88695],[132.21303,34.88859],[132.2194,34.8937],[132.22321,34.89461],[132.22589,34.89426],[132.22964,34.89234],[132.2337,34.88857],[132.23827,34.88052],[132.24056,34.87833],[132.24452,34.87706],[132.25236,34.87711],[132.2579,34.87366],[132.26181,34.87278]]]}},{"type":"Feature","id":"expressway-337889624945","properties":{"id":"expressway-337889624945","label":"美幌バイパス"},"geometry":{"type":"MultiLineString","coordinates":[[[144.08384,43.85546],[144.08557,43.85575],[144.09505,43.85307],[144.10429,43.85278],[144.12338,43.84743]],[[144.12338,43.84743],[144.12851,43.84724],[144.13418,43.84823],[144.13847,43.85003],[144.14242,43.85302],[144.14428,43.85567],[144.14963,43.867],[144.15063,43.871],[144.15127,43.87828],[144.15406,43.88245],[144.15691,43.88287]]]}},{"type":"Feature","id":"expressway-33f1b0bf0b0f","properties":{"id":"expressway-33f1b0bf0b0f","label":"首都高速神奈川5号大黒線"},"geometry":{"type":"MultiLineString","coordinates":[[[139.67897,35.46175],[139.67792,35.46352],[139.67525,35.4744],[139.67505,35.47824],[139.67583,35.48382],[139.67092,35.49146]]]}},{"type":"Feature","id":"expressway-34040ec47d18","properties":{"id":"expressway-34040ec47d18","label":"上越白滝道路"},"geometry":{"type":"MultiLineString","coordinates":[[[143.19754,43.88675],[143.18791,43.88292],[143.1732,43.87443],[143.16899,43.87312],[143.15865,43.87133],[143.14944,43.87112],[143.12655,43.87448],[143.11356,43.87774],[143.1051,43.87826],[143.09985,43.87741],[143.07871,43.87097],[143.06412,43.8679],[143.05662,43.86727],[143.04832,43.86848],[143.00516,43.88281],[142.9938,43.8859],[142.97663,43.88843],[142.97109,43.88773],[142.96712,43.88636]]]}},{"type":"Feature","id":"expressway-3445d1ee49e8","properties":{"id":"expressway-3445d1ee49e8","label":"唐桑高田道路"},"geometry":{"type":"MultiLineString","coordinates":[[[141.62831,39.03113],[141.62128,39.02945],[141.61444,39.02641],[141.61037,39.02338],[141.60845,39.02005],[141.60816,39.01675],[141.60917,39.01262],[141.61421,39.00193],[141.6149,38.99921],[141.61462,38.99623],[141.61232,38.98993],[141.61289,38.98586]],[[141.61289,38.98586],[141.6146,38.98319],[141.62166,38.97716],[141.62375,38.97425],[141.62447,38.97134],[141.62461,38.96142],[141.62804,38.95324]]]}},{"type":"Feature","id":"expressway-35df7af3206c","properties":{"id":"expressway-35df7af3206c","label":"阪神高速5号湾岸線"},"geometry":{"type":"MultiLineString","coordinates":[[[135.40993,34.69162],[135.41195,34.68917],[135.42257,34.66579],[135.42893,34.6625],[135.43577,34.65662],[135.44074,34.65389]],[[135.41979,34.66676],[135.4216,34.6674]],[[135.2728,34.69516],[135.27401,34.70455],[135.27515,34.70638],[135.27703,34.7075],[135.28581,34.70865],[135.32473,34.71627],[135.33092,34.71686],[135.3347,34.71628],[135.34437,34.71321],[135.3635,34.69768],[135.37199,34.6966],[135.38221,34.69663],[135.38804,34.6952],[135.39451,34.69751],[135.40091,34.69741],[135.40349,34.6964],[135.40993,34.69162]],[[135.2672,34.70563],[135.27327,34.706],[135.27643,34.70727]]]}},{"type":"Feature","id":"expressway-3688741a6168","properties":{"id":"expressway-3688741a6168","label":"桃生登米道路"},"geometry":{"type":"MultiLineString","coordinates":[[[141.28205,38.59727],[141.2805,38.59267],[141.27589,38.58635],[141.27496,38.58414],[141.27303,38.57332],[141.27295,38.56881],[141.27106,38.56186]],[[141.26581,38.67658],[141.2651,38.66104],[141.26294,38.64851],[141.2629,38.64468],[141.264,38.64159],[141.26632,38.63873],[141.27002,38.63632],[141.27891,38.63242],[141.28201,38.62962],[141.28453,38.62555],[141.2853,38.62075],[141.28205,38.59727]]]}},{"type":"Feature","id":"expressway-369583a207f7","properties":{"id":"expressway-369583a207f7","label":"川内隈之城道路"},"geometry":{"type":"MultiLineString","coordinates":[[[130.25247,31.84887],[130.25783,31.84611],[130.2605,31.8432],[130.26156,31.84094],[130.26162,31.83859],[130.2593,31.82758],[130.25974,31.82247]],[[130.25974,31.82247],[130.26282,31.81817],[130.27209,31.81392],[130.27927,31.80888],[130.28313,31.80515],[130.28445,31.80307],[130.28532,31.79976],[130.28485,31.79055],[130.28597,31.78339],[130.28877,31.77911],[130.29431,31.77437]]]}},{"type":"Feature","id":"expressway-37105d849403","properties":{"id":"expressway-37105d849403","label":"中央自動車道長野線"},"geometry":{"type":"MultiLineString","coordinates":[[[138.04352,36.05207],[138.0431,36.05408],[138.03703,36.05936],[138.0354,36.06318],[138.03573,36.06787],[138.03887,36.07636],[138.03824,36.08214]],[[138.03824,36.08214],[138.0372,36.0844],[138.03478,36.08703],[138.0295,36.08942],[138.02621,36.08975],[138.01773,36.08884],[138.01116,36.08894],[138.00602,36.09001],[138.00202,36.0923],[137.99093,36.10436],[137.9749,36.12848],[137.96748,36.13717],[137.96689,36.14083],[137.96827,36.15119],[137.96761,36.16001],[137.96624,36.16326],[137.96316,36.1656],[137.94662,36.17116],[137.9426,36.17467],[137.93795,36.1867],[137.93527,36.19749],[137.93366,36.20101],[137.93061,36.20506],[137.92961,36.20831],[137.92992,36.21299],[137.93121,36.21707],[137.93829,36.22761],[137.9389,36.23085],[137.93841,36.23401]],[[137.93841,36.23401],[137.93795,36.2421],[137.93631,36.24751],[137.93635,36.25182],[137.93505,36.2572],[137.93487,36.26148],[137.93101,36.2703],[137.93124,36.28134],[137.92845,36.28787],[137.9274,36.29369],[137.92561,36.29794]],[[137.92561,36.29794],[137.92163,36.30746],[137.92039,36.31464],[137.92182,36.3212],[137.92548,36.32708],[137.92725,36.32824],[137.93478,36.3307],[137.94508,36.33663],[137.94964,36.33976],[137.95373,36.34373],[137.96052,36.34507],[137.9638,36.34833],[137.96889,36.35204],[137.97468,36.35434],[137.98268,36.3565],[137.98581,36.35818],[137.98738,36.35987],[138.00145,36.39042],[138.00271,36.39742],[138.00076,36.40346],[138.00155,36.41226],[138.00779,36.42161],[138.0106,36.43111],[138.01184,36.43301],[138.0142,36.43489],[138.01743,36.43607],[138.02489,36.43532],[138.02753,36.43573],[138.0319,36.43889],[138.03779,36.44051],[138.03957,36.44201],[138.04136,36.44533],[138.0443,36.44792],[138.04735,36.4527],[138.0508,36.45421],[138.05697,36.45427],[138.05949,36.45524],[138.06533,36.46163],[138.0687,36.467],[138.09492,36.48377],[138.09905,36.48776],[138.10006,36.49008],[138.0997,36.49227],[138.09655,36.49737],[138.0925,36.50232],[138.08712,36.50636],[138.07372,36.51167],[138.07228,36.51312],[138.07141,36.51546],[138.07199,36.51742],[138.07478,36.51991],[138.08012,36.5272],[138.08518,36.53031],[138.08862,36.53415],[138.09471,36.53763],[138.09678,36.53948],[138.09789,36.54271],[138.09785,36.5474],[138.09924,36.55014],[138.10146,36.55168],[138.10777,36.55368],[138.1134,36.55735],[138.1167,36.55814],[138.12026,36.55741],[138.12644,36.55371],[138.13117,36.55224],[138.13675,36.55194],[138.14164,36.55292]]]}},{"type":"Feature","id":"expressway-3750067b2ae6","properties":{"id":"expressway-3750067b2ae6","label":"松永道路"},"geometry":{"type":"MultiLineString","coordinates":[[[133.21886,34.43218],[133.22235,34.43446],[133.22491,34.43726],[133.22788,34.44487],[133.22968,34.44697],[133.23184,34.4483],[133.23898,34.4507],[133.2441,34.45476],[133.24151,34.45624],[133.23881,34.45617],[133.23756,34.45685],[133.23723,34.45781],[133.23789,34.46145]]]}},{"type":"Feature","id":"expressway-37a71be3a4df","properties":{"id":"expressway-37a71be3a4df","label":"近畿自動車道名古屋・神戸線"},"geometry":{"type":"MultiLineString","coordinates":[[[136.8181,35.05174],[136.79454,35.05159],[136.78322,35.04984]],[[136.78322,35.04984],[136.7596,35.04659],[136.74811,35.04066],[136.69779,35.02165],[136.69282,35.02035],[136.68693,35.02059]],[[136.68693,35.02059],[136.67766,35.02627],[136.67083,35.0293],[136.66444,35.02918],[136.6582,35.02644],[136.64895,35.02717],[136.64678,35.0285],[136.64296,35.03358],[136.64116,35.0349],[136.62811,35.03813]],[[135.9611,34.9785],[135.96168,34.97578],[135.96033,34.97086],[135.96126,34.96748],[135.96348,34.96537],[135.96938,34.96217],[135.9733,34.95849],[135.97643,34.95809],[135.98406,34.96061],[135.99236,34.96172],[136.00009,34.96117],[136.00829,34.95917],[136.01477,34.95649],[136.02048,34.95308],[136.02562,34.94881],[136.03549,34.93857],[136.04004,34.93561],[136.0468,34.93279],[136.06034,34.92938],[136.07895,34.92668],[136.09472,34.92348],[136.11999,34.92291],[136.13227,34.92166],[136.14096,34.91941],[136.15826,34.91262],[136.16717,34.91042],[136.17578,34.90998],[136.20345,34.91363],[136.21069,34.91627],[136.2199,34.92196],[136.22523,34.92449],[136.23237,34.92658],[136.24057,34.92745],[136.24805,34.92703],[136.25666,34.92561],[136.28128,34.91795],[136.29107,34.91613],[136.30047,34.91527],[136.33253,34.91653],[136.39778,34.91545],[136.41205,34.91885],[136.4171,34.91929],[136.41985,34.91876],[136.42312,34.91712],[136.4324,34.90823],[136.43957,34.90351],[136.45078,34.89787],[136.45646,34.89617]],[[135.95704,34.98326],[135.9611,34.9785]],[[136.62811,35.03813],[136.61581,35.04618],[136.60884,35.04888],[136.59951,35.04943],[136.58438,35.04799]],[[135.76187,34.84655],[135.74985,34.84619],[135.73375,34.84245],[135.72405,34.84334]],[[135.62625,34.86688],[135.62835,34.87002],[135.6286,34.87168],[135.62525,34.88459],[135.62352,34.88509],[135.62037,34.88429],[135.61372,34.88795],[135.60973,34.89156],[135.60395,34.89979],[135.5988,34.90403],[135.59194,34.90717],[135.58496,34.9085],[135.57945,34.90853],[135.57347,34.90747],[135.56162,34.90242],[135.55148,34.8968],[135.54269,34.89091],[135.5228,34.87502],[135.51657,34.87227],[135.51069,34.87106],[135.50289,34.87108],[135.46743,34.87734],[135.4398,34.87501],[135.42461,34.87473],[135.41594,34.87706],[135.40357,34.88379],[135.39431,34.88575]],[[135.22262,34.84983],[135.24535,34.85512],[135.2499,34.85708],[135.25842,34.86252],[135.26475,34.86451],[135.26978,34.8649],[135.29398,34.8638],[135.30262,34.86482],[135.30883,34.86687],[135.31848,34.87158],[135.32737,34.87498],[135.34055,34.88342],[135.3535,34.88818],[135.37671,34.88949],[135.38299,34.88873],[135.39431,34.88575]],[[136.39628,34.91547],[136.4057,34.9176],[136.41225,34.91981],[136.42317,34.9254],[136.44893,34.94623],[136.45874,34.95535],[136.4636,34.96219],[136.46802,34.97257],[136.47011,34.98144],[136.47242,34.99732],[136.47418,35.00294],[136.47862,35.01012],[136.48601,35.01709],[136.49538,35.02232],[136.51961,35.0313],[136.53046,35.03417],[136.55922,35.03979],[136.57759,35.0463],[136.58438,35.04799]]]}},{"type":"Feature","id":"expressway-38c67249715a","properties":{"id":"expressway-38c67249715a","label":"高田道路"},"geometry":{"type":"MultiLineString","coordinates":[[[141.67716,39.02634],[141.66409,39.02701],[141.63904,39.03144],[141.62831,39.03113]],[[141.71225,39.03387],[141.70994,39.0311],[141.70775,39.02961],[141.70078,39.02698],[141.67716,39.02634]]]}},{"type":"Feature","id":"expressway-3aab3a5bbcc0","properties":{"id":"expressway-3aab3a5bbcc0","label":"老ノ坂亀岡道路"},"geometry":{"type":"MultiLineString","coordinates":[[[135.65783,34.97801],[135.65499,34.98184],[135.65338,34.98303],[135.63559,34.98862],[135.62802,34.98986],[135.61164,34.99067],[135.59935,34.98911],[135.57891,34.99279],[135.57514,34.99497],[135.57158,35.00099],[135.56472,35.00533],[135.5588,35.01141]]]}},{"type":"Feature","id":"expressway-3ade659c4e45","properties":{"id":"expressway-3ade659c4e45","label":"名古屋高速4号東海線"},"geometry":{"type":"MultiLineString","coordinates":[[[136.89082,35.12844],[136.89325,35.13335],[136.8927,35.15205]],[[136.89794,35.10016],[136.89881,35.09886],[136.89879,35.09615],[136.89651,35.06704],[136.89656,35.06075],[136.8972,35.05831],[136.90074,35.05502],[136.90071,35.05161]],[[136.89082,35.12844],[136.88814,35.12341],[136.88533,35.10928],[136.88675,35.10761],[136.89794,35.10016]]]}},{"type":"Feature","id":"expressway-3b1a56cd8e21","properties":{"id":"expressway-3b1a56cd8e21","label":"関西国際空港線"},"geometry":{"type":"MultiLineString","coordinates":[[[135.33521,34.36508],[135.33361,34.37339],[135.32886,34.38126],[135.32301,34.38587],[135.31127,34.40149],[135.29689,34.41239]]]}},{"type":"Feature","id":"expressway-3b39f4dc105f","properties":{"id":"expressway-3b39f4dc105f","label":"山陰自動車道"},"geometry":{"type":"MultiLineString","coordinates":[[[133.0386,35.43341],[133.02506,35.43299],[133.02136,35.43118],[133.01504,35.42491],[133.00964,35.42186],[133.00436,35.4204],[132.99323,35.41913],[132.97386,35.41235],[132.96825,35.41131],[132.95362,35.41196],[132.9427,35.40957],[132.93211,35.40555],[132.92562,35.40023],[132.92193,35.39821],[132.8998,35.3933]],[[132.88171,35.38662],[132.88646,35.38924],[132.8998,35.3933]],[[132.84198,35.36809],[132.85117,35.36849],[132.85543,35.3697],[132.86439,35.37597],[132.87436,35.37941],[132.88171,35.38662]],[[132.71603,35.32596],[132.72625,35.32526],[132.73964,35.32596],[132.75873,35.32396],[132.7641,35.32396],[132.77006,35.32602],[132.78667,35.33618],[132.79243,35.33885],[132.79765,35.3394],[132.80601,35.33808],[132.81117,35.33883],[132.81471,35.34073],[132.81716,35.34341],[132.82552,35.35729],[132.82902,35.36142],[132.83596,35.36612],[132.84198,35.36809]],[[132.10691,34.91131],[132.12038,34.9067]]]}},{"type":"Feature","id":"expressway-3b41ab6abcf6","properties":{"id":"expressway-3b41ab6abcf6","label":"新東京国際空港線"},"geometry":{"type":"MultiLineString","coordinates":[[[140.34459,35.78296],[140.35301,35.7818],[140.36524,35.78535],[140.36952,35.78547],[140.37302,35.78471],[140.37772,35.78137],[140.38841,35.76757]]]}},{"type":"Feature","id":"expressway-3c8716d6f4d8","properties":{"id":"expressway-3c8716d6f4d8","label":"愛別上川道路"},"geometry":{"type":"MultiLineString","coordinates":[[[142.68357,43.85971],[142.67575,43.86269],[142.66634,43.8702],[142.66048,43.87368],[142.63096,43.8811],[142.61772,43.88745],[142.61389,43.88832],[142.59074,43.89045],[142.57242,43.89486]],[[142.76183,43.83901],[142.75262,43.84156],[142.7463,43.84226],[142.74123,43.84169],[142.726,43.83807],[142.71809,43.83859],[142.71446,43.83986],[142.71107,43.84207],[142.70424,43.85102],[142.70039,43.85413],[142.69572,43.85623],[142.68357,43.85971]]]}},{"type":"Feature","id":"expressway-3e1a7729e381","properties":{"id":"expressway-3e1a7729e381","label":"第一東海自動車道"},"geometry":{"type":"MultiLineString","coordinates":[[[139.6264,35.62727],[139.61322,35.62853],[139.60312,35.62535],[139.60035,35.62387],[139.59455,35.61664],[139.58652,35.60968],[139.5801,35.60003],[139.56987,35.59067],[139.56571,35.58304],[139.56391,35.57248],[139.56228,35.56835],[139.55934,35.56456],[139.55312,35.55902],[139.54731,35.55099],[139.54062,35.54431],[139.53457,35.53702],[139.52783,35.53278],[139.51675,35.52921],[139.51134,35.52675],[139.49948,35.51777],[139.48793,35.51236],[139.47568,35.499],[139.47108,35.49083],[139.4684,35.48782],[139.46567,35.48576],[139.45538,35.48034],[139.44496,35.4712],[139.43637,35.46537],[139.43207,35.46108],[139.42784,35.45511],[139.42468,35.45177],[139.41017,35.44279],[139.39723,35.42898],[139.38971,35.42487],[139.38223,35.42287],[139.37317,35.42253],[139.36304,35.42375]],[[138.94878,35.29468],[138.9444,35.29225],[138.93059,35.28724],[138.92473,35.28355],[138.92012,35.27875],[138.91557,35.26982],[138.91188,35.26461],[138.90959,35.25867],[138.90938,35.25466],[138.91026,35.24847],[138.90834,35.2401],[138.90853,35.23652],[138.91075,35.22962],[138.91101,35.22609],[138.90999,35.22225],[138.90518,35.21521],[138.90309,35.2095],[138.9024,35.20161],[138.90339,35.19072],[138.90004,35.18207],[138.8982,35.17376],[138.89599,35.17045],[138.89138,35.16647],[138.88553,35.15994],[138.87516,35.15431],[138.86794,35.14886],[138.86434,35.14709],[138.85977,35.14574],[138.85088,35.14505],[138.84234,35.14302],[138.83779,35.14271],[138.83247,35.14378],[138.82625,35.14693],[138.82268,35.14791],[138.80708,35.14703],[138.79742,35.14903],[138.78818,35.14947],[138.77488,35.15464],[138.7552,35.15872],[138.74883,35.16126],[138.74168,35.16609],[138.73379,35.16711],[138.72693,35.16998],[138.71961,35.17134],[138.70975,35.17504],[138.69713,35.17641],[138.68604,35.18011],[138.67623,35.18036]],[[138.67623,35.18036],[138.66553,35.17908],[138.65221,35.17573],[138.62646,35.16452],[138.62049,35.16095],[138.61822,35.15826],[138.6174,35.15372],[138.61426,35.14639],[138.61398,35.14355],[138.61482,35.13403],[138.61367,35.12967],[138.61201,35.12729],[138.60235,35.12089],[138.59544,35.11968],[138.58852,35.11702],[138.57945,35.11549],[138.57033,35.10777],[138.55763,35.10109],[138.55188,35.09388],[138.54917,35.08758],[138.546,35.07644],[138.5414,35.07091],[138.53843,35.06941],[138.53304,35.06834],[138.5287,35.06643],[138.52193,35.06106],[138.51695,35.05495],[138.51388,35.05333],[138.50321,35.05141],[138.49443,35.04728],[138.4869,35.04688],[138.48406,35.04616],[138.4743,35.04113],[138.46209,35.03717],[138.4577,35.0342],[138.45055,35.02637],[138.44056,35.01903],[138.43528,35.01185],[138.43351,35.00656],[138.43303,35.00289],[138.43344,34.99921],[138.43559,34.99201],[138.43564,34.98754],[138.43194,34.9791],[138.42989,34.96976],[138.42809,34.9663],[138.42531,34.96367],[138.40765,34.95223],[138.39401,34.94727]],[[138.39401,34.94727],[138.36847,34.9316],[138.36541,34.93013],[138.35553,34.92719],[138.35142,34.92469],[138.34828,34.92171],[138.34564,34.91805],[138.33614,34.89982],[138.33093,34.89448],[138.32455,34.89093],[138.30682,34.88589],[138.29836,34.88052],[138.29293,34.87282],[138.28636,34.8664],[138.28398,34.86265],[138.28235,34.85653],[138.28218,34.84416],[138.28131,34.83981],[138.27821,34.83337],[138.27185,34.82459],[138.26236,34.81454],[138.23375,34.79092],[138.2305,34.7855],[138.22874,34.77694],[138.22601,34.77323],[138.21492,34.76578],[138.20677,34.76355],[138.20125,34.75885],[138.19844,34.75733],[138.19404,34.75612],[138.18591,34.75507],[138.17844,34.75597],[138.17477,34.7558],[138.16486,34.75888],[138.15819,34.75975],[138.15082,34.76225],[138.14291,34.76292],[138.1386,34.76192],[138.13315,34.75838],[138.12512,34.75453],[138.11592,34.75517],[138.11147,34.75382],[138.10379,34.75297],[138.09504,34.75048],[138.08797,34.74994],[138.08125,34.75099],[138.06994,34.7555],[138.05807,34.75692],[138.04895,34.7601],[138.03992,34.76178],[138.02963,34.76491],[138.02029,34.76485],[138.00211,34.76101],[137.99534,34.76083],[137.98708,34.76236],[137.97463,34.76755],[137.96585,34.76877],[137.93847,34.76393],[137.91254,34.76364],[137.90617,34.76209],[137.89461,34.75659],[137.88755,34.75444],[137.87176,34.7529],[137.85565,34.74871],[137.84306,34.74839],[137.8304,34.74662],[137.82346,34.74629],[137.80011,34.74827],[137.78556,34.74772],[137.75486,34.74946],[137.74584,34.75224],[137.73453,34.75944],[137.72966,34.76176],[137.71819,34.76524],[137.7016,34.76665],[137.67651,34.76486],[137.66687,34.76493],[137.65883,34.76653],[137.6556,34.7683],[137.64979,34.77296],[137.64573,34.77454],[137.64239,34.77482],[137.63567,34.77403],[137.62961,34.7745],[137.62407,34.77331],[137.62062,34.77365],[137.61742,34.77574],[137.6137,34.78092],[137.60892,34.78357],[137.60445,34.78748],[137.6013,34.78849],[137.59242,34.78872],[137.58843,34.78982],[137.5843,34.79262],[137.57929,34.79884],[137.57715,34.80062],[137.56623,34.80595],[137.55783,34.80902],[137.55205,34.81505],[137.5481,34.82359],[137.54318,34.82762],[137.54027,34.83097],[137.53467,34.83342],[137.53154,34.83585],[137.52725,34.83778],[137.52288,34.84292],[137.51842,34.84506],[137.50741,34.8459],[137.49811,34.84311],[137.49467,34.84272],[137.48603,34.84443],[137.47701,34.84457],[137.46814,34.84681],[137.4626,34.84694],[137.44965,34.8442],[137.43552,34.84254],[137.42119,34.83893],[137.41479,34.83844],[137.40839,34.83887],[137.40235,34.84041],[137.3863,34.84858],[137.38011,34.85052],[137.36845,34.85121],[137.36286,34.85048],[137.35626,34.8479],[137.35232,34.84808],[137.34479,34.85359],[137.33475,34.85585],[137.32235,34.86082],[137.3131,34.86291],[137.30414,34.86692],[137.29331,34.86977],[137.27308,34.879],[137.2668,34.88379],[137.26455,34.88999],[137.25854,34.89478],[137.25516,34.90127],[137.25053,34.90479],[137.24703,34.90922],[137.24062,34.91363],[137.2365,34.91989],[137.23345,34.92208],[137.22602,34.92466],[137.22007,34.93167],[137.21304,34.9353],[137.20436,34.93827],[137.20113,34.94055],[137.19894,34.94324]],[[137.19894,34.94324],[137.19515,34.95511],[137.1868,34.96559],[137.18439,34.96979],[137.18343,34.97533],[137.18522,34.98348],[137.18489,34.98891],[137.18203,34.9958],[137.17634,35.00256],[137.17379,35.00969],[137.16792,35.01343],[137.15474,35.01732],[137.14911,35.02],[137.14606,35.02253],[137.14115,35.02819],[137.13007,35.03519],[137.12485,35.04081],[137.12237,35.04675],[137.12253,35.0568],[137.11494,35.07084],[137.1131,35.08028],[137.11083,35.08644],[137.10949,35.09438],[137.10836,35.09739],[137.1041,35.10451],[137.09672,35.11096],[137.0926,35.11971],[137.08756,35.12792],[137.08365,35.13106],[137.0698,35.1369],[137.06695,35.13932],[137.06185,35.14532],[137.05644,35.14935],[137.04985,35.15584],[137.04101,35.15997],[137.03241,35.16654],[137.02531,35.16957],[137.02265,35.17226],[137.0189,35.17791],[137.01318,35.18357],[137.01133,35.18971],[137.01187,35.1964],[137.01158,35.20235],[137.00915,35.20995],[137.00874,35.21364],[137.00974,35.21851],[137.01351,35.2244],[137.01443,35.22779],[137.01413,35.23034],[137.01101,35.2363],[137.0105,35.23889],[137.01087,35.24167],[137.01396,35.249],[137.01382,35.25212],[137.01264,35.25531],[137.00894,35.25878],[137.00173,35.26268],[136.99751,35.26589],[136.99419,35.26984],[136.98846,35.27895],[136.9825,35.28341],[136.97209,35.28628],[136.9622,35.29013],[136.95058,35.29194],[136.93788,35.29591],[136.92459,35.29815],[136.91452,35.30229],[136.91053,35.30311]],[[139.36304,35.42375],[139.35102,35.42498],[139.34057,35.42407],[139.33557,35.42219],[139.32164,35.41485],[139.30372,35.41021],[139.29599,35.40693],[139.28914,35.40156],[139.27973,35.38938],[139.26857,35.37901],[139.26173,35.36937],[139.25776,35.36494],[139.25221,35.361],[139.24442,35.35762],[139.23478,35.35219],[139.22635,35.35039],[139.21423,35.35149],[139.20857,35.35081],[139.20554,35.34902],[139.20364,35.34403],[139.2009,35.34173],[139.19747,35.34079],[139.18949,35.34044],[139.18179,35.33821],[139.17724,35.33815],[139.17006,35.3399],[139.16274,35.34036],[139.16006,35.34115],[139.15707,35.34302]],[[139.15707,35.34302],[139.15336,35.34628],[139.14811,35.34863],[139.12868,35.35145],[139.11327,35.35616],[139.10443,35.36117],[139.10273,35.36293],[139.10093,35.36652],[139.09869,35.36763],[139.09,35.36642],[139.08583,35.3645],[139.08102,35.3644],[139.07555,35.36271],[139.06577,35.36502],[139.06136,35.36773],[139.05916,35.36831],[139.04953,35.36912],[139.03791,35.371],[139.03225,35.36872],[139.0266,35.36914],[139.02485,35.36789],[139.02285,35.36405],[139.01969,35.36108],[139.00655,35.35473],[139.00417,35.35488],[138.9998,35.35782],[138.99694,35.35771],[138.99152,35.35891],[138.98825,35.35782],[138.98325,35.35235],[138.98212,35.34833],[138.97803,35.34112],[138.97304,35.3361],[138.97211,35.33264],[138.9725,35.32398],[138.97106,35.31992],[138.96413,35.31227],[138.95851,35.30288],[138.95384,35.29826],[138.94878,35.29468]],[[139.06442,35.3657],[139.05593,35.36681],[139.05204,35.36659],[139.0485,35.36525],[139.03939,35.36007],[139.03673,35.3593],[139.03374,35.35933],[139.02709,35.36107],[139.023,35.36079],[139.01547,35.35715],[139.01034,35.35145],[139.00693,35.34992],[139.00203,35.35053],[138.99351,35.35454],[138.98797,35.35464],[138.98474,35.35264],[138.98249,35.3467],[138.9783,35.3416]]]}},{"type":"Feature","id":"expressway-3eabea3368cb","properties":{"id":"expressway-3eabea3368cb","label":"首都高速2号目黒線"},"geometry":{"type":"MultiLineString","coordinates":[[[139.73792,35.65582],[139.73712,35.65251],[139.73773,35.64948],[139.73653,35.64685],[139.73548,35.64653],[139.7327,35.6473],[139.72576,35.64643],[139.72252,35.64502],[139.71724,35.64017],[139.71706,35.63737],[139.71957,35.63477],[139.72084,35.63129],[139.71777,35.62427],[139.71803,35.61826]]]}},{"type":"Feature","id":"expressway-3ee643e66433","properties":{"id":"expressway-3ee643e66433","label":"八鹿日高道路"},"geometry":{"type":"MultiLineString","coordinates":[[[134.74712,35.39139],[134.74205,35.39741],[134.74119,35.39989],[134.74435,35.41209],[134.74718,35.41466],[134.76178,35.42006],[134.765,35.42295],[134.76663,35.42658],[134.76774,35.43265],[134.76782,35.43827],[134.76429,35.45658],[134.76333,35.46678]]]}},{"type":"Feature","id":"expressway-40ea908b3466","properties":{"id":"expressway-40ea908b3466","label":"須崎道路"},"geometry":{"type":"MultiLineString","coordinates":[[[133.27426,33.38561],[133.27719,33.39106],[133.28335,33.39637],[133.28832,33.40349],[133.2918,33.40668],[133.30103,33.41312],[133.30208,33.41499],[133.30231,33.41706]]]}},{"type":"Feature","id":"expressway-40f7db005bd4","properties":{"id":"expressway-40f7db005bd4","label":"関越自動車道上越線"},"geometry":{"type":"MultiLineString","coordinates":[[[139.09567,36.27301],[139.08237,36.27329],[139.07609,36.27166]],[[139.07609,36.27166],[139.07287,36.26957],[139.06811,36.26322],[139.06572,36.26151],[139.06218,36.26063],[139.05496,36.26047],[139.05014,36.25821],[139.04856,36.25606],[139.04464,36.24629],[139.04165,36.24394],[139.03864,36.24305],[139.03572,36.2431],[139.02632,36.24513],[139.01827,36.24316],[139.01234,36.24372],[139.00577,36.24302],[138.99588,36.24378],[138.983,36.24101],[138.97586,36.24129],[138.96539,36.24055],[138.95416,36.24192],[138.94355,36.24146],[138.93389,36.23947],[138.92332,36.24093],[138.9171,36.24332],[138.91371,36.24371],[138.90441,36.24081],[138.89243,36.23987],[138.88142,36.24068],[138.87487,36.24035],[138.86764,36.23739],[138.86403,36.23664],[138.85624,36.23815],[138.85115,36.23759],[138.84424,36.23827],[138.83217,36.23545],[138.82461,36.23541],[138.8217,36.23631],[138.81905,36.23826],[138.81704,36.24056],[138.81584,36.24332],[138.81569,36.24803],[138.81847,36.25293],[138.81877,36.25563],[138.81775,36.2582],[138.81322,36.265],[138.81253,36.27327],[138.8111,36.27748],[138.80806,36.28135],[138.80546,36.28312],[138.79855,36.28616],[138.79669,36.28746],[138.79501,36.28986],[138.79485,36.29305],[138.79651,36.29896],[138.79487,36.30328],[138.78946,36.30715],[138.77969,36.31053],[138.77613,36.31278],[138.77343,36.31586],[138.77066,36.32308],[138.76803,36.32592],[138.75873,36.32962],[138.75019,36.3344],[138.74574,36.33782],[138.74026,36.34006],[138.73525,36.3434],[138.728,36.34468],[138.72244,36.34435],[138.71741,36.34265],[138.71363,36.33949],[138.71088,36.33434],[138.70853,36.33189],[138.70487,36.33055],[138.69871,36.33073],[138.69457,36.32973],[138.69215,36.32813],[138.68858,36.32332],[138.68522,36.32198],[138.67964,36.31852],[138.67791,36.31636],[138.67762,36.3134],[138.67853,36.31189],[138.68281,36.30819],[138.68356,36.30514],[138.68136,36.30227],[138.67351,36.29858],[138.67224,36.29649],[138.67188,36.29407]],[[138.67188,36.29407],[138.67164,36.29237],[138.67027,36.29001],[138.66576,36.28766],[138.66144,36.28746],[138.64883,36.28996],[138.64211,36.29009],[138.62672,36.28155],[138.61844,36.27817],[138.57854,36.26788],[138.57315,36.26719],[138.56909,36.26791],[138.56293,36.27104],[138.55844,36.27192],[138.55529,36.27157],[138.55015,36.26953],[138.54737,36.26907],[138.5249,36.26946],[138.52164,36.2707],[138.51681,36.27431],[138.51292,36.27633],[138.50684,36.27782],[138.49712,36.27911],[138.49016,36.28126],[138.48662,36.28344],[138.48371,36.28706]],[[138.48371,36.28706],[138.4813,36.29475],[138.48067,36.31151],[138.47872,36.31686],[138.47497,36.3219],[138.4679,36.32539],[138.44973,36.33093],[138.43838,36.33954],[138.43277,36.3423],[138.4233,36.3445],[138.40745,36.3458]],[[138.40745,36.3458],[138.39308,36.34817],[138.37998,36.35317],[138.36244,36.35847],[138.356,36.36135],[138.353,36.3637],[138.34972,36.36762],[138.34527,36.3757],[138.34173,36.37848],[138.33592,36.38065],[138.32107,36.3829],[138.31574,36.38631],[138.31342,36.39057],[138.31181,36.40251],[138.30761,36.40765],[138.30244,36.40973],[138.28925,36.40981],[138.28417,36.41319]],[[138.28417,36.41319],[138.2798,36.41791],[138.27681,36.41966],[138.27092,36.42147],[138.25697,36.42392],[138.2326,36.43303],[138.22275,36.4372],[138.21484,36.44257],[138.20776,36.44513],[138.20387,36.44764],[138.20092,36.4524],[138.20013,36.45713],[138.19799,36.46297],[138.19807,36.4697],[138.19603,36.47364],[138.1656,36.50363],[138.16148,36.50706],[138.14799,36.51594],[138.14294,36.5216],[138.1409,36.52768],[138.1392,36.54491],[138.14164,36.55292]],[[138.14164,36.55292],[138.15638,36.55714],[138.16402,36.55851],[138.17278,36.56349],[138.18453,36.56454],[138.19044,36.56831],[138.19761,36.5718],[138.2011,36.57507]],[[138.2011,36.57507],[138.20542,36.58106],[138.21427,36.58608],[138.22024,36.59237],[138.22403,36.59417],[138.23089,36.59574],[138.2374,36.59824],[138.24255,36.60168],[138.24855,36.60711],[138.26015,36.61593],[138.27139,36.62077],[138.27315,36.62276],[138.27383,36.6248],[138.27348,36.63439]],[[138.31739,36.72988],[138.318,36.73413],[138.31755,36.73785],[138.31233,36.7454],[138.31149,36.74965],[138.31532,36.75993],[138.31631,36.76578],[138.31879,36.77273],[138.31881,36.77512],[138.31724,36.78132],[138.31789,36.78362],[138.32162,36.7902],[138.3221,36.79397],[138.32158,36.79629]],[[138.32158,36.79629],[138.31924,36.79953],[138.31491,36.8021],[138.30957,36.80358],[138.30456,36.80383],[138.29848,36.80291],[138.28638,36.79982],[138.27434,36.79545],[138.26353,36.79474],[138.25895,36.79522],[138.24111,36.79943],[138.22621,36.80806],[138.22313,36.80829],[138.21535,36.80663],[138.21124,36.8074],[138.20633,36.81056],[138.1978,36.81812],[138.19106,36.82213]],[[138.27348,36.63439],[138.27497,36.63882],[138.27925,36.64554],[138.28401,36.66841],[138.28932,36.67583],[138.29179,36.68594],[138.29394,36.69145],[138.29934,36.69986],[138.30712,36.70826],[138.31131,36.71424],[138.31739,36.72988]],[[138.22481,37.02699],[138.2294,37.03209],[138.23144,37.03611],[138.23216,37.03947],[138.23261,37.04941],[138.23166,37.05355],[138.2265,37.06096],[138.22536,37.06451],[138.22418,37.07825],[138.22613,37.08634],[138.22569,37.09085],[138.22336,37.09828],[138.21996,37.10553],[138.21807,37.11475],[138.21422,37.12035],[138.21302,37.12338],[138.21302,37.13268],[138.21519,37.14002]],[[138.19106,36.82213],[138.18721,36.82501],[138.18557,36.82872],[138.18667,36.83485],[138.18627,36.84012],[138.18772,36.84632],[138.18744,36.85306],[138.18858,36.85603],[138.19215,36.86024],[138.19371,36.86326],[138.19553,36.87404],[138.20036,36.88642],[138.21518,36.91387],[138.21572,36.91972],[138.2124,36.92961],[138.21203,36.93685],[138.21327,36.943],[138.21686,36.95059],[138.21923,36.95834],[138.22114,36.96894]],[[138.22114,36.96894],[138.22158,36.9747],[138.22062,36.97798],[138.20817,36.99208],[138.20703,36.99631],[138.20888,37.00644],[138.21341,37.01176],[138.21821,37.02081],[138.22481,37.02699]]]}},{"type":"Feature","id":"expressway-417c450defe0","properties":{"id":"expressway-417c450defe0","label":"宮古田老道路"},"geometry":{"type":"MultiLineString","coordinates":[[[141.96573,39.75187],[141.96916,39.7582],[141.96971,39.76159],[141.96844,39.76576],[141.96439,39.77099],[141.96318,39.77396],[141.96315,39.77687],[141.96504,39.78414],[141.96514,39.78669]]]}},{"type":"Feature","id":"expressway-4195e760e5e9","properties":{"id":"expressway-4195e760e5e9","label":"松江道路"},"geometry":{"type":"MultiLineString","coordinates":[[[133.10135,35.44393],[133.11078,35.44218],[133.12271,35.43144],[133.13315,35.4272]],[[133.08451,35.44975],[133.08787,35.44997],[133.09119,35.44928],[133.09735,35.44501],[133.10135,35.44393]],[[133.0485,35.43648],[133.06009,35.44209]],[[133.0386,35.43341],[133.04378,35.43414],[133.0485,35.43648]],[[133.06009,35.44209],[133.06436,35.44347],[133.07095,35.4438],[133.07645,35.44522],[133.08451,35.44975]]]}},{"type":"Feature","id":"expressway-41ece40b11dc","properties":{"id":"expressway-41ece40b11dc","label":"京都第二外環状道路"},"geometry":{"type":"MultiLineString","coordinates":[[[135.7408,34.89864],[135.73655,34.90028],[135.73004,34.89986],[135.72377,34.89601],[135.71859,34.89398],[135.71427,34.89086],[135.7116,34.89022],[135.70753,34.89032],[135.70451,34.89185],[135.69923,34.89984],[135.69269,34.90467]],[[135.65913,34.97672],[135.66016,34.97459],[135.65973,34.97131],[135.65865,34.96887],[135.65451,34.96335],[135.65373,34.95853],[135.65515,34.95582],[135.66039,34.95239],[135.66401,34.94661],[135.66758,34.9249],[135.67024,34.92217],[135.6771,34.92019],[135.68676,34.91505],[135.69043,34.91114],[135.69269,34.90467]],[[135.65913,34.97672],[135.65783,34.97801]]]}},{"type":"Feature","id":"expressway-44d281b17fc3","properties":{"id":"expressway-44d281b17fc3","label":"登米志津川道路"},"geometry":{"type":"MultiLineString","coordinates":[[[141.26581,38.67658],[141.2666,38.67977],[141.26819,38.68252],[141.28119,38.69525],[141.2858,38.69803],[141.29522,38.70147],[141.30343,38.70785]],[[141.30343,38.70785],[141.30788,38.71021],[141.31266,38.71083],[141.31587,38.7104],[141.32265,38.7078],[141.32711,38.70692]],[[141.32711,38.70692],[141.33859,38.70421],[141.3757,38.70019],[141.38021,38.70046],[141.38708,38.70225],[141.39204,38.7022],[141.39673,38.70066],[141.4057,38.69456],[141.41253,38.69156],[141.41973,38.69024],[141.43161,38.69018]]]}},{"type":"Feature","id":"expressway-452f4851d92d","properties":{"id":"expressway-452f4851d92d","label":"首都高速八重洲線"},"geometry":{"type":"MultiLineString","coordinates":[[[139.76591,35.67586],[139.77098,35.68342],[139.77092,35.68451],[139.76846,35.68822]]]}},{"type":"Feature","id":"expressway-48c4bfb641a0","properties":{"id":"expressway-48c4bfb641a0","label":"阪神高速32号線"},"geometry":{"type":"MultiLineString","coordinates":[[[135.15824,34.75728],[135.15596,34.76097],[135.1577,34.76139],[135.1586,34.76096]],[[135.1586,34.76096],[135.16057,34.7567],[135.16074,34.75082],[135.16185,34.74761],[135.17217,34.73123],[135.17667,34.72571],[135.19068,34.71208],[135.20224,34.69679]],[[135.1586,34.76096],[135.18104,34.72468],[135.19651,34.70735],[135.19749,34.70425],[135.20224,34.69679]]]}},{"type":"Feature","id":"expressway-4a4970ebf589","properties":{"id":"expressway-4a4970ebf589","label":"首都高速湾岸線"},"geometry":{"type":"MultiLineString","coordinates":[[[139.63722,35.36104],[139.64354,35.36136],[139.64281,35.37631],[139.64176,35.37786],[139.6401,35.37881],[139.62737,35.3824]],[[139.62737,35.3824],[139.61997,35.38717],[139.61694,35.39088],[139.61638,35.39377],[139.61711,35.39706],[139.62666,35.41038],[139.62929,35.41241],[139.63474,35.41497],[139.64783,35.41849],[139.65406,35.41687],[139.65969,35.41283]],[[139.65969,35.41283],[139.66245,35.41257],[139.66511,35.41328],[139.66836,35.41507],[139.66998,35.4169],[139.67124,35.42814],[139.67014,35.4339]],[[139.67014,35.4339],[139.66738,35.44052],[139.66756,35.44418],[139.67897,35.46175]],[[139.67897,35.46175],[139.68521,35.46577],[139.77221,35.50423],[139.7882,35.51396],[139.79057,35.51675],[139.79222,35.52013],[139.79515,35.53124],[139.79538,35.53514],[139.79411,35.53884],[139.78635,35.5499]],[[139.78635,35.5499],[139.78154,35.55662],[139.77907,35.55893],[139.76068,35.56883],[139.75653,35.58089]],[[139.75653,35.58089],[139.75531,35.58638],[139.75534,35.60946],[139.75725,35.61274]],[[139.75725,35.61274],[139.77208,35.62429]],[[139.77208,35.62429],[139.80033,35.63978]],[[139.80033,35.63978],[139.81277,35.64426]],[[139.81277,35.64426],[139.81758,35.64574],[139.83071,35.64697]],[[139.83071,35.64697],[139.83904,35.64752],[139.8576,35.64624],[139.87981,35.63828],[139.88418,35.63746],[139.8895,35.63889],[139.89818,35.64605]],[[139.94299,35.68449],[139.93615,35.68004],[139.92485,35.67016],[139.91572,35.66073],[139.89818,35.64605]],[[139.7493,35.57217],[139.75556,35.57783],[139.75653,35.58089]]]}},{"type":"Feature","id":"expressway-4a6642311550","properties":{"id":"expressway-4a6642311550","label":"遠野道路"},"geometry":{"type":"MultiLineString","coordinates":[[[141.50268,39.32468],[141.51863,39.32328],[141.52407,39.321],[141.53085,39.31361],[141.53189,39.30738],[141.53394,39.3031],[141.53497,39.29881],[141.54214,39.29005],[141.55143,39.2843],[141.55875,39.27876],[141.56594,39.27534],[141.574,39.26921],[141.57774,39.26781],[141.58487,39.26662],[141.58897,39.26475]]]}},{"type":"Feature","id":"expressway-4b3590f30c2d","properties":{"id":"expressway-4b3590f30c2d","label":"油坂峠道路"},"geometry":{"type":"MultiLineString","coordinates":[[[136.83042,35.87679],[136.83637,35.8831],[136.83895,35.8831],[136.84044,35.88195],[136.8407,35.88],[136.83488,35.87069],[136.83344,35.86642],[136.83353,35.86486],[136.83501,35.86273],[136.83837,35.86154],[136.84187,35.86264],[136.84339,35.86561],[136.84252,35.86818],[136.83936,35.87131],[136.83936,35.87424],[136.84108,35.87623],[136.84484,35.87798],[136.85038,35.87924],[136.8531,35.87882],[136.85463,35.87765],[136.85588,35.87471],[136.85738,35.87309],[136.86702,35.87002],[136.87014,35.87001],[136.87414,35.8732],[136.87617,35.87288]],[[136.83042,35.87679],[136.81917,35.87081],[136.81555,35.87017]]]}},{"type":"Feature","id":"expressway-4bdbc39c2dd8","properties":{"id":"expressway-4bdbc39c2dd8","label":"北九州市道北九州高速1号線"},"geometry":{"type":"MultiLineString","coordinates":[[[130.91558,33.83433],[130.91101,33.83411],[130.91033,33.83271]],[[130.89956,33.83928],[130.91256,33.83571],[130.91558,33.83433]],[[130.88194,33.84573],[130.89956,33.83928]],[[130.87122,33.86819],[130.87294,33.86452],[130.87568,33.86171],[130.87685,33.85891],[130.87903,33.85616],[130.87816,33.84783],[130.88194,33.84573]],[[130.86301,33.88418],[130.87292,33.87878],[130.87312,33.87748],[130.87171,33.87445],[130.86904,33.8715],[130.87122,33.86819]],[[130.85865,33.88002],[130.86301,33.88418]]]}},{"type":"Feature","id":"expressway-4d3dd4fc1589","properties":{"id":"expressway-4d3dd4fc1589","label":"仁摩温泉津道路"},"geometry":{"type":"MultiLineString","coordinates":[[[132.37669,35.09942],[132.37366,35.09577],[132.36969,35.09314],[132.35702,35.08759],[132.34808,35.08525],[132.34209,35.08073],[132.3364,35.07749],[132.33046,35.07163]],[[132.37669,35.09942],[132.38015,35.10589],[132.38389,35.11098],[132.38586,35.11676],[132.39,35.12252],[132.39938,35.12921],[132.40676,35.13755],[132.4138,35.14224]]]}},{"type":"Feature","id":"expressway-4d611e34800a","properties":{"id":"expressway-4d611e34800a","label":"中札内大樹道路"},"geometry":{"type":"MultiLineString","coordinates":[[[143.15401,42.69074],[143.14383,42.67475],[143.14333,42.67223],[143.14399,42.66955],[143.14554,42.66748],[143.14855,42.66543],[143.16686,42.65839],[143.17911,42.64755]],[[143.17911,42.64755],[143.25102,42.5813],[143.28656,42.56712],[143.28982,42.56493],[143.29192,42.56205],[143.29258,42.55998],[143.29204,42.55553],[143.27643,42.5373]]]}},{"type":"Feature","id":"expressway-4e89b1b55bb9","properties":{"id":"expressway-4e89b1b55bb9","label":"八戸久慈自動車道"},"geometry":{"type":"MultiLineString","coordinates":[[[141.45435,40.46629],[141.45806,40.46807],[141.47367,40.47134],[141.47664,40.47283],[141.48269,40.47764],[141.48711,40.47923],[141.51123,40.47912]],[[141.51123,40.47912],[141.5313,40.48255],[141.53568,40.48226],[141.54738,40.47936],[141.55081,40.47951],[141.55532,40.48069]],[[141.78187,40.22117],[141.77978,40.22647],[141.78004,40.22847],[141.78231,40.2334],[141.78261,40.23698],[141.78161,40.23971],[141.77788,40.24577],[141.77773,40.2493],[141.77941,40.25204],[141.79027,40.26405],[141.79217,40.26916],[141.79211,40.27171],[141.79084,40.27548],[141.78509,40.2829]],[[141.64713,40.4481],[141.655,40.44329],[141.66324,40.43581],[141.66795,40.43259],[141.67521,40.42887],[141.68496,40.4252],[141.69045,40.42207],[141.69554,40.41776],[141.70172,40.40942]],[[141.70172,40.40942],[141.70902,40.39915],[141.7131,40.39527],[141.72294,40.38796],[141.7308,40.3762],[141.74065,40.36508],[141.74756,40.35926],[141.74989,40.35654],[141.75894,40.3355],[141.7621,40.32073],[141.76213,40.30981],[141.76392,40.30437],[141.7677,40.29908],[141.77937,40.28925],[141.78509,40.2829]]]}},{"type":"Feature","id":"expressway-4f969db3464f","properties":{"id":"expressway-4f969db3464f","label":"北方延岡道路"},"geometry":{"type":"MultiLineString","coordinates":[[[131.60154,32.57364],[131.6069,32.57362],[131.6161,32.57607],[131.62295,32.57609]],[[131.535,32.57265],[131.52232,32.57798],[131.51524,32.58406],[131.497,32.59477]],[[131.535,32.57265],[131.54553,32.56929],[131.55305,32.56845],[131.55688,32.56899],[131.5761,32.57497],[131.58296,32.57626],[131.58665,32.57615],[131.60154,32.57364]]]}},{"type":"Feature","id":"expressway-4f9ca8199502","properties":{"id":"expressway-4f9ca8199502","label":"四国縦貫自動車道"},"geometry":{"type":"MultiLineString","coordinates":[[[134.16944,34.07665],[134.16224,34.07638],[134.14799,34.07713],[134.12621,34.07296],[134.11128,34.0726],[134.09755,34.0696],[134.08624,34.0691],[134.07282,34.06598],[134.06562,34.06312],[134.05878,34.06192],[134.04897,34.05753]],[[134.04897,34.05753],[134.03215,34.05693],[134.02112,34.05563],[134.01407,34.05377],[134.00725,34.05486],[134.00044,34.05441],[133.99396,34.05678],[133.98928,34.05711],[133.98062,34.05384],[133.97301,34.05355],[133.96789,34.05239],[133.96242,34.05201],[133.95623,34.04941],[133.95364,34.04902],[133.94216,34.04961],[133.93329,34.05459],[133.92916,34.05528],[133.92406,34.05514],[133.92034,34.05428],[133.91692,34.05226],[133.90999,34.04158],[133.90416,34.03712],[133.9016,34.03668],[133.89259,34.03781],[133.88499,34.03591],[133.88036,34.03554],[133.87495,34.03556],[133.86901,34.03659],[133.86643,34.03574],[133.86026,34.0318],[133.85323,34.03113],[133.8398,34.0286]],[[133.8398,34.0286],[133.83436,34.02879],[133.82969,34.0279],[133.82016,34.02456],[133.81396,34.02133],[133.80995,34.02058],[133.78012,34.02549],[133.77319,34.02542],[133.76673,34.02363],[133.75201,34.01557],[133.74615,34.01318],[133.74164,34.01205],[133.73019,34.01085],[133.71864,34.00727],[133.70906,34.00573],[133.70205,34.00584],[133.69448,34.00416],[133.66472,34.00681],[133.66172,34.00606],[133.65545,34.00301],[133.6457,34.00211],[133.63946,33.99754],[133.63622,33.9964],[133.63284,33.99639],[133.62482,33.99802],[133.61982,33.99729]],[[133.61982,33.99729],[133.61437,33.99723],[133.60973,33.99595],[133.60774,33.99599],[133.60133,33.9997],[133.59701,34.00065]],[[133.59701,34.00065],[133.59518,33.99348],[133.59185,33.98826],[133.5857,33.98281],[133.57733,33.97893]],[[133.57733,33.97893],[133.57022,33.9766],[133.56128,33.97525],[133.55411,33.9704],[133.54614,33.96857],[133.53807,33.96463],[133.52891,33.96427],[133.52174,33.96234],[133.5103,33.96104],[133.50042,33.96079],[133.49383,33.95951],[133.48375,33.95945],[133.46895,33.95564],[133.46422,33.95547]],[[133.46422,33.95547],[133.45981,33.95535],[133.43543,33.95062],[133.42802,33.94999],[133.41966,33.94793],[133.41417,33.94581],[133.40655,33.94467],[133.3987,33.94207],[133.38557,33.94017],[133.37577,33.93559],[133.36834,33.93493],[133.36103,33.93247],[133.35405,33.9317],[133.34569,33.92946],[133.33434,33.92851],[133.32005,33.92409],[133.31286,33.91855],[133.30802,33.91663],[133.30293,33.91617],[133.29425,33.91736],[133.28997,33.91718],[133.2714,33.91294],[133.26329,33.90982],[133.25561,33.90874],[133.25145,33.90911],[133.24328,33.9118],[133.23834,33.91206]],[[133.23834,33.91206],[133.23068,33.91065],[133.21919,33.90686],[133.20933,33.90594],[133.20376,33.9039],[133.20098,33.90157],[133.19946,33.89924],[133.19789,33.89265],[133.19641,33.88954],[133.19311,33.88638],[133.1893,33.88488],[133.18266,33.88479],[133.17293,33.88659],[133.14143,33.88579],[133.12178,33.88229],[133.11633,33.88287],[133.10842,33.88529]],[[133.10842,33.88529],[133.10022,33.88534],[133.08869,33.88272],[133.07871,33.87564],[133.06081,33.86994],[133.05662,33.86614],[133.05128,33.86325],[133.04624,33.8584],[133.04259,33.85669],[133.02372,33.85538],[133.01509,33.85338],[133.00747,33.85418],[133.00264,33.85319],[132.99777,33.84992],[132.98963,33.84225],[132.98678,33.83858],[132.98406,33.83342],[132.98109,33.83019],[132.95949,33.81789],[132.95388,33.81268],[132.94592,33.80848],[132.94218,33.80438],[132.93543,33.80176],[132.93116,33.79715],[132.92418,33.7915],[132.91835,33.79033],[132.91552,33.79115],[132.90935,33.79442],[132.90314,33.79437]],[[132.90314,33.79437],[132.90001,33.79343],[132.8949,33.78993],[132.8911,33.78857],[132.88217,33.78844],[132.87232,33.7861],[132.84854,33.78482],[132.82597,33.78871],[132.82245,33.78868],[132.81685,33.78754],[132.80872,33.78819],[132.79788,33.79519],[132.79348,33.79663],[132.78803,33.79654],[132.78077,33.79485]],[[132.78077,33.79485],[132.77502,33.79209],[132.76865,33.78694],[132.76634,33.78386],[132.7628,33.77624],[132.75985,33.77336],[132.74817,33.76665],[132.74042,33.75972],[132.72951,33.75381],[132.72227,33.74796],[132.70101,33.73651]],[[132.70101,33.73651],[132.69244,33.72879],[132.6904,33.72526],[132.68907,33.72031],[132.68961,33.71685],[132.69403,33.71031],[132.69547,33.70657],[132.69814,33.69258],[132.69805,33.68936],[132.69578,33.68531],[132.68908,33.68086],[132.68702,33.67825],[132.68601,33.67426],[132.68711,33.66653],[132.68594,33.66162],[132.68088,33.65007],[132.67862,33.64738],[132.67431,33.64384],[132.67061,33.63663],[132.66971,33.63352],[132.66913,33.62783],[132.66954,33.62441],[132.67527,33.61709],[132.68066,33.60371],[132.68074,33.59894],[132.67915,33.59524],[132.66743,33.57925],[132.66654,33.57503],[132.6677,33.57065],[132.66751,33.56791],[132.66644,33.56583],[132.66138,33.56078],[132.66072,33.55841],[132.66059,33.55338],[132.65896,33.54947],[132.65582,33.54618],[132.64283,33.53776],[132.62958,33.53301],[132.61908,33.53067],[132.61327,33.53054],[132.60311,33.53353],[132.59678,33.53361],[132.59103,33.53532],[132.58217,33.53505],[132.57767,33.53417]],[[134.57684,34.10112],[134.56704,34.10159],[134.55511,34.10485],[134.54237,34.10584],[134.53197,34.10836],[134.51665,34.10872],[134.50799,34.11127],[134.4976,34.11315],[134.4877,34.11644],[134.47925,34.11757]],[[134.20643,34.08934],[134.19639,34.08132],[134.19115,34.0787],[134.18516,34.07737],[134.16944,34.07665]],[[134.47925,34.11757],[134.47441,34.11921],[134.46788,34.12336],[134.45713,34.13442],[134.44945,34.13927],[134.44345,34.14148],[134.4379,34.14266],[134.42498,34.14297],[134.41479,34.13988],[134.40635,34.13953],[134.40083,34.1378],[134.39518,34.13428],[134.39194,34.12958],[134.39003,34.12792],[134.38305,34.12372],[134.37822,34.12212],[134.3723,34.1213],[134.36171,34.12218],[134.34098,34.11854],[134.32992,34.11802],[134.32426,34.11528],[134.31302,34.1072],[134.30846,34.10517],[134.30441,34.10418],[134.29616,34.10476],[134.2888,34.10811],[134.28576,34.10877],[134.24298,34.10494],[134.23253,34.10193],[134.21806,34.09397],[134.20643,34.08934]]]}},{"type":"Feature","id":"expressway-4fbfa364e978","properties":{"id":"expressway-4fbfa364e978","label":"首都高速神奈川7号横浜北線"},"geometry":{"type":"MultiLineString","coordinates":[[[139.59301,35.51635],[139.59586,35.51787],[139.59797,35.51809],[139.60297,35.51739],[139.6098,35.51523],[139.62064,35.51582],[139.63043,35.51437],[139.63558,35.51177],[139.6529,35.49628],[139.6578,35.49298],[139.66214,35.49127],[139.66834,35.49265],[139.66962,35.49252],[139.67092,35.49146]]]}},{"type":"Feature","id":"expressway-5039b665f975","properties":{"id":"expressway-5039b665f975","label":"鹿児島道路"},"geometry":{"type":"MultiLineString","coordinates":[[[130.41111,31.61944],[130.39368,31.6179],[130.3866,31.61804],[130.38305,31.61937],[130.37089,31.62629],[130.36772,31.62899],[130.36318,31.63455],[130.35532,31.64064],[130.34952,31.64709],[130.33603,31.65651],[130.33033,31.66691],[130.32276,31.67271]],[[130.5074,31.59171],[130.50482,31.59406],[130.50033,31.59615],[130.4905,31.59543],[130.48394,31.59687],[130.47668,31.60174],[130.4643,31.60406],[130.45329,31.6109],[130.43624,31.61484],[130.42618,31.61909],[130.41111,31.61944]],[[130.51525,31.58596],[130.51218,31.58589],[130.5105,31.58672],[130.50897,31.58834],[130.5074,31.59171]]]}},{"type":"Feature","id":"expressway-50647e626d84","properties":{"id":"expressway-50647e626d84","label":"那智勝浦新宮道路"},"geometry":{"type":"MultiLineString","coordinates":[[[135.98745,33.69554],[135.98484,33.69253],[135.97924,33.69411],[135.97136,33.69088],[135.95933,33.68864],[135.95449,33.68578],[135.95021,33.67915],[135.94429,33.66503],[135.93353,33.65187],[135.92869,33.6437]],[[135.92869,33.6437],[135.91793,33.61976],[135.91688,33.61445],[135.91494,33.58873]]]}},{"type":"Feature","id":"expressway-518a359cf916","properties":{"id":"expressway-518a359cf916","label":"東北横断自動車道釜石秋田線"},"geometry":{"type":"MultiLineString","coordinates":[[[141.10163,39.42184],[141.09427,39.41114],[141.09229,39.40236],[141.09265,39.39643],[141.09138,39.38757],[141.09275,39.37727],[141.09274,39.37171],[141.08918,39.35685],[141.09163,39.33826],[141.08972,39.32486],[141.09061,39.31237],[141.09026,39.30714],[141.08866,39.30109],[141.07711,39.27417]],[[141.07711,39.27417],[141.07212,39.27515],[141.06581,39.27867],[141.06306,39.27929],[141.05929,39.2792],[141.053,39.27683],[141.05073,39.27659],[141.04322,39.27886],[141.03417,39.28036],[141.02609,39.28089],[141.01821,39.27949],[141.01047,39.28128],[141.00358,39.28208],[140.99823,39.2838],[140.99051,39.2892],[140.98453,39.29176]],[[140.98453,39.29176],[140.97173,39.29357],[140.96538,39.29564],[140.95115,39.29434],[140.9369,39.29747],[140.90473,39.29463],[140.88168,39.29426],[140.87407,39.29327],[140.85964,39.29002],[140.84877,39.28946],[140.84185,39.2913],[140.82966,39.29747],[140.78542,39.30379],[140.78063,39.30591],[140.77188,39.31308],[140.76634,39.31507],[140.75511,39.31634],[140.75051,39.3153],[140.74727,39.3134]],[[140.74727,39.3134],[140.74338,39.31004],[140.74047,39.30844],[140.73031,39.30677],[140.72662,39.30487],[140.72472,39.30244],[140.72393,39.29825],[140.72264,39.29589],[140.72001,39.29416],[140.71509,39.29224],[140.71321,39.28998],[140.7106,39.28435],[140.70542,39.2801],[140.6984,39.27813],[140.6692,39.27469],[140.65256,39.2698],[140.64232,39.26854],[140.63895,39.26868],[140.62203,39.2736],[140.61315,39.27726],[140.60273,39.28519],[140.59883,39.28663],[140.59446,39.28728],[140.58874,39.28734],[140.58289,39.28658],[140.56878,39.28241],[140.56122,39.28089],[140.55126,39.27946],[140.54458,39.27953]],[[140.54458,39.27953],[140.53906,39.2806],[140.53457,39.28233],[140.53106,39.28461],[140.52929,39.28684],[140.52839,39.28974],[140.52861,39.29476],[140.52802,39.2973],[140.52567,39.3008],[140.51963,39.30599],[140.5173,39.30901],[140.51603,39.31237],[140.51496,39.32035],[140.51341,39.32439],[140.50992,39.32932],[140.50233,39.33667],[140.50074,39.34264],[140.49773,39.34778],[140.49637,39.35272],[140.49167,39.3575],[140.4889,39.36134],[140.47987,39.38152],[140.47836,39.39265],[140.47649,39.39643],[140.47439,39.39851],[140.47085,39.40043],[140.4472,39.40738],[140.44433,39.40875],[140.43879,39.4134],[140.43423,39.42098],[140.43199,39.42351],[140.42872,39.42558],[140.42503,39.42677]],[[140.42503,39.42677],[140.41609,39.42802],[140.41123,39.42969],[140.38808,39.4465],[140.38714,39.4483],[140.38681,39.45398],[140.38434,39.45849],[140.38543,39.4635],[140.38513,39.46507],[140.37969,39.47178],[140.37759,39.47812],[140.37291,39.48209],[140.36104,39.48664],[140.35362,39.4945],[140.35236,39.4971],[140.35229,39.50196],[140.35151,39.5047],[140.33495,39.52087],[140.33304,39.52449],[140.33061,39.53288],[140.32382,39.54047]],[[140.32382,39.54047],[140.32229,39.54379],[140.31988,39.5538],[140.31758,39.55849],[140.30868,39.56776],[140.2996,39.57165],[140.29796,39.57327],[140.29519,39.57824],[140.28924,39.58209],[140.2885,39.58363],[140.28773,39.58947],[140.28288,39.59626]],[[140.28288,39.59626],[140.27763,39.60016],[140.26867,39.60077],[140.26468,39.60218],[140.25916,39.60696],[140.25329,39.60884],[140.25129,39.6102],[140.25025,39.61199],[140.24969,39.61671],[140.24612,39.6209],[140.23353,39.6256],[140.22568,39.63072],[140.2158,39.63449],[140.21234,39.63803],[140.20638,39.64995],[140.20414,39.65271],[140.20154,39.6545],[140.19434,39.65765],[140.19122,39.65997]],[[140.19122,39.65997],[140.18922,39.6629],[140.18808,39.67063],[140.18596,39.67709],[140.18565,39.70337],[140.18223,39.71438],[140.18078,39.72626],[140.17909,39.7299],[140.17366,39.73694],[140.17084,39.73932],[140.16086,39.74395],[140.15265,39.74924],[140.13882,39.75498],[140.12544,39.76444],[140.12201,39.76819],[140.11831,39.77681],[140.11274,39.78157]],[[141.21854,39.38255],[141.21355,39.38537],[141.20067,39.38737],[141.18855,39.39294],[141.17472,39.39625],[141.16669,39.40287],[141.16031,39.40608],[141.14701,39.40941],[141.13493,39.40811],[141.13,39.40869],[141.11907,39.41429],[141.10682,39.41788],[141.10163,39.42184]],[[141.21854,39.38255],[141.22063,39.38027],[141.22461,39.3738],[141.23388,39.36459],[141.2367,39.36076],[141.24237,39.34533],[141.245,39.3407],[141.25078,39.33304],[141.25395,39.32475],[141.26164,39.31035],[141.26243,39.30635],[141.26201,39.30071],[141.26282,39.29766],[141.26536,39.29463],[141.26895,39.29253],[141.27669,39.28997],[141.28179,39.28961],[141.28698,39.29096],[141.2948,39.29541],[141.3015,39.29626],[141.30992,39.29482],[141.32296,39.28974],[141.32845,39.28899],[141.34639,39.29198],[141.3628,39.29353],[141.3788,39.29646],[141.3856,39.29609],[141.39595,39.29343],[141.40368,39.29379]],[[141.40368,39.29379],[141.41569,39.29889],[141.43533,39.30367],[141.43871,39.30565],[141.44524,39.31142],[141.45204,39.31448],[141.47588,39.31987],[141.49033,39.32448],[141.49589,39.32508],[141.50268,39.32468]]]}},{"type":"Feature","id":"expressway-527ee4a720fd","properties":{"id":"expressway-527ee4a720fd","label":"高山清見道路"},"geometry":{"type":"MultiLineString","coordinates":[[[137.17129,36.13935],[137.18122,36.13789],[137.18679,36.13901],[137.19539,36.14525],[137.2087,36.1517],[137.22921,36.16619],[137.23027,36.16637]],[[137.07534,36.1324],[137.07705,36.13305],[137.08005,36.13807],[137.08356,36.13961],[137.09109,36.13761],[137.10865,36.13637],[137.14488,36.1408],[137.16225,36.13883],[137.17129,36.13935]]]}},{"type":"Feature","id":"expressway-532487ecdf8c","properties":{"id":"expressway-532487ecdf8c","label":"函館茂辺地道路"},"geometry":{"type":"MultiLineString","coordinates":[[[140.7401,41.84484],[140.73043,41.84268],[140.70339,41.83855],[140.69305,41.83453],[140.68766,41.8336],[140.6671,41.83219],[140.66155,41.83294],[140.64836,41.83627]],[[140.64836,41.83627],[140.64303,41.83623],[140.6384,41.83525],[140.63397,41.83312],[140.63085,41.83045],[140.62192,41.81801],[140.61944,41.80541]],[[140.61944,41.80541],[140.61707,41.79884],[140.61748,41.79003],[140.61582,41.7856],[140.61101,41.78103],[140.59848,41.77514],[140.59579,41.7726],[140.59063,41.76577]]]}},{"type":"Feature","id":"expressway-537782f56183","properties":{"id":"expressway-537782f56183","label":"小郡道路"},"geometry":{"type":"MultiLineString","coordinates":[[[131.4284,34.0886],[131.43513,34.08611],[131.4394,34.08557],[131.453,34.07981]],[[131.39679,34.08395],[131.38877,34.07994],[131.38729,34.07821],[131.38514,34.07273],[131.36518,34.05592],[131.36196,34.05491],[131.34986,34.05499]],[[131.4284,34.0886],[131.42509,34.08982],[131.42286,34.08993],[131.41245,34.08539],[131.40085,34.08495],[131.39679,34.08395]]]}},{"type":"Feature","id":"expressway-546c1b57fded","properties":{"id":"expressway-546c1b57fded","label":"阪神高速16号大阪港線"},"geometry":{"type":"MultiLineString","coordinates":[[[135.47655,34.67757],[135.47934,34.67949],[135.48556,34.68108],[135.49803,34.68192]],[[135.44074,34.65389],[135.43874,34.65724],[135.44035,34.65989],[135.44274,34.66078],[135.44476,34.66252],[135.44896,34.66162],[135.45164,34.66483],[135.46566,34.6697],[135.47655,34.67757]]]}},{"type":"Feature","id":"expressway-557d0d8e368c","properties":{"id":"expressway-557d0d8e368c","label":"院内道路"},"geometry":{"type":"MultiLineString","coordinates":[[[140.39034,39.03733],[140.39239,39.03725],[140.40639,39.04555],[140.41165,39.04643],[140.4209,39.04579],[140.42452,39.04698],[140.42822,39.04941]]]}},{"type":"Feature","id":"expressway-566251b424a9","properties":{"id":"expressway-566251b424a9","label":"阿武隈東道路"},"geometry":{"type":"MultiLineString","coordinates":[[[140.84799,37.76868],[140.8452,37.76989],[140.84082,37.77363],[140.83493,37.77587],[140.82229,37.78484],[140.81563,37.78554],[140.80189,37.78323],[140.79729,37.78351],[140.79244,37.78574],[140.78661,37.79186],[140.78399,37.79306],[140.7805,37.79364],[140.76583,37.79051],[140.76102,37.78856],[140.75806,37.7856],[140.75079,37.77444],[140.74754,37.77137]]]}},{"type":"Feature","id":"expressway-56ed4e57470a","properties":{"id":"expressway-56ed4e57470a","label":"第二東海自動車道"},"geometry":{"type":"MultiLineString","coordinates":[[[137.07282,35.02171],[137.0797,35.01699],[137.09666,35.00848],[137.10041,35.00758],[137.10429,35.00855],[137.11079,35.01237],[137.1233,35.01365],[137.13149,35.01525],[137.13867,35.01709],[137.14755,35.02114]],[[136.99942,35.04098],[137.00494,35.03981],[137.01014,35.03983],[137.01476,35.04154],[137.01866,35.04446],[137.0227,35.04554],[137.02542,35.04523],[137.03226,35.04242],[137.04278,35.04164],[137.04679,35.03976],[137.07282,35.02171]],[[136.9482,35.04777],[136.95441,35.04466],[136.9576,35.04384],[136.97311,35.0436],[136.98018,35.04268],[136.9888,35.04383],[136.99941,35.04098]],[[136.90071,35.05161],[136.92577,35.04462],[136.9293,35.04489],[136.94499,35.04986],[136.9482,35.04777]],[[138.46275,35.07778],[138.46808,35.07302],[138.47535,35.07045],[138.47919,35.06746],[138.48111,35.06324],[138.48168,35.05602],[138.48324,35.0535],[138.48712,35.05026],[138.4888,35.04697]],[[137.66024,34.88212],[137.65507,34.88589],[137.64946,34.88862],[137.63432,34.8927],[137.62874,34.89506],[137.61133,34.90765],[137.60406,34.91115],[137.59293,34.91409],[137.56233,34.91934],[137.54688,34.92394],[137.53797,34.92547]],[[137.53797,34.92547],[137.52437,34.92719],[137.51347,34.92661],[137.50409,34.9243],[137.48725,34.91775],[137.46727,34.9136],[137.45737,34.9091],[137.44008,34.89576],[137.43294,34.89151],[137.42309,34.88786],[137.40401,34.88399],[137.38725,34.88234],[137.37212,34.88349],[137.36158,34.88602],[137.33073,34.89634],[137.3036,34.90574],[137.28549,34.91391],[137.27659,34.91952],[137.2689,34.92652],[137.26324,34.93359],[137.25775,34.94403],[137.25483,34.9521],[137.25323,34.96166],[137.25001,34.96942],[137.24695,34.97383],[137.23919,34.98261],[137.2343,34.99085],[137.22775,35.01041],[137.22542,35.02358],[137.2223,35.03014],[137.21677,35.03618],[137.21017,35.04037],[137.20156,35.04328],[137.19331,35.04408]],[[137.19331,35.04408],[137.18643,35.04346],[137.1746,35.04026],[137.16835,35.03722],[137.16311,35.03292]],[[137.16311,35.03292],[137.15819,35.0281],[137.14755,35.02114]],[[139.37228,35.40903],[139.36691,35.40699],[139.36162,35.40635]],[[139.31111,35.41195],[139.33603,35.40439],[139.34163,35.40436],[139.35239,35.40633],[139.36162,35.40635]],[[139.31111,35.41195],[139.29843,35.41589],[139.29128,35.4165],[139.28618,35.41608]],[[138.37806,35.04157],[138.37089,35.039],[138.36605,35.03615],[138.35722,35.02767],[138.35199,35.0237],[138.33917,35.01781],[138.31802,35.01021],[138.31124,35.00611],[138.30622,35.00172],[138.30085,34.99461],[138.2963,34.9858],[138.29075,34.96516],[138.28032,34.94364],[138.27419,34.92921],[138.26777,34.921],[138.26136,34.91585]],[[138.9112,35.26341],[138.91062,35.253],[138.90841,35.24597],[138.90447,35.24018],[138.89689,35.23321],[138.89083,35.2261],[138.88681,35.21668],[138.88628,35.21025],[138.88889,35.19805],[138.8892,35.1905],[138.88757,35.18275],[138.88434,35.1735],[138.87874,35.1652],[138.87386,35.16083],[138.86744,35.15685]],[[138.12125,34.84979],[138.11437,34.84725],[138.10782,34.84578],[138.09879,34.8454],[138.08223,34.84624],[138.0597,34.84394],[138.03883,34.84024],[138.02869,34.84052],[138.01166,34.84386],[138.00546,34.84417],[137.99862,34.84359],[137.99247,34.84202],[137.98235,34.83798],[137.96022,34.83132],[137.94256,34.82508],[137.93182,34.82289],[137.91755,34.82284],[137.90997,34.82408],[137.89604,34.82814],[137.88985,34.829],[137.88242,34.82865],[137.868,34.82558],[137.85929,34.82518],[137.85019,34.82649],[137.83597,34.83141],[137.81397,34.8345],[137.79569,34.83884],[137.78644,34.83922],[137.77042,34.83767],[137.76371,34.8384],[137.70178,34.85524],[137.69158,34.85865],[137.67958,34.86496],[137.67245,34.87026],[137.66024,34.88212]],[[138.86744,35.15685],[138.85694,35.15302],[138.84992,35.15209],[138.84489,35.15214],[138.82999,35.15468],[138.82442,35.15472],[138.80901,35.15326],[138.79286,35.1553],[138.76625,35.16112],[138.76139,35.16277],[138.75651,35.16496],[138.74523,35.17229],[138.73482,35.17767],[138.71846,35.18891],[138.7088,35.19346],[138.70125,35.19617],[138.68752,35.20023],[138.67958,35.20175],[138.66685,35.2027],[138.65794,35.20229],[138.65326,35.20143],[138.63235,35.19337],[138.61777,35.18653],[138.61365,35.18363],[138.60208,35.17207],[138.59421,35.16761],[138.58188,35.16421],[138.54633,35.15724],[138.53601,35.15408],[138.52881,35.15094],[138.52088,35.14518],[138.51098,35.13298],[138.50639,35.12938],[138.49605,35.12313],[138.49121,35.11916],[138.48508,35.11142],[138.47955,35.09938],[138.47554,35.09283],[138.46569,35.08184],[138.46003,35.07411],[138.45352,35.06842],[138.44612,35.06433],[138.43087,35.0587],[138.41359,35.0486],[138.40486,35.04489],[138.39552,35.04293],[138.3858,35.04277],[138.37806,35.04157]],[[138.26136,34.91585],[138.25594,34.91184],[138.24346,34.89988],[138.23817,34.89612],[138.23124,34.89239],[138.21628,34.8869],[138.19312,34.88103],[138.17081,34.87295],[138.16341,34.86979],[138.14306,34.85812],[138.12732,34.85255],[138.12125,34.84979]],[[138.9112,35.26341],[138.91087,35.27094],[138.91153,35.27819],[138.91421,35.2886],[138.91568,35.29832],[138.91807,35.30621],[138.91851,35.31169],[138.91695,35.32712],[138.91102,35.32767]],[[138.91693,35.32408],[138.91612,35.32641],[138.91378,35.32705]],[[139.28618,35.41608],[139.27357,35.41229],[139.25803,35.40484],[139.24688,35.402],[139.23631,35.40135],[139.22031,35.40305],[139.20774,35.4033],[139.19145,35.40313],[139.18285,35.40182],[139.17514,35.39937],[139.16824,35.39578],[139.16209,35.39138],[139.15593,35.38584]]]}},{"type":"Feature","id":"expressway-57fc41371b35","properties":{"id":"expressway-57fc41371b35","label":"出雲・湖陵道路"},"geometry":{"type":"MultiLineString","coordinates":[[[132.71603,35.32596],[132.71058,35.32484],[132.70663,35.32307],[132.70227,35.31794],[132.69486,35.31366],[132.69289,35.30774],[132.69109,35.30548],[132.68791,35.30342],[132.6826,35.30177]]]}},{"type":"Feature","id":"expressway-5d8a2c750f56","properties":{"id":"expressway-5d8a2c750f56","label":"倶知安余市道路"},"geometry":{"type":"MultiLineString","coordinates":[[[140.81883,43.17966],[140.81348,43.17535],[140.80766,43.16723],[140.80524,43.16502],[140.80186,43.16328],[140.79604,43.16179],[140.79101,43.15961],[140.78938,43.15956],[140.7868,43.1572]]]}},{"type":"Feature","id":"expressway-5e9ff93cf5dc","properties":{"id":"expressway-5e9ff93cf5dc","label":"南三陸道路"},"geometry":{"type":"MultiLineString","coordinates":[[[141.43161,38.69018],[141.44066,38.68879],[141.45215,38.68853],[141.45748,38.68971],[141.46264,38.69289]],[[141.46264,38.69289],[141.46955,38.6972],[141.49158,38.70302],[141.49797,38.70577],[141.50384,38.70747],[141.50657,38.70899]]]}},{"type":"Feature","id":"expressway-5f0920ff9398","properties":{"id":"expressway-5f0920ff9398","label":"首都高速6号三郷線"},"geometry":{"type":"MultiLineString","coordinates":[[[139.82093,35.75405],[139.82001,35.76095],[139.82817,35.79085],[139.8273,35.79686],[139.82787,35.79993],[139.83021,35.8029],[139.8405,35.80904],[139.84536,35.81375],[139.84779,35.81715],[139.85449,35.83054],[139.85928,35.83625]]]}},{"type":"Feature","id":"expressway-5f69b918e40b","properties":{"id":"expressway-5f69b918e40b","label":"広島岩国道路"},"geometry":{"type":"MultiLineString","coordinates":[[[132.29453,34.33684],[132.29395,34.33127],[132.29286,34.32828],[132.29039,34.32505],[132.28283,34.31809],[132.28103,34.31469],[132.27925,34.30599],[132.27669,34.3025],[132.27276,34.29924]],[[132.27276,34.29924],[132.26979,34.29598],[132.26606,34.28875],[132.26123,34.28414],[132.2564,34.27793],[132.24683,34.27228],[132.24008,34.26586],[132.23071,34.26289],[132.225,34.25839],[132.2221,34.25433],[132.2166,34.24378]]]}},{"type":"Feature","id":"expressway-61650abfa058","properties":{"id":"expressway-61650abfa058","label":"北九州市道北九州高速5号線"},"geometry":{"type":"MultiLineString","coordinates":[[[130.80452,33.85782],[130.80784,33.86599],[130.80741,33.86733],[130.8046,33.869],[130.80437,33.87016],[130.81032,33.87593]],[[130.81032,33.87593],[130.81167,33.87815],[130.81161,33.87989],[130.80999,33.88422],[130.80689,33.88793],[130.80624,33.89008],[130.80805,33.89274],[130.81305,33.89447]]]}},{"type":"Feature","id":"expressway-61d2324c0396","properties":{"id":"expressway-61d2324c0396","label":"近畿自動車道紀勢線"},"geometry":{"type":"MultiLineString","coordinates":[[[136.22226,34.11785],[136.23845,34.13049],[136.25475,34.14778],[136.26181,34.15253],[136.26431,34.15658],[136.26729,34.16344],[136.27218,34.16917],[136.27633,34.17206],[136.29724,34.18327],[136.30312,34.18777],[136.31042,34.19503],[136.31888,34.19992],[136.3211,34.20315],[136.32191,34.20792],[136.32278,34.20971],[136.32816,34.21445],[136.32982,34.21667]],[[135.56859,34.583],[135.56437,34.57935],[135.56323,34.57734],[135.5664,34.55539]],[[135.5664,34.55539],[135.56569,34.55288],[135.5641,34.55068],[135.55901,34.54541],[135.55633,34.54376],[135.53382,34.53439],[135.52147,34.532],[135.49523,34.52199],[135.49104,34.51817],[135.48996,34.51453],[135.48991,34.51085]],[[135.48991,34.51085],[135.48956,34.5048],[135.487,34.50115],[135.48286,34.49877],[135.47036,34.49377],[135.46663,34.49037],[135.46563,34.48827],[135.46512,34.48189],[135.46308,34.47651],[135.46344,34.47363],[135.46488,34.46998],[135.46437,34.46738],[135.46042,34.46332],[135.44607,34.45472],[135.44536,34.45269],[135.44545,34.44854],[135.44346,34.4434],[135.44446,34.43835]],[[135.44446,34.43835],[135.44851,34.42563],[135.44798,34.41945],[135.44906,34.41326],[135.44763,34.40899],[135.44379,34.40555],[135.44091,34.40435],[135.43716,34.40386],[135.4306,34.40537],[135.42734,34.40541],[135.41921,34.40163],[135.40929,34.39878],[135.3998,34.39239],[135.38612,34.38764],[135.38388,34.38589],[135.37894,34.38001],[135.36909,34.37513],[135.36206,34.37313],[135.35819,34.36917],[135.35581,34.36786],[135.34792,34.36746],[135.34383,34.3663],[135.33958,34.36644],[135.33467,34.36501],[135.32921,34.36492],[135.32735,34.36429],[135.3223,34.36016],[135.31803,34.35863],[135.31029,34.35642],[135.30185,34.35668],[135.29776,34.35555],[135.28282,34.34756],[135.26997,34.34353],[135.2682,34.34164],[135.26748,34.33983],[135.26747,34.3375],[135.26821,34.33557]],[[135.26821,34.33557],[135.27046,34.33191],[135.27068,34.32963],[135.27013,34.3276],[135.26691,34.32332],[135.26761,34.32157],[135.27063,34.31872],[135.27131,34.31688],[135.27044,34.3123],[135.2709,34.30422],[135.273,34.29699],[135.27278,34.29564],[135.27086,34.29261],[135.27043,34.29033],[135.27241,34.28476],[135.27196,34.28233],[135.27035,34.28063],[135.2673,34.279],[135.25864,34.27877],[135.25316,34.27589],[135.24449,34.275],[135.23608,34.27165],[135.23061,34.2681],[135.22211,34.26101],[135.21755,34.25534],[135.21487,34.24971],[135.21357,34.24328],[135.21284,34.235],[135.21301,34.23011],[135.21398,34.22608],[135.21582,34.22342],[135.22063,34.22063],[135.22275,34.21856],[135.22489,34.21355],[135.22828,34.20936],[135.23059,34.2032],[135.23762,34.19225],[135.23868,34.18846],[135.23831,34.18636],[135.23594,34.18153],[135.23553,34.17266],[135.23307,34.16439],[135.23251,34.15895],[135.22954,34.15255],[135.22612,34.14831],[135.22392,34.14676],[135.22117,34.14587],[135.21565,34.14539],[135.21253,34.14415]],[[136.3854,34.29486],[136.38775,34.30207],[136.39691,34.31329],[136.39985,34.31936],[136.40073,34.33664],[136.39826,34.34688],[136.39773,34.35166],[136.40077,34.36232],[136.40114,34.37261],[136.40325,34.37818],[136.40683,34.38303]],[[136.40683,34.38303],[136.41486,34.3906],[136.4333,34.39991],[136.44066,34.40458],[136.45002,34.41205],[136.45909,34.41567],[136.47096,34.42197],[136.47396,34.42515],[136.47938,34.43384],[136.48416,34.43911],[136.48899,34.44656],[136.49412,34.44956],[136.49986,34.45464],[136.5062,34.45871],[136.5105,34.46378]],[[135.21253,34.14415],[135.20851,34.14047],[135.20452,34.135],[135.20206,34.12985],[135.20052,34.12398],[135.20005,34.11747],[135.20083,34.07681],[135.20058,34.06018]],[[136.22226,34.11785],[136.21663,34.11521],[136.2041,34.11194],[136.19805,34.10837],[136.19464,34.10371],[136.19216,34.09499],[136.19,34.09041],[136.18333,34.08088]],[[136.3854,34.29486],[136.3829,34.28688],[136.37629,34.27876],[136.37101,34.27453],[136.36094,34.27026],[136.35685,34.26687],[136.35484,34.26347],[136.35307,34.25658],[136.35024,34.24998],[136.34351,34.23954],[136.33484,34.22987],[136.33256,34.22513],[136.32982,34.21667]],[[135.37249,33.74567],[135.37986,33.74644],[135.386,33.74914],[135.39064,33.74964],[135.39498,33.74845],[135.39932,33.7463],[135.40475,33.74286],[135.40686,33.74016],[135.40786,33.73589],[135.41033,33.73045],[135.4119,33.72117],[135.41434,33.71582],[135.41226,33.70385],[135.4129,33.70047],[135.41477,33.69631],[135.41487,33.69206],[135.41358,33.68888],[135.40655,33.68302],[135.40412,33.6796],[135.40155,33.66817],[135.40221,33.66012],[135.40455,33.65424],[135.40789,33.65033],[135.40949,33.64742],[135.40995,33.64497],[135.40963,33.63922],[135.41112,33.63546],[135.43368,33.59769],[135.43882,33.59135],[135.44997,33.58411],[135.45495,33.57937],[135.4578,33.57764],[135.47984,33.5719],[135.50324,33.562],[135.50663,33.55928],[135.51197,33.55312],[135.5157,33.54984],[135.53842,33.53533],[135.54612,33.5314],[135.57449,33.52128],[135.58051,33.52037],[135.58946,33.52093],[135.59333,33.5206],[135.5971,33.51958],[135.60321,33.5165]],[[135.37249,33.74567],[135.36828,33.74664],[135.35864,33.75227],[135.35417,33.75811],[135.35094,33.76579],[135.34732,33.76901],[135.34237,33.7718],[135.32426,33.77946]],[[135.32426,33.77946],[135.31093,33.7854],[135.29336,33.79103],[135.27236,33.80235],[135.26329,33.80441],[135.25005,33.80637],[135.23665,33.81121]],[[135.23665,33.81121],[135.23157,33.8137],[135.22901,33.81566],[135.2206,33.82417],[135.21942,33.82797],[135.22069,33.83739],[135.22031,33.84024],[135.21682,33.84881],[135.21284,33.85491],[135.21,33.8576],[135.20706,33.85918],[135.19541,33.86226],[135.19201,33.86467],[135.19038,33.86689],[135.18702,33.87574],[135.18401,33.88073],[135.18279,33.88408],[135.18254,33.89155],[135.18488,33.8988]]]}},{"type":"Feature","id":"expressway-651a49421bfb","properties":{"id":"expressway-651a49421bfb","label":"旭川愛別道路"},"geometry":{"type":"MultiLineString","coordinates":[[[142.57242,43.89486],[142.55567,43.8983],[142.55173,43.9005],[142.54557,43.90605],[142.54054,43.9084],[142.52833,43.91076],[142.50829,43.91357],[142.50385,43.91558],[142.49557,43.9213],[142.49034,43.92314],[142.48485,43.92374],[142.48098,43.92345],[142.46928,43.92001]]]}},{"type":"Feature","id":"expressway-653f2b54724c","properties":{"id":"expressway-653f2b54724c","label":"綾部宮津道路"},"geometry":{"type":"MultiLineString","coordinates":[[[135.19291,35.51454],[135.1933,35.51175],[135.19166,35.50819],[135.18272,35.50417],[135.17936,35.5008],[135.17555,35.49816],[135.17288,35.49413],[135.17233,35.48968],[135.17592,35.47294],[135.17538,35.47029],[135.17352,35.46679],[135.17336,35.46447],[135.17933,35.45304],[135.18462,35.44868],[135.18792,35.44384],[135.19488,35.43835],[135.20203,35.43567],[135.20602,35.4331]],[[135.20602,35.4331],[135.211,35.42768],[135.21214,35.42254],[135.21383,35.41952],[135.22486,35.4108],[135.23405,35.39674],[135.24017,35.39086],[135.24201,35.38661],[135.24334,35.38508],[135.24544,35.3838],[135.25463,35.38087],[135.26487,35.37603],[135.27421,35.3741],[135.28472,35.36699],[135.28725,35.3645],[135.28874,35.36196],[135.28958,35.35813],[135.28926,35.35323],[135.292,35.34953]]]}},{"type":"Feature","id":"expressway-6541cc2b63c7","properties":{"id":"expressway-6541cc2b63c7","label":"小川路峠道路"},"geometry":{"type":"MultiLineString","coordinates":[[[137.94099,35.45188],[137.98727,35.44609],[137.9894,35.44466],[137.99149,35.4408]]]}},{"type":"Feature","id":"expressway-6544df422504","properties":{"id":"expressway-6544df422504","label":"首都圏中央連絡自動車道"},"geometry":{"type":"MultiLineString","coordinates":[[[139.37487,35.42247],[139.37691,35.43011],[139.37675,35.43731]],[[139.25417,35.64043],[139.25173,35.6469],[139.2499,35.66098],[139.25065,35.67124],[139.25348,35.6818],[139.25763,35.68784],[139.26617,35.69416],[139.26975,35.69784],[139.27512,35.707],[139.28148,35.71395],[139.28353,35.71751]],[[139.28353,35.71751],[139.28413,35.72218],[139.28238,35.73583]],[[139.28238,35.73583],[139.28149,35.74479],[139.28254,35.75244],[139.28586,35.75913],[139.29051,35.77309],[139.29217,35.77532],[139.29538,35.77781],[139.2981,35.78236],[139.29935,35.79034],[139.30093,35.79156],[139.32321,35.79748]],[[139.32321,35.79748],[139.3387,35.80542],[139.34231,35.80646],[139.35011,35.80734],[139.3539,35.80867],[139.36039,35.81381],[139.36822,35.81779],[139.372,35.82157],[139.37418,35.82725],[139.37383,35.83353],[139.36569,35.84687],[139.36531,35.84985],[139.36651,35.85227],[139.37602,35.86041],[139.37771,35.86277],[139.37796,35.86683],[139.37548,35.874],[139.3762,35.87691],[139.37842,35.87935],[139.38569,35.88289],[139.38782,35.88614],[139.3877,35.89349],[139.38963,35.89936],[139.39015,35.90318],[139.38693,35.91338],[139.38746,35.91813],[139.38871,35.92049],[139.39278,35.9251],[139.40599,35.93506]],[[139.40599,35.93506],[139.40977,35.93884],[139.41588,35.9467],[139.42507,35.95067],[139.43068,35.95756],[139.43879,35.96209],[139.4423,35.96653],[139.45083,35.97311],[139.4662,35.98144]],[[139.4662,35.98144],[139.47193,35.98438],[139.47588,35.98549],[139.48111,35.98568],[139.49035,35.98481],[139.49827,35.98643],[139.51381,35.99545],[139.51959,36.00207]],[[140.08832,36.05736],[140.09759,36.05529],[140.10168,36.05345],[140.10457,36.05065],[140.1072,36.04561],[140.10931,36.04301],[140.11399,36.03916],[140.1229,36.0337]],[[140.1229,36.0337],[140.13482,36.0239]],[[139.6225,36.04658],[139.63552,36.05136],[139.65069,36.04962],[139.65789,36.04941]],[[139.25417,35.64043],[139.25638,35.638],[139.26016,35.62911],[139.26341,35.62391]],[[139.3765,35.43898],[139.37675,35.43731]],[[139.39304,35.34996],[139.39652,35.35071]],[[140.31578,35.57449],[140.31719,35.5663],[140.3164,35.55597],[140.30891,35.54706],[140.3082,35.54398],[140.30843,35.53769],[140.30786,35.5344],[140.30499,35.52914],[140.29593,35.51592],[140.29493,35.51235],[140.29479,35.50471],[140.29332,35.50084],[140.29073,35.49759],[140.28744,35.4952],[140.26925,35.48827],[140.26427,35.48482],[140.26159,35.4806],[140.25898,35.47057],[140.2486,35.45153],[140.24793,35.44661],[140.24909,35.44039],[140.25071,35.43663],[140.25687,35.42749],[140.25807,35.42319],[140.258,35.42011],[140.25417,35.40789],[140.25251,35.40527],[140.24766,35.40039],[140.24574,35.3972],[140.24409,35.38561],[140.24224,35.38228],[140.23979,35.37982],[140.23418,35.37681],[140.21936,35.37176],[140.19816,35.3688],[140.19431,35.36686],[140.18278,35.35835],[140.17961,35.35675],[140.175,35.35563],[140.17001,35.35586],[140.15535,35.35971],[140.13944,35.36119],[140.13144,35.36392],[140.12816,35.36435],[140.11658,35.36198],[140.09103,35.36265],[140.07182,35.35918],[140.05347,35.35919]],[[139.97989,35.37643],[139.98255,35.37173],[139.98606,35.36869],[139.98903,35.36718],[139.99788,35.36453],[140.00611,35.35912],[140.01005,35.35744],[140.01525,35.35668],[140.02843,35.35787],[140.03599,35.35761],[140.04586,35.35904],[140.05347,35.35919]],[[140.43832,35.6628],[140.43677,35.66202],[140.43473,35.66253],[140.43018,35.65905],[140.42211,35.65529],[140.41766,35.65236],[140.40499,35.63956],[140.39562,35.63238],[140.38839,35.623],[140.38211,35.61769],[140.37417,35.61394],[140.35322,35.60797],[140.34877,35.60532],[140.34075,35.59835],[140.33753,35.59674],[140.32525,35.59515],[140.31962,35.59264],[140.3159,35.58845],[140.31456,35.58401],[140.31578,35.57449]],[[139.3765,35.43898],[139.37379,35.44828],[139.37446,35.45259],[139.37213,35.45804],[139.37325,35.46066],[139.37712,35.46413],[139.37744,35.4676],[139.3655,35.50019],[139.36625,35.50499],[139.36595,35.50719],[139.36071,35.51434],[139.3577,35.51996],[139.35384,35.52312]],[[139.35384,35.52312],[139.34573,35.52733],[139.33716,35.5295],[139.33285,35.53132],[139.32802,35.53461],[139.32424,35.53844],[139.32099,35.54348],[139.31674,35.55336],[139.30863,35.5651],[139.29345,35.58137],[139.28638,35.59165],[139.28166,35.59537],[139.27037,35.59996],[139.26699,35.60319],[139.26555,35.60619],[139.26523,35.60851],[139.2663,35.61665],[139.26341,35.62391]],[[139.37856,35.38458],[139.3775,35.39487],[139.37199,35.41027],[139.37216,35.41446],[139.37487,35.42247]],[[140.37956,35.8948],[140.39167,35.86436],[140.39127,35.8581],[140.38715,35.84994],[140.38592,35.84611],[140.38439,35.83324],[140.3897,35.8152],[140.39219,35.81025]],[[139.6225,36.04658],[139.60112,36.04334],[139.59091,36.03964],[139.58638,36.03664],[139.57593,36.02725],[139.5599,36.01853],[139.55103,36.01292],[139.54635,36.01099],[139.53852,36.01075],[139.53447,36.00991],[139.52512,36.00584],[139.51959,36.00207]],[[139.39304,35.34996],[139.39135,35.35092],[139.37956,35.35245],[139.37731,35.35421],[139.37588,35.36016],[139.37419,35.36267],[139.3731,35.36637],[139.37443,35.37255],[139.37856,35.38458]],[[140.29809,35.95788],[140.30343,35.95271],[140.31198,35.94812],[140.32001,35.94227],[140.33612,35.9365],[140.34125,35.93358],[140.34503,35.92937],[140.34894,35.92171],[140.35248,35.91804],[140.35735,35.91509],[140.36699,35.91178],[140.37124,35.90886],[140.37361,35.90582],[140.37956,35.8948]],[[139.65789,36.04941],[139.66121,36.04879],[139.67204,36.04453],[139.67723,36.04447],[139.68242,36.04673],[139.68874,36.05305],[139.69646,36.05872],[139.70051,36.06277],[139.70418,36.06466],[139.70826,36.06493],[139.71459,36.06321],[139.72597,36.06169],[139.73386,36.06309],[139.73894,36.06483]],[[139.80779,36.12498],[139.81394,36.12411],[139.82348,36.12498],[139.82747,36.12405],[139.83061,36.12229],[139.83587,36.11732],[139.84066,36.11448],[139.84613,36.11279],[139.85398,36.11186],[139.85794,36.11021],[139.87021,36.09657],[139.87587,36.09202],[139.88061,36.09031],[139.88753,36.0899],[139.89156,36.08897]],[[139.89156,36.08897],[139.90218,36.08398],[139.913,36.08096],[139.91629,36.07887],[139.92222,36.07339],[139.92884,36.07095],[139.9458,36.07163],[139.95792,36.07358],[139.9679,36.07355],[139.98328,36.07815],[140.0045,36.08029],[140.00805,36.07941],[140.01065,36.07795],[140.01543,36.07206],[140.01986,36.06884],[140.04983,36.05646],[140.05851,36.05541],[140.08093,36.05779],[140.08832,36.05736]],[[139.76165,36.09527],[139.75764,36.10163],[139.75658,36.10509],[139.75684,36.10742],[139.75802,36.10995],[139.76155,36.11305],[139.77684,36.12255],[139.78896,36.1275],[139.79343,36.12826],[139.79689,36.12799],[139.80779,36.12498]],[[139.73894,36.06483],[139.74942,36.07056],[139.75151,36.07258],[139.75621,36.0821],[139.76128,36.08918],[139.76196,36.09193],[139.76165,36.09527]],[[140.18092,35.99197],[140.18492,35.99133],[140.18948,35.9915],[140.20095,35.99533],[140.20947,35.99536],[140.21519,35.99327],[140.23369,35.98252],[140.23974,35.98084]],[[140.13482,36.0239],[140.14025,36.01778],[140.14492,36.00574],[140.14831,36.00084],[140.1518,35.99732],[140.15837,35.99399],[140.16256,35.9929],[140.17507,35.99308],[140.18092,35.99197]],[[140.23974,35.98084],[140.25169,35.97992],[140.25896,35.97748],[140.27116,35.97488],[140.2755,35.97261],[140.28301,35.96713],[140.29285,35.96223],[140.29809,35.95788]]]}},{"type":"Feature","id":"expressway-66092fe75238","properties":{"id":"expressway-66092fe75238","label":"首都高速9号深川線"},"geometry":{"type":"MultiLineString","coordinates":[[[139.81277,35.64426],[139.81087,35.65572],[139.80771,35.65913],[139.80557,35.66289],[139.80459,35.67199],[139.79563,35.67399],[139.79463,35.67657],[139.78841,35.67919],[139.78637,35.68152]]]}},{"type":"Feature","id":"expressway-66881987b92e","properties":{"id":"expressway-66881987b92e","label":"橋本道路"},"geometry":{"type":"MultiLineString","coordinates":[[[135.65234,34.33452],[135.64697,34.3349],[135.63983,34.3334],[135.63458,34.33335],[135.62601,34.33123],[135.61764,34.32762],[135.61072,34.32627],[135.60156,34.32138],[135.58335,34.31942],[135.57686,34.31736],[135.56742,34.31551],[135.5592,34.31231],[135.54746,34.31203]]]}},{"type":"Feature","id":"expressway-66ad6adf5982","properties":{"id":"expressway-66ad6adf5982","label":"高千穂日之影道路"},"geometry":{"type":"MultiLineString","coordinates":[[[131.32472,32.70523],[131.33029,32.7014],[131.34878,32.69142]],[[131.34878,32.69142],[131.35254,32.68891],[131.35713,32.68206],[131.36263,32.67645]]]}},{"type":"Feature","id":"expressway-6820f1aa62cf","properties":{"id":"expressway-6820f1aa62cf","label":"京奈道路"},"geometry":{"type":"MultiLineString","coordinates":[[[135.76187,34.84655],[135.76042,34.84375],[135.75401,34.83795],[135.75063,34.83149],[135.75058,34.82846],[135.752,34.82446],[135.75143,34.81871],[135.7519,34.81452],[135.75312,34.81091],[135.75541,34.80713]],[[135.75541,34.80713],[135.75756,34.80339],[135.75852,34.79655],[135.75973,34.79353],[135.76282,34.78996],[135.77144,34.78434],[135.77301,34.78146],[135.77331,34.77719]],[[135.77331,34.77719],[135.77409,34.77272],[135.77733,34.76573],[135.77861,34.75641],[135.77987,34.75291],[135.78239,34.74863],[135.78852,34.74165],[135.79154,34.7361]],[[135.79154,34.7361],[135.79454,34.73099],[135.79724,34.72837],[135.80942,34.72277],[135.81176,34.72043]]]}},{"type":"Feature","id":"expressway-6847c518b04a","properties":{"id":"expressway-6847c518b04a","label":"紀北西道路"},"geometry":{"type":"MultiLineString","coordinates":[[[135.3674,34.28837],[135.36023,34.29207],[135.35682,34.29306],[135.32473,34.29371],[135.31967,34.29268],[135.31097,34.2886],[135.30611,34.28778]],[[135.27211,34.28259],[135.28001,34.28771],[135.28573,34.28937],[135.29154,34.28953],[135.30611,34.28778]]]}},{"type":"Feature","id":"expressway-689962beef56","properties":{"id":"expressway-689962beef56","label":"名古屋高速11号小牧線"},"geometry":{"type":"MultiLineString","coordinates":[[[136.90992,35.22923],[136.90759,35.25492],[136.90808,35.26464],[136.90695,35.27597]],[[136.90695,35.27597],[136.90577,35.29153],[136.90774,35.29766],[136.91053,35.30311]]]}},{"type":"Feature","id":"expressway-68b8eff09fc7","properties":{"id":"expressway-68b8eff09fc7","label":"名阪国道"},"geometry":{"type":"MultiLineString","coordinates":[[[136.41407,34.85858],[136.41708,34.85257],[136.4167,34.85012],[136.41538,34.84869],[136.41053,34.84559],[136.40049,34.84114],[136.39184,34.84029],[136.38638,34.83824],[136.3793,34.83799],[136.37256,34.84133],[136.36358,34.84148],[136.36176,34.8411],[136.35987,34.83866],[136.35751,34.83752],[136.34219,34.8378],[136.33723,34.83613],[136.3208,34.83975],[136.30986,34.83619],[136.29498,34.8344],[136.28512,34.83561],[136.27484,34.83534],[136.26954,34.83818],[136.26568,34.83928],[136.25817,34.83924],[136.25446,34.83853],[136.23576,34.83004],[136.22785,34.82373],[136.21889,34.81999],[136.21111,34.81381],[136.20255,34.81154],[136.18,34.79856],[136.1648,34.79264],[136.16151,34.79007],[136.16039,34.78743],[136.1581,34.77981],[136.15583,34.76468],[136.15338,34.76086],[136.14868,34.75576],[136.14221,34.75281],[136.13174,34.75285],[136.1275,34.75169],[136.12467,34.74999],[136.114,34.7408],[136.10277,34.7348],[136.09453,34.7285],[136.08562,34.72357],[136.08279,34.72065],[136.07543,34.7057],[136.07381,34.70459],[136.06604,34.70178],[136.06076,34.69605],[136.05783,34.69392],[136.04964,34.69086],[136.04823,34.68944],[136.0472,34.68573],[136.04569,34.68373],[136.03747,34.68025],[136.03552,34.67879],[136.03453,34.67705],[136.03281,34.6701],[136.03327,34.65905],[136.03175,34.65645],[136.02662,34.65278],[136.02084,34.65211],[136.01121,34.6454],[136.00534,34.63824],[135.99805,34.63274],[135.98639,34.62836],[135.98489,34.62665],[135.98286,34.62208],[135.98152,34.62085],[135.96889,34.61643],[135.95868,34.61013],[135.95248,34.60941],[135.94318,34.61212],[135.93944,34.61242],[135.92445,34.60874],[135.90956,34.60808],[135.90239,34.60659],[135.89994,34.60681],[135.89279,34.60927],[135.88841,34.61195],[135.8856,34.61453],[135.88498,34.61718],[135.88525,34.61899],[135.88705,34.62143],[135.89074,34.62336],[135.89134,34.6253],[135.88843,34.62919],[135.88507,34.63063],[135.88384,34.63045],[135.88211,34.62898],[135.88012,34.62214],[135.87775,34.62055],[135.8734,34.61979],[135.87247,34.61903],[135.87272,34.61747],[135.87682,34.61377],[135.87682,34.61262],[135.87579,34.61191],[135.87243,34.61331],[135.86918,34.61379],[135.86273,34.6131],[135.85558,34.61411],[135.85122,34.61607],[135.83198,34.61761]]]}},{"type":"Feature","id":"expressway-6a73484793a4","properties":{"id":"expressway-6a73484793a4","label":"片坂バイパス"},"geometry":{"type":"MultiLineString","coordinates":[[[133.14196,33.1875],[133.14549,33.1877],[133.14707,33.1866],[133.1452,33.18411],[133.14468,33.18159],[133.1489,33.16793],[133.14797,33.15803],[133.14595,33.15488],[133.1357,33.14412],[133.12865,33.13957],[133.12598,33.13963],[133.1251,33.13631]]]}},{"type":"Feature","id":"expressway-6a9576141636","properties":{"id":"expressway-6a9576141636","label":"七尾氷見道路"},"geometry":{"type":"MultiLineString","coordinates":[[[136.95509,36.85655],[136.95912,36.86636],[136.97098,36.87695]],[[137.0481,36.97198],[137.04625,36.97816],[137.04721,36.98646],[137.04657,36.99204],[137.0423,37.00118],[137.03941,37.00466],[137.03008,37.01152],[137.01943,37.01486],[137.00225,37.022],[136.99707,37.02291],[136.98887,37.02189],[136.98546,37.02235]],[[136.98546,37.02235],[136.9797,37.0232],[136.97674,37.02288],[136.97404,37.02176],[136.96931,37.01802],[136.964,37.0167],[136.96014,37.01723],[136.95299,37.02066]],[[137.0481,36.97198],[137.04887,36.96695],[137.0473,36.96165],[137.03365,36.95081],[137.02369,36.9444],[137.0049,36.9199]],[[136.97098,36.87695],[136.9751,36.88074],[136.98042,36.88965],[136.9926,36.90319],[137.0049,36.9199]]]}},{"type":"Feature","id":"expressway-6b0020667b4d","properties":{"id":"expressway-6b0020667b4d","label":"安房峠道路"},"geometry":{"type":"MultiLineString","coordinates":[[[137.60344,36.20595],[137.60289,36.20426],[137.60082,36.20251],[137.58423,36.1945],[137.57803,36.19299],[137.55962,36.19306],[137.55609,36.19116],[137.55254,36.18713]]]}},{"type":"Feature","id":"expressway-6b88a76845f2","properties":{"id":"expressway-6b88a76845f2","label":"米子道路"},"geometry":{"type":"MultiLineString","coordinates":[[[133.43897,35.46081],[133.43643,35.4563],[133.43351,35.45345],[133.42226,35.44825],[133.41833,35.44502],[133.41636,35.4414],[133.41482,35.43018],[133.41385,35.42833],[133.41108,35.42685],[133.40538,35.42646]],[[133.39979,35.42602],[133.39295,35.42395],[133.38253,35.42342],[133.36923,35.41842],[133.35709,35.41724]],[[133.35709,35.41724],[133.34396,35.41362],[133.33507,35.41292],[133.32623,35.40906]],[[133.40538,35.42646],[133.39979,35.42602]]]}},{"type":"Feature","id":"expressway-6c3158121681","properties":{"id":"expressway-6c3158121681","label":"阪神高速15号堺線"},"geometry":{"type":"MultiLineString","coordinates":[[[135.51038,34.66675],[135.49804,34.66719]],[[135.49804,34.66719],[135.48761,34.66853],[135.48655,34.66807],[135.4867,34.66037],[135.48528,34.65602],[135.48547,34.64924],[135.48624,34.64671],[135.48544,34.6421],[135.48676,34.62206],[135.48351,34.61196],[135.48317,34.60485],[135.4818,34.59882],[135.48607,34.59405],[135.48653,34.59236],[135.48128,34.57735]],[[135.48128,34.57735],[135.47999,34.5748],[135.47595,34.57322]]]}},{"type":"Feature","id":"expressway-6ceb634c8291","properties":{"id":"expressway-6ceb634c8291","label":"阪神高速31号神戸山手線"},"geometry":{"type":"MultiLineString","coordinates":[[[135.09837,34.70736],[135.10223,34.70306],[135.10309,34.69513],[135.10773,34.68309],[135.10783,34.67862],[135.10867,34.6771],[135.11621,34.6721],[135.12519,34.67186],[135.14452,34.66358],[135.14569,34.66361],[135.14821,34.66531],[135.15002,34.66511],[135.15101,34.66378],[135.15106,34.6608],[135.15194,34.65788]]]}},{"type":"Feature","id":"expressway-6e0d0b82987c","properties":{"id":"expressway-6e0d0b82987c","label":"鷹巣大館道路"},"geometry":{"type":"MultiLineString","coordinates":[[[140.51609,40.2505],[140.50238,40.23768],[140.49032,40.23106],[140.47752,40.22689],[140.4662,40.22497],[140.45592,40.22461],[140.44336,40.22672],[140.43711,40.22597],[140.4323,40.22349],[140.41656,40.21172],[140.39611,40.20201]]]}},{"type":"Feature","id":"expressway-6e3ce6f87ed5","properties":{"id":"expressway-6e3ce6f87ed5","label":"福岡高速1号線"},"geometry":{"type":"MultiLineString","coordinates":[[[130.4392,33.66184],[130.44141,33.66689]],[[130.41548,33.62479],[130.41947,33.63478],[130.42082,33.63645],[130.42537,33.64645],[130.43212,33.65734],[130.43325,33.65824],[130.43719,33.65886],[130.4392,33.66184]],[[130.41106,33.6153],[130.41548,33.62479]],[[130.40167,33.60414],[130.4082,33.60862],[130.41106,33.6153]],[[130.39202,33.60084],[130.40003,33.60311],[130.40167,33.60414]],[[130.35652,33.59498],[130.3613,33.59678],[130.36728,33.60038],[130.37066,33.59989],[130.3761,33.60016]],[[130.3761,33.60016],[130.38012,33.59921],[130.38522,33.60012],[130.38849,33.59967],[130.39202,33.60084]],[[130.31673,33.57148],[130.3175,33.56836]],[[130.31673,33.57148],[130.31594,33.57611],[130.31688,33.57766],[130.31971,33.57821],[130.32527,33.57809],[130.33598,33.58121],[130.33969,33.58383],[130.34158,33.58749],[130.34474,33.58943],[130.3467,33.59346],[130.35652,33.59498]]]}},{"type":"Feature","id":"expressway-6f4b8efbe966","properties":{"id":"expressway-6f4b8efbe966","label":"豊見城東道路"},"geometry":{"type":"MultiLineString","coordinates":[[[127.72441,26.1809],[127.72069,26.18106],[127.71743,26.18021],[127.70428,26.17449],[127.69701,26.17228]],[[127.69701,26.17228],[127.68931,26.1713],[127.68562,26.17166],[127.67958,26.17113],[127.67684,26.17215],[127.6738,26.17523],[127.67164,26.17582]]]}},{"type":"Feature","id":"expressway-6f7f3e2e2b3a","properties":{"id":"expressway-6f7f3e2e2b3a","label":"今宿道路"},"geometry":{"type":"MultiLineString","coordinates":[[[130.29675,33.56906],[130.31518,33.56836]],[[130.27847,33.57279],[130.28547,33.57296],[130.29148,33.56958],[130.29675,33.56906]],[[130.25098,33.57136],[130.26174,33.57493],[130.26392,33.57472],[130.2696,33.57256],[130.27847,33.57279]],[[130.1977,33.53922],[130.20924,33.54664],[130.22329,33.55321],[130.23502,33.56276],[130.24484,33.5666],[130.25098,33.57136]],[[130.31518,33.56836],[130.3175,33.56836]]]}},{"type":"Feature","id":"expressway-6feae9ae7f7e","properties":{"id":"expressway-6feae9ae7f7e","label":"首都高速神奈川3号狩場線"},"geometry":{"type":"MultiLineString","coordinates":[[[139.66199,35.43941],[139.6639,35.43774],[139.66535,35.43736],[139.66725,35.43819],[139.66761,35.43963]],[[139.65669,35.44327],[139.65805,35.4428],[139.66199,35.43941]],[[139.64511,35.43943],[139.65382,35.4429],[139.65669,35.44327]],[[139.64269,35.43851],[139.64511,35.43943]],[[139.58047,35.44129],[139.58835,35.4426],[139.59094,35.44239],[139.59729,35.43971],[139.60275,35.4389],[139.606,35.43662],[139.6109,35.43657],[139.61659,35.43347],[139.62034,35.4327],[139.62516,35.43313],[139.63544,35.43688],[139.64269,35.43851]],[[139.62202,35.43271],[139.62298,35.43591]]]}},{"type":"Feature","id":"expressway-701ed00aba00","properties":{"id":"expressway-701ed00aba00","label":"椎田道路"},"geometry":{"type":"MultiLineString","coordinates":[[[131.08147,33.62142],[131.07942,33.62292],[131.07577,33.6285],[131.07314,33.63048],[131.06568,33.63259],[131.06121,33.63495],[131.0553,33.63584],[131.05339,33.63685],[131.04938,33.64082],[131.04127,33.64371],[131.02977,33.65392],[131.01193,33.66364],[130.99674,33.67615],[130.99599,33.68042],[130.99742,33.69158],[130.99527,33.69725],[130.99609,33.70208],[130.99792,33.70443],[130.99858,33.70738]],[[131.10212,33.61301],[131.09685,33.6137],[131.08935,33.61609],[131.08443,33.62001],[131.08147,33.62142]]]}},{"type":"Feature","id":"expressway-7032eed4a3c1","properties":{"id":"expressway-7032eed4a3c1","label":"近畿自動車道敦賀線"},"geometry":{"type":"MultiLineString","coordinates":[[[135.76804,35.49439],[135.77163,35.50249],[135.77443,35.50556],[135.7792,35.50804],[135.78691,35.5099],[135.81101,35.51299],[135.82763,35.51248],[135.8452,35.51407],[135.85258,35.51371],[135.86421,35.51114],[135.86801,35.51128],[135.87203,35.51242],[135.87913,35.51653],[135.88278,35.5205],[135.8874,35.53194],[135.8886,35.5385],[135.89392,35.54579],[135.89661,35.55471],[135.90285,35.56291],[135.90753,35.57332],[135.91089,35.5768],[135.91417,35.57875],[135.92414,35.5829],[135.9468,35.5881],[135.95459,35.5942],[135.96537,35.60501],[135.97169,35.60884],[135.97836,35.61094],[135.99536,35.61401],[136.02238,35.61618],[136.02648,35.61594],[136.03156,35.6139],[136.03725,35.60826],[136.04157,35.60581],[136.05232,35.60164],[136.05578,35.60129],[136.06003,35.60197],[136.06412,35.604],[136.0664,35.60627],[136.06775,35.6088],[136.06979,35.61613],[136.07123,35.61853],[136.07984,35.62453],[136.08379,35.63027],[136.08604,35.63243],[136.0895,35.63429],[136.09264,35.63479]],[[135.15156,34.89351],[135.15187,34.89559],[135.1536,34.89882],[135.15615,34.90633],[135.15427,34.91551],[135.15493,34.91859],[135.15851,34.92654],[135.15891,34.93278],[135.15841,34.93674],[135.15595,34.94064],[135.14666,34.94497],[135.1419,34.94817],[135.13747,34.95388],[135.13385,34.95728],[135.13309,34.95987],[135.13385,34.96167],[135.13582,34.96364],[135.13929,34.96549],[135.14421,34.96704],[135.14664,34.96907],[135.1477,34.97816],[135.1561,34.99286],[135.15539,34.99977],[135.15841,35.00368],[135.1596,35.00761],[135.16238,35.01256],[135.16444,35.0145],[135.17101,35.01543],[135.17636,35.02041],[135.17895,35.02904],[135.18257,35.03674],[135.18229,35.04578],[135.18407,35.05646],[135.18302,35.0629],[135.1794,35.06701]],[[135.1794,35.06701],[135.17508,35.07014],[135.17213,35.07341],[135.17,35.07674],[135.16803,35.0817],[135.16731,35.08983],[135.1681,35.09414],[135.17074,35.10161],[135.1708,35.10398],[135.17029,35.10553],[135.16604,35.11124],[135.16411,35.12574],[135.16055,35.13366],[135.1575,35.13714],[135.15343,35.13949],[135.14743,35.13976],[135.14271,35.13815],[135.14052,35.13806],[135.13554,35.14029],[135.13089,35.14109],[135.12866,35.14227],[135.12679,35.14444],[135.12229,35.15281],[135.11938,35.1618],[135.11884,35.16679],[135.12,35.17032],[135.12277,35.17349],[135.1262,35.17519],[135.13329,35.17684],[135.13673,35.1811],[135.14024,35.18375],[135.14152,35.19026],[135.1445,35.19381],[135.1484,35.19645],[135.15565,35.19876],[135.15861,35.20327],[135.16393,35.20644],[135.16606,35.21118],[135.18353,35.22305],[135.1881,35.2284],[135.18911,35.23141],[135.18901,35.23454],[135.18775,35.23754],[135.18308,35.24396],[135.18147,35.25014],[135.18316,35.25705],[135.18332,35.26266],[135.1871,35.26812],[135.18744,35.27104],[135.18401,35.27503],[135.18202,35.27957],[135.17736,35.28626]],[[135.25743,35.32726],[135.26347,35.32807],[135.2683,35.3306],[135.27123,35.33606],[135.27442,35.33885],[135.2774,35.3434],[135.28004,35.34556],[135.2888,35.3477],[135.29542,35.3514],[135.30121,35.35278],[135.30404,35.35416],[135.30655,35.35716],[135.30749,35.36266],[135.30878,35.36503]],[[135.33776,35.40249],[135.34591,35.40648],[135.353,35.40584],[135.35953,35.40857],[135.37223,35.4195],[135.37596,35.42946],[135.38813,35.44258],[135.39099,35.44397],[135.4076,35.44514],[135.41197,35.44653],[135.41502,35.44882],[135.4192,35.45627],[135.42173,35.45882]],[[135.42173,35.45882],[135.42534,35.46066],[135.43006,35.46139],[135.43663,35.4599],[135.44562,35.45683],[135.45264,35.45686],[135.47764,35.46813],[135.48446,35.47254],[135.48785,35.47359],[135.4919,35.4736],[135.49739,35.47273],[135.51742,35.4673],[135.52281,35.46471],[135.54182,35.45184],[135.54535,35.45032],[135.55374,35.44909],[135.56122,35.44527],[135.57199,35.44476],[135.57997,35.44711],[135.58406,35.44767],[135.58878,35.44743],[135.59465,35.44584],[135.5992,35.44555],[135.60523,35.4474],[135.61665,35.45262],[135.61881,35.45383],[135.62422,35.45896],[135.62763,35.46089],[135.63825,35.4627],[135.64141,35.46399],[135.65885,35.47845]],[[135.65885,35.47845],[135.66171,35.47962],[135.66504,35.48002],[135.68194,35.47956],[135.69429,35.48037],[135.70131,35.47989],[135.70913,35.47784],[135.71784,35.47954],[135.72475,35.47973],[135.73593,35.47803],[135.74393,35.47494],[135.74887,35.47469],[135.75564,35.47761],[135.76074,35.48141],[135.76804,35.49439]],[[135.30878,35.36503],[135.31577,35.37045],[135.31868,35.37164],[135.32352,35.37248],[135.32611,35.37435],[135.3273,35.37746],[135.32722,35.39072],[135.32769,35.39325],[135.33199,35.4002],[135.33776,35.40249]],[[135.17736,35.28626],[135.17691,35.28935],[135.17779,35.29293],[135.17959,35.2944],[135.18427,35.29556],[135.18655,35.29724],[135.18778,35.2989],[135.18954,35.30371],[135.19559,35.31169],[135.1992,35.31956],[135.20389,35.32331],[135.20808,35.32428],[135.21726,35.32393],[135.22577,35.32784],[135.22893,35.32843],[135.23166,35.32771],[135.23959,35.32364],[135.24704,35.32249],[135.24929,35.323],[135.25375,35.32595],[135.25743,35.32726]]]}},{"type":"Feature","id":"expressway-722cd37928e4","properties":{"id":"expressway-722cd37928e4","label":"深川沼田道路"},"geometry":{"type":"MultiLineString","coordinates":[[[142.00404,43.70429],[142.02398,43.67071],[142.02594,43.66615]],[[141.9818,43.7644],[141.98292,43.75974],[141.98595,43.73557],[142.00404,43.70429]],[[141.90417,43.80017],[141.9333,43.80317],[141.93743,43.80296],[141.94083,43.80196],[141.95245,43.79508],[141.96568,43.78478],[141.97767,43.7716],[141.9818,43.7644]]]}},{"type":"Feature","id":"expressway-733f549df2df","properties":{"id":"expressway-733f549df2df","label":"首都高速4号新宿線"},"geometry":{"type":"MultiLineString","coordinates":[[[139.68283,35.67938],[139.69073,35.68408],[139.69442,35.67967],[139.69797,35.68102],[139.70118,35.67997],[139.70621,35.6812],[139.70967,35.68134],[139.72215,35.67965],[139.72881,35.68186],[139.73212,35.68059],[139.73328,35.67889],[139.73444,35.6785],[139.74583,35.6798]],[[139.6471,35.66862],[139.65004,35.67008],[139.65523,35.67084],[139.68283,35.67938]],[[139.61429,35.67726],[139.61883,35.67534],[139.62539,35.67031],[139.63255,35.66932],[139.63873,35.66741],[139.6471,35.66862]]]}},{"type":"Feature","id":"expressway-736d33b840c2","properties":{"id":"expressway-736d33b840c2","label":"近畿自動車道伊勢線"},"geometry":{"type":"MultiLineString","coordinates":[[[136.78322,35.04984],[136.79454,35.05159],[136.8181,35.05174]],[[136.78322,35.04984],[136.7596,35.04659],[136.74811,35.04066],[136.69779,35.02165],[136.69282,35.02035],[136.68693,35.02059]],[[136.68693,35.02059],[136.67766,35.02627],[136.67083,35.0293],[136.66444,35.02918],[136.6582,35.02644],[136.64895,35.02717],[136.64678,35.0285],[136.64296,35.03358],[136.64116,35.0349],[136.62811,35.03813]],[[136.62811,35.03813],[136.62138,35.03505],[136.61345,35.02911],[136.60565,35.02639],[136.59978,35.02238],[136.59283,35.01901],[136.58715,35.01263],[136.58402,35.01015],[136.57126,35.00588],[136.56577,35.00316],[136.55485,34.99603],[136.5411,34.98534],[136.53685,34.98431],[136.52916,34.98505],[136.52434,34.98475],[136.52006,34.98322],[136.51695,34.98115],[136.51303,34.97557],[136.50339,34.95423],[136.49326,34.94256],[136.4906,34.93859],[136.48887,34.93418],[136.48807,34.92795],[136.48713,34.92578],[136.47241,34.90735],[136.46758,34.9034],[136.46096,34.90078],[136.45837,34.89899],[136.45646,34.89617],[136.45514,34.88998],[136.45252,34.88701],[136.445,34.88353],[136.44017,34.87841],[136.4381,34.87708],[136.42387,34.87298],[136.4201,34.87114],[136.41409,34.86573]],[[136.41409,34.86573],[136.41263,34.86282],[136.41273,34.86032],[136.41698,34.85176],[136.4166,34.8495],[136.41395,34.84617],[136.41375,34.84476],[136.41462,34.8427]],[[136.41053,34.84559],[136.42057,34.83837],[136.4364,34.83134],[136.44203,34.82656],[136.44597,34.82045],[136.44721,34.8166],[136.44792,34.8015],[136.44919,34.79662],[136.45242,34.7925],[136.4675,34.78178],[136.47051,34.778],[136.47281,34.77348],[136.4738,34.76223],[136.47798,34.7521],[136.47887,34.74648],[136.47788,34.74324],[136.47495,34.7384],[136.46705,34.72985],[136.46462,34.72525],[136.46403,34.72215],[136.46413,34.70883],[136.46044,34.69421],[136.45966,34.68233]],[[136.45966,34.68233],[136.45829,34.67796],[136.45099,34.66273],[136.44967,34.65833],[136.44957,34.65412],[136.45109,34.64523],[136.45091,34.63303],[136.45137,34.6296],[136.45292,34.62527],[136.46029,34.61464],[136.46424,34.60605],[136.46572,34.59898],[136.46565,34.58502],[136.46714,34.57636]],[[136.46714,34.57636],[136.46824,34.57197],[136.46861,34.5639],[136.47262,34.55645],[136.47334,34.5538],[136.4718,34.54404],[136.47279,34.53447],[136.47062,34.52831],[136.47109,34.52555],[136.47457,34.5209],[136.48703,34.51222],[136.49092,34.50758],[136.49453,34.50006],[136.49606,34.48888],[136.5013,34.48255],[136.50304,34.47947],[136.50457,34.46897],[136.50711,34.46594],[136.5105,34.46378]],[[136.5105,34.46378],[136.51435,34.46233],[136.51823,34.46188],[136.53224,34.46438],[136.54663,34.46242],[136.55796,34.46455],[136.56781,34.46357],[136.57773,34.46562],[136.58797,34.46478],[136.59871,34.46614],[136.60943,34.46469],[136.61946,34.46681]],[[136.61946,34.46681],[136.62432,34.46673],[136.63511,34.46392],[136.64713,34.46387],[136.64995,34.46276],[136.65933,34.45636],[136.66349,34.45559],[136.68553,34.45977],[136.69468,34.46223],[136.70198,34.46605],[136.71089,34.47304]],[[136.71089,34.47304],[136.71943,34.47546],[136.72687,34.48004],[136.73189,34.48059]],[[136.8181,35.05174],[136.81761,35.07571],[136.81664,35.07815],[136.81026,35.08778],[136.80982,35.08966],[136.81024,35.0913],[136.81459,35.09816],[136.81618,35.10293],[136.8183,35.12502],[136.81753,35.12945],[136.81506,35.13623],[136.81484,35.13921],[136.81851,35.15333],[136.81829,35.15808]]]}},{"type":"Feature","id":"expressway-7440095259da","properties":{"id":"expressway-7440095259da","label":"長門・俵山道路"},"geometry":{"type":"MultiLineString","coordinates":[[[131.13982,34.30808],[131.1418,34.30767],[131.1533,34.31648],[131.15634,34.32056],[131.16042,34.33012],[131.16267,34.3319],[131.16746,34.33408],[131.1712,34.34],[131.17553,34.3428]]]}},{"type":"Feature","id":"expressway-746c562a6a65","properties":{"id":"expressway-746c562a6a65","label":"東関東自動車道館山線"},"geometry":{"type":"MultiLineString","coordinates":[[[140.13785,35.56703],[140.14085,35.54688],[140.14052,35.54344],[140.13811,35.53837],[140.11816,35.51587],[140.10129,35.50313],[140.08528,35.4888],[140.08244,35.48494],[140.0813,35.48153],[140.08131,35.47788],[140.08536,35.46715],[140.08588,35.46359],[140.08512,35.45891],[140.08288,35.45464],[140.07914,35.4502],[140.07434,35.44647],[140.06871,35.4437],[140.05757,35.43953],[140.04751,35.43049],[140.04237,35.42732]],[[140.04237,35.42732],[140.03509,35.42509],[140.02022,35.42412],[140.01475,35.42172],[140.01302,35.41976],[140.01173,35.41693],[140.00424,35.39347],[140.00015,35.38795],[139.99518,35.3846],[139.98438,35.38003],[139.97446,35.37217],[139.9634,35.36678],[139.95909,35.36364],[139.95407,35.35826],[139.94849,35.35395]],[[139.94849,35.35395],[139.94566,35.3504],[139.94468,35.34702],[139.94456,35.33762],[139.94631,35.32698],[139.94396,35.31892]],[[139.94849,35.35395],[139.9367,35.35243],[139.93084,35.34987],[139.92056,35.35032]],[[139.94396,35.31892],[139.94261,35.30994],[139.94036,35.30205],[139.93131,35.29261],[139.92365,35.27856],[139.91793,35.27307],[139.9063,35.26781],[139.89978,35.26355],[139.89494,35.25805],[139.89206,35.25162]],[[139.89206,35.25162],[139.88867,35.24165],[139.88665,35.22818],[139.88439,35.22344],[139.88589,35.21708],[139.8837,35.21055],[139.87933,35.20596],[139.85907,35.196]]]}},{"type":"Feature","id":"expressway-74c1fc46154f","properties":{"id":"expressway-74c1fc46154f","label":"浜田道路"},"geometry":{"type":"MultiLineString","coordinates":[[[132.06259,34.88249],[132.06744,34.88468],[132.07338,34.88981],[132.08161,34.89361],[132.08407,34.89367],[132.09074,34.89091],[132.09411,34.89041],[132.10441,34.89502],[132.10604,34.89646],[132.10648,34.89837],[132.10591,34.90445],[132.10458,34.90805],[132.10691,34.91131]]]}},{"type":"Feature","id":"expressway-75c494425dd0","properties":{"id":"expressway-75c494425dd0","label":"月山道路"},"geometry":{"type":"MultiLineString","coordinates":[[[139.99207,38.45571],[139.99051,38.45914],[139.99448,38.4699],[139.99519,38.47601],[139.9946,38.47844],[139.99246,38.47982],[139.99195,38.482],[139.98909,38.48629],[139.98495,38.48876],[139.98344,38.49136],[139.97587,38.4942],[139.97268,38.49442],[139.97001,38.49654],[139.96441,38.50288],[139.94942,38.52433],[139.94923,38.5257],[139.95065,38.52987],[139.94967,38.5322],[139.94632,38.53302],[139.94257,38.53147],[139.94094,38.53164],[139.93272,38.53891],[139.9302,38.55554],[139.92887,38.55846],[139.93367,38.56168],[139.93825,38.56224],[139.9397,38.56312],[139.93979,38.56489],[139.93649,38.56808],[139.93812,38.56998],[139.93871,38.57359],[139.94328,38.57639],[139.94278,38.57947],[139.9378,38.58107],[139.92953,38.57646],[139.92567,38.57533],[139.92299,38.57535],[139.91732,38.57325]]]}},{"type":"Feature","id":"expressway-75f9b995be98","properties":{"id":"expressway-75f9b995be98","label":"宮古道路"},"geometry":{"type":"MultiLineString","coordinates":[[[141.93927,39.59623],[141.93124,39.60449],[141.93116,39.60721],[141.93434,39.61164],[141.93475,39.61412],[141.93348,39.61658],[141.9304,39.61949],[141.92829,39.62434]]]}},{"type":"Feature","id":"expressway-775d6970a67b","properties":{"id":"expressway-775d6970a67b","label":"田老岩泉道路"},"geometry":{"type":"MultiLineString","coordinates":[[[141.96514,39.78669],[141.96438,39.78931],[141.95533,39.80527],[141.9542,39.80827],[141.95414,39.81056],[141.95508,39.8134],[141.96167,39.8203],[141.9628,39.82271],[141.96331,39.8266],[141.96277,39.83099],[141.96155,39.83429],[141.95907,39.83821],[141.95574,39.84173]]]}},{"type":"Feature","id":"expressway-77807f2cdf5d","properties":{"id":"expressway-77807f2cdf5d","label":"新庄北道路"},"geometry":{"type":"MultiLineString","coordinates":[[[140.29827,38.73932],[140.28469,38.75802],[140.2821,38.76311],[140.28197,38.76644],[140.28296,38.76949],[140.28906,38.77659]]]}},{"type":"Feature","id":"expressway-78190416b633","properties":{"id":"expressway-78190416b633","label":"伊勢湾岸道路"},"geometry":{"type":"MultiLineString","coordinates":[[[136.84664,35.05217],[136.8181,35.05174]],[[136.90071,35.05161],[136.88522,35.05214],[136.87231,35.05438],[136.84664,35.05217]]]}},{"type":"Feature","id":"expressway-78b25caffb18","properties":{"id":"expressway-78b25caffb18","label":"帯広川西道路"},"geometry":{"type":"MultiLineString","coordinates":[[[143.17883,42.84911],[143.15657,42.85917],[143.12184,42.87999],[143.11844,42.88259],[143.11565,42.8859],[143.11316,42.89234],[143.10587,42.94602],[143.09563,42.97042]]]}},{"type":"Feature","id":"expressway-78ed9e09daa9","properties":{"id":"expressway-78ed9e09daa9","label":"大田・静間道路"},"geometry":{"type":"MultiLineString","coordinates":[[[132.50947,35.21314],[132.4893,35.20702],[132.47918,35.20747],[132.47112,35.20594],[132.46782,35.20453],[132.4632,35.20123],[132.45825,35.19921]]]}},{"type":"Feature","id":"expressway-7903517b011f","properties":{"id":"expressway-7903517b011f","label":"高岡砺波道路"},"geometry":{"type":"MultiLineString","coordinates":[[[136.92168,36.69056],[136.91763,36.68656],[136.9159,36.68369],[136.91465,36.67982],[136.91277,36.6598],[136.90752,36.64351],[136.90831,36.63044]],[[136.96229,36.73799],[136.95786,36.73406],[136.95386,36.72743],[136.95191,36.71251],[136.94984,36.70796],[136.94662,36.70518],[136.92168,36.69056]],[[136.97941,36.77067],[136.97741,36.76803],[136.96337,36.75769],[136.96108,36.7551],[136.96054,36.75291],[136.96096,36.75078],[136.96508,36.74559],[136.96562,36.74398],[136.96477,36.74091],[136.96229,36.73799]]]}},{"type":"Feature","id":"expressway-7c816160d8e2","properties":{"id":"expressway-7c816160d8e2","label":"河津下田道路"},"geometry":{"type":"MultiLineString","coordinates":[[[138.94633,34.78043],[138.9452,34.77945],[138.9468,34.77624],[138.94742,34.77137],[138.94593,34.75794],[138.94451,34.75476],[138.94144,34.75263]]]}},{"type":"Feature","id":"expressway-7e64639097e7","properties":{"id":"expressway-7e64639097e7","label":"東北縦貫自動車道八戸線　上北天間林道路"},"geometry":{"type":"MultiLineString","coordinates":[[[141.2123,40.7321],[141.22067,40.72905],[141.22894,40.72463],[141.23617,40.71867],[141.24355,40.70952],[141.24722,40.70633],[141.25173,40.70398],[141.26249,40.70095],[141.26688,40.69911],[141.27047,40.69655],[141.27802,40.68951]]]}},{"type":"Feature","id":"expressway-8026962c2815","properties":{"id":"expressway-8026962c2815","label":"仙台松島道路"},"geometry":{"type":"MultiLineString","coordinates":[[[140.99991,38.34062],[141.00174,38.3433],[141.0056,38.34691],[141.0217,38.35543],[141.03077,38.36409]],[[141.04103,38.39948],[141.04095,38.40149],[141.04235,38.40342],[141.04441,38.40458],[141.04698,38.40504],[141.05302,38.40432],[141.05829,38.40059],[141.06067,38.39968],[141.06381,38.39956],[141.07237,38.40096]],[[141.03077,38.36409],[141.03239,38.36714],[141.03115,38.37206],[141.0346,38.38058],[141.03407,38.38615],[141.03666,38.39025],[141.041,38.39472],[141.04157,38.39716],[141.04103,38.39948]],[[141.07237,38.40096],[141.08485,38.40477],[141.09273,38.41111],[141.09717,38.41289],[141.10674,38.41262],[141.11677,38.41318],[141.12823,38.41022],[141.13284,38.41048],[141.13698,38.41167]]]}},{"type":"Feature","id":"expressway-80437de5678a","properties":{"id":"expressway-80437de5678a","label":"田鶴浜道路"},"geometry":{"type":"MultiLineString","coordinates":[[[136.88894,37.05535],[136.88654,37.0542],[136.88438,37.05451],[136.87068,37.06086],[136.86714,37.06163],[136.85864,37.06056],[136.85112,37.05881],[136.84217,37.05892]]]}},{"type":"Feature","id":"expressway-8078bf8ff138","properties":{"id":"expressway-8078bf8ff138","label":"名古屋高速3号大高線"},"geometry":{"type":"MultiLineString","coordinates":[[[136.91726,35.15025],[136.91831,35.13995]],[[136.91831,35.13995],[136.92359,35.10515],[136.93334,35.08626],[136.93246,35.08434],[136.92537,35.07979],[136.92472,35.07851],[136.92858,35.06634],[136.93281,35.05833]],[[136.93281,35.05833],[136.94499,35.04986]]]}},{"type":"Feature","id":"expressway-80dc901d40ff","properties":{"id":"expressway-80dc901d40ff","label":"氷見高岡道路"},"geometry":{"type":"MultiLineString","coordinates":[[[136.97941,36.77067],[136.98096,36.77436],[136.98151,36.77913],[136.98099,36.78245],[136.97961,36.78503],[136.9774,36.78708],[136.95857,36.79807],[136.95498,36.8009],[136.95259,36.80419],[136.94967,36.81096],[136.94353,36.82098],[136.9432,36.82412],[136.94417,36.8297],[136.94401,36.83802],[136.94466,36.8415],[136.94722,36.84686],[136.95509,36.85655]]]}},{"type":"Feature","id":"expressway-81f6a8c52e54","properties":{"id":"expressway-81f6a8c52e54","label":"瀬戸中央自動車道"},"geometry":{"type":"MultiLineString","coordinates":[[[133.81145,34.60153],[133.81206,34.59748],[133.8113,34.59445],[133.80489,34.58628],[133.80301,34.58232],[133.80278,34.57944],[133.8043,34.57476],[133.80455,34.5719],[133.80138,34.5625],[133.80271,34.55198],[133.79964,34.54477],[133.79998,34.53853],[133.80326,34.5301],[133.80536,34.51818],[133.80511,34.51551],[133.79754,34.49911],[133.79608,34.49747],[133.78955,34.49328],[133.78684,34.48721],[133.78039,34.4799],[133.7797,34.47675],[133.7842,34.46673],[133.78468,34.45764],[133.78614,34.45471],[133.7905,34.45222],[133.79841,34.45191],[133.80238,34.451],[133.8055,34.44902],[133.80778,34.44591],[133.80828,34.4404],[133.80391,34.42238],[133.80425,34.4185],[133.81057,34.39726],[133.81188,34.39472],[133.81588,34.39035],[133.81775,34.38722],[133.82832,34.35509],[133.82868,34.35133],[133.82632,34.33755],[133.82792,34.32778],[133.83028,34.32374],[133.83601,34.31879],[133.83869,34.31526],[133.83986,34.30557],[133.845,34.29596]]]}},{"type":"Feature","id":"expressway-82759a458396","properties":{"id":"expressway-82759a458396","label":"九州横断自動車道長崎大分線"},"geometry":{"type":"MultiLineString","coordinates":[[[129.9712,32.81104],[129.97624,32.81645],[129.98394,32.82089],[129.98946,32.82217],[130.00013,32.8223],[130.00543,32.82404],[130.00757,32.82547],[130.01031,32.82868],[130.01171,32.83425],[130.0094,32.84307],[130.00982,32.85155],[130.00935,32.85368],[130.00719,32.85677],[130.00278,32.86031],[130.00103,32.86252],[129.9944,32.88584],[129.99147,32.88891],[129.98347,32.8942],[129.98086,32.89759],[129.97951,32.90215],[129.97874,32.90843],[129.97342,32.91878],[129.97058,32.93249]],[[129.97058,32.93249],[129.96742,32.93862],[129.96459,32.94205],[129.96107,32.94499],[129.95916,32.94864],[129.95931,32.95132],[129.96248,32.95728],[129.96282,32.96026],[129.95823,32.96951],[129.95871,32.97788],[129.96009,32.98272],[129.95982,32.98529],[129.95855,32.98756],[129.95287,32.99385],[129.95115,32.99714],[129.95122,33.00024],[129.9539,33.00549],[129.95344,33.00861],[129.949,33.01631],[129.94324,33.0206],[129.93951,33.02536],[129.92942,33.03057],[129.92715,33.0335],[129.92617,33.03677]],[[129.92617,33.03677],[129.92689,33.04252],[129.92964,33.04931],[129.93098,33.05626],[129.93212,33.05911],[129.93401,33.06144],[129.96216,33.08615],[129.97275,33.10384],[129.97516,33.11196]],[[129.97516,33.11196],[129.97655,33.11739],[129.9788,33.12164],[129.98394,33.12867],[129.99404,33.13854],[129.99938,33.14979],[130.00313,33.15456],[130.00706,33.15741],[130.01076,33.15908],[130.02458,33.161],[130.03136,33.16384],[130.05944,33.18996],[130.06236,33.19566],[130.06217,33.20058],[130.05989,33.20466],[130.05164,33.21401],[130.04986,33.21873]],[[130.04986,33.21873],[130.0503,33.22431],[130.05261,33.22897],[130.05492,33.23134],[130.06155,33.23603],[130.06822,33.24387],[130.07622,33.25021],[130.07886,33.25383],[130.08237,33.26076],[130.08648,33.26518],[130.09345,33.26923],[130.10628,33.2723],[130.11133,33.2742],[130.11579,33.27692],[130.12303,33.28379],[130.12772,33.28652],[130.13188,33.28788],[130.13703,33.28848],[130.15223,33.28652],[130.15774,33.28688],[130.16309,33.28905],[130.17366,33.29648],[130.18885,33.30214],[130.19741,33.30775],[130.20199,33.30971],[130.20758,33.31098],[130.21317,33.31117],[130.21821,33.31043],[130.22965,33.30721],[130.23876,33.30731],[130.24625,33.30959],[130.2597,33.31587],[130.27266,33.31949],[130.27786,33.32158]],[[130.27786,33.32158],[130.28698,33.32683],[130.2925,33.32879],[130.30458,33.32861],[130.31143,33.32914],[130.31975,33.33146],[130.33151,33.33771],[130.33569,33.33831],[130.34484,33.33818],[130.3511,33.33916],[130.36778,33.34702],[130.38145,33.35155],[130.39385,33.35383],[130.41147,33.35412],[130.4196,33.3556],[130.45698,33.36739],[130.46299,33.36982],[130.47352,33.37641],[130.48554,33.38809],[130.49527,33.39309],[130.5027,33.39547],[130.51348,33.39721],[130.51817,33.39687],[130.52343,33.39476]],[[130.52343,33.39476],[130.52655,33.39396],[130.52989,33.39399],[130.53843,33.39655]],[[130.53843,33.39655],[130.56629,33.39954],[130.58112,33.40305],[130.58742,33.40342],[130.59185,33.40293],[130.59686,33.40148],[130.60891,33.39545],[130.61592,33.39462],[130.62311,33.39623],[130.63115,33.40073],[130.63627,33.40239],[130.64167,33.40264],[130.65269,33.40171],[130.67239,33.40472],[130.67713,33.4049],[130.6835,33.4032],[130.69287,33.39741],[130.70218,33.39528],[130.70556,33.39388],[130.70879,33.3915],[130.71271,33.38687],[130.7165,33.38385],[130.7213,33.38179],[130.72679,33.3811]],[[130.72679,33.3811],[130.73839,33.38246],[130.74573,33.38118],[130.75179,33.37749],[130.758,33.37043],[130.7606,33.3685],[130.76674,33.36569],[130.77369,33.36398],[130.77961,33.36391],[130.80043,33.36918],[130.80908,33.36969]],[[130.80908,33.36969],[130.81957,33.36819],[130.82481,33.36643],[130.8279,33.36457],[130.83094,33.3605],[130.83417,33.35102],[130.83596,33.34806],[130.84018,33.34502],[130.84899,33.3414],[130.85348,33.33662],[130.85926,33.3287],[130.8629,33.3267],[130.86742,33.32708],[130.87276,33.32996],[130.87659,33.33126],[130.89261,33.33409],[130.90106,33.33435],[130.91224,33.33851],[130.92276,33.33778],[130.92957,33.34058]],[[130.92957,33.34058],[130.93714,33.34215],[130.94128,33.34159],[130.94628,33.33978],[130.95499,33.33323],[130.96056,33.33009],[130.96507,33.32445],[130.9673,33.32293],[130.97075,33.32202],[130.97887,33.32232],[130.98176,33.32123],[130.98641,33.3156],[130.98873,33.31176],[130.99158,33.31],[130.99682,33.30952],[131.00304,33.31062],[131.01047,33.30985],[131.01918,33.30563],[131.0236,33.3053],[131.0278,33.30417],[131.0331,33.30407],[131.03813,33.29955],[131.04172,33.29766],[131.05719,33.29442],[131.07796,33.28882],[131.08368,33.2879],[131.09675,33.28843],[131.10522,33.28653],[131.11096,33.28341],[131.11557,33.28247],[131.11978,33.28318],[131.12584,33.28532],[131.13099,33.29023],[131.13428,33.29172],[131.1379,33.29167],[131.14381,33.289],[131.14766,33.28829],[131.14998,33.28846],[131.15638,33.29048],[131.16319,33.29039]],[[131.16319,33.29039],[131.16799,33.28867],[131.17232,33.28579],[131.17836,33.27865],[131.18309,33.27551],[131.18545,33.27271],[131.18719,33.26824],[131.18842,33.25769],[131.1873,33.25559],[131.18242,33.25143],[131.18191,33.24973],[131.18226,33.24652],[131.18683,33.23995],[131.18885,33.23584],[131.19967,33.23023],[131.20355,33.23011],[131.20748,33.23133],[131.21179,33.23387],[131.21629,33.23833],[131.22646,33.24345],[131.2351,33.24469],[131.24121,33.24691],[131.25809,33.2513],[131.26651,33.25456],[131.27067,33.2545],[131.27844,33.25141],[131.28443,33.25148],[131.29951,33.24809],[131.30265,33.2486],[131.30751,33.25064],[131.31459,33.25108],[131.31837,33.25292],[131.32468,33.25438],[131.3292,33.25725]],[[131.3292,33.25725],[131.33337,33.26308],[131.3402,33.26868],[131.34285,33.27391],[131.34617,33.28404],[131.34802,33.28671],[131.35165,33.29009],[131.35766,33.29418],[131.36082,33.29549],[131.3641,33.29599],[131.37132,33.29503],[131.375,33.29537],[131.37812,33.29646],[131.38463,33.30026],[131.3989,33.30318],[131.40249,33.30479],[131.40609,33.30848],[131.40946,33.31572],[131.4166,33.32606],[131.42447,33.33448],[131.42558,33.33698],[131.42667,33.34283],[131.42814,33.34554],[131.43061,33.34753],[131.43663,33.35009],[131.44289,33.35166],[131.44756,33.35201]],[[131.44756,33.35201],[131.45177,33.35112],[131.45535,33.34856],[131.45768,33.34449],[131.46226,33.33258],[131.46183,33.32774],[131.45631,33.31876],[131.45524,33.31278],[131.45624,33.3083],[131.46207,33.29919],[131.46348,33.29464]],[[131.46348,33.29464],[131.46406,33.28724],[131.4656,33.2835],[131.46967,33.27894],[131.47588,33.2736],[131.48036,33.26812],[131.48468,33.2647],[131.48769,33.25898],[131.48954,33.25705],[131.49222,33.25579],[131.4974,33.25545],[131.49987,33.2546],[131.50424,33.25144],[131.51281,33.24357],[131.51698,33.24077],[131.52116,33.23983],[131.52825,33.23996],[131.53116,33.23889],[131.5343,33.23661],[131.53814,33.23012],[131.54295,33.22645],[131.54804,33.22539],[131.55325,33.22845],[131.56028,33.22983],[131.56245,33.22892],[131.56583,33.22498],[131.57127,33.22414],[131.57419,33.22257]],[[131.57419,33.22257],[131.57973,33.21392],[131.58155,33.20526],[131.58532,33.19935],[131.58871,33.19726],[131.59259,33.19628],[131.59617,33.19635],[131.62788,33.20266],[131.63179,33.20218],[131.63537,33.19988]],[[131.45222,33.37808],[131.4557,33.37403],[131.45661,33.37029],[131.45555,33.36774],[131.45237,33.36434],[131.44985,33.3588],[131.44641,33.35576],[131.44628,33.35472],[131.44756,33.35201]],[[129.92717,32.75119],[129.92867,32.7548],[129.93007,32.76474],[129.93513,32.77756],[129.93751,32.78026],[129.94061,32.78249],[129.94966,32.7866],[129.96202,32.79388],[129.96443,32.7973],[129.96653,32.80475],[129.9712,32.81104]],[[129.90434,32.72775],[129.90826,32.73284],[129.91493,32.73699],[129.91921,32.74067],[129.92717,32.75119]]]}},{"type":"Feature","id":"expressway-8287183addb7","properties":{"id":"expressway-8287183addb7","label":"首都高速3号渋谷線"},"geometry":{"type":"MultiLineString","coordinates":[[[139.7112,35.65862],[139.72416,35.65992],[139.73848,35.66663]],[[139.70156,35.65756],[139.7112,35.65862]],[[139.6264,35.62727],[139.63732,35.62413],[139.6466,35.62795],[139.6581,35.63144],[139.66539,35.63609],[139.67125,35.64352],[139.68688,35.65189],[139.69312,35.65387],[139.69516,35.65577],[139.70156,35.65756]]]}},{"type":"Feature","id":"expressway-82d5a50f064c","properties":{"id":"expressway-82d5a50f064c","label":"佐世保道路"},"geometry":{"type":"MultiLineString","coordinates":[[[129.73109,33.15291],[129.73473,33.15056],[129.7373,33.14988],[129.76252,33.15179],[129.77769,33.14628]],[[129.71216,33.17277],[129.69517,33.18622],[129.68247,33.19197],[129.67229,33.20253]],[[129.73109,33.15291],[129.7295,33.15497],[129.72936,33.15799],[129.72805,33.16159],[129.72025,33.16782],[129.71514,33.16936],[129.71216,33.17277]]]}},{"type":"Feature","id":"expressway-82f5ef70a81c","properties":{"id":"expressway-82f5ef70a81c","label":"八戸南道路"},"geometry":{"type":"MultiLineString","coordinates":[[[141.59485,40.47093],[141.5765,40.48231],[141.57249,40.484],[141.56834,40.48451],[141.56471,40.48416],[141.55532,40.48069]],[[141.59485,40.47093],[141.60403,40.46587],[141.60794,40.46512],[141.61478,40.46516],[141.62004,40.46373],[141.62894,40.45768],[141.64713,40.4481]]]}},{"type":"Feature","id":"expressway-830e9332275b","properties":{"id":"expressway-830e9332275b","label":"名古屋高速2号東山線"},"geometry":{"type":"MultiLineString","coordinates":[[[136.89088,35.16211],[136.89642,35.16225]],[[136.89642,35.16225],[136.90647,35.16222],[136.92744,35.16002]],[[136.92744,35.16002],[136.94382,35.1585],[136.95091,35.16083],[136.95861,35.15971]],[[136.95861,35.15971],[136.96656,35.15758],[136.97937,35.1522],[136.9923,35.14988],[137.00009,35.14738]]]}},{"type":"Feature","id":"expressway-860cec715084","properties":{"id":"expressway-860cec715084","label":"大洲道路"},"geometry":{"type":"MultiLineString","coordinates":[[[132.57767,33.53417],[132.57575,33.53264],[132.57504,33.53067],[132.57504,33.52867],[132.5764,33.52425]],[[132.57497,33.50733],[132.57211,33.50535],[132.55361,33.5012],[132.54884,33.49685],[132.54586,33.49542]],[[132.54586,33.49542],[132.54015,33.49135],[132.53823,33.4887]],[[132.5764,33.52425],[132.57732,33.52085],[132.57663,33.51706],[132.57667,33.5105],[132.57497,33.50733]]]}},{"type":"Feature","id":"expressway-86c6570f1786","properties":{"id":"expressway-86c6570f1786","label":"芦北出水道路"},"geometry":{"type":"MultiLineString","coordinates":[[[130.50891,32.29765],[130.50523,32.28885],[130.50279,32.28471],[130.49337,32.27297],[130.49041,32.26243],[130.48515,32.24953],[130.48289,32.24712],[130.48008,32.24544],[130.46774,32.24199]],[[130.42024,32.20968],[130.42106,32.21096],[130.42516,32.21124],[130.43021,32.22143],[130.43381,32.22523],[130.43875,32.22756],[130.44912,32.22997],[130.46109,32.23916],[130.46774,32.24199]]]}},{"type":"Feature","id":"expressway-86e5ea70d747","properties":{"id":"expressway-86e5ea70d747","label":"上北道路"},"geometry":{"type":"MultiLineString","coordinates":[[[141.3528,40.64983],[141.34816,40.65245],[141.33626,40.65492],[141.33234,40.65633],[141.32503,40.66131],[141.31386,40.66669],[141.29839,40.68006],[141.28332,40.68636],[141.27802,40.68951]]]}},{"type":"Feature","id":"expressway-8a6d3b591ac5","properties":{"id":"expressway-8a6d3b591ac5","label":"東北横断自動車道いわき新潟線"},"geometry":{"type":"MultiLineString","coordinates":[[[140.8175,37.03783],[140.81166,37.0414],[140.80872,37.044],[140.80411,37.05196],[140.79905,37.05786],[140.79634,37.06292],[140.79254,37.06804],[140.79143,37.07127],[140.79116,37.07695],[140.7877,37.08286],[140.7875,37.08903],[140.78626,37.09145],[140.78245,37.0946],[140.77371,37.09786],[140.76977,37.10201]],[[140.76977,37.10201],[140.76586,37.10581],[140.75576,37.11068],[140.75247,37.1139],[140.75153,37.11707],[140.7539,37.12945],[140.75302,37.13378],[140.74954,37.13832],[140.74786,37.14163],[140.743,37.14613],[140.74049,37.1499],[140.73406,37.15486],[140.73149,37.1612],[140.72597,37.16657],[140.72116,37.17541]],[[140.72116,37.17541],[140.7119,37.18349],[140.70547,37.19325],[140.69623,37.20173],[140.69444,37.20671],[140.69145,37.21219],[140.69124,37.21636],[140.69029,37.21936],[140.68486,37.22534],[140.683,37.22899],[140.67923,37.23359],[140.67735,37.2379],[140.67503,37.24071],[140.6708,37.24406],[140.66341,37.24708],[140.65745,37.25226],[140.65149,37.25541],[140.64934,37.25778],[140.64655,37.26302],[140.64356,37.26591],[140.63204,37.27034],[140.62426,37.2755],[140.61515,37.28362],[140.61337,37.28657],[140.61267,37.29005]],[[140.61267,37.29005],[140.61503,37.29989],[140.61417,37.30274],[140.61043,37.30887],[140.60996,37.31326],[140.61157,37.31722],[140.61663,37.32238],[140.61741,37.32535],[140.61733,37.32823],[140.61576,37.33256],[140.61108,37.33846],[140.60921,37.34227],[140.60738,37.35179],[140.60858,37.35877],[140.6065,37.36672],[140.60511,37.36925],[140.59961,37.37548],[140.59733,37.3838],[140.59525,37.38745]],[[140.59525,37.38745],[140.58856,37.3929],[140.57572,37.39854],[140.5724,37.40093],[140.56261,37.41417],[140.55931,37.4207],[140.55632,37.42339],[140.54845,37.42865],[140.53395,37.4357],[140.52233,37.43855]],[[140.52233,37.43855],[140.5152,37.43823],[140.49672,37.4292],[140.49234,37.42836],[140.48134,37.42919],[140.47128,37.43483],[140.46854,37.43576],[140.4587,37.43578],[140.44881,37.43796],[140.4404,37.44247]],[[140.4404,37.44247],[140.43437,37.44352],[140.42486,37.44284],[140.42063,37.44334],[140.41769,37.44464],[140.40945,37.45109],[140.40357,37.45292],[140.38924,37.45921],[140.38534,37.45976],[140.37879,37.45954],[140.37025,37.46197],[140.36022,37.46292]],[[140.36022,37.46292],[140.35426,37.46527],[140.34895,37.4684],[140.34699,37.4706],[140.345,37.47635],[140.33929,37.48281],[140.3361,37.48492],[140.33072,37.48602],[140.32332,37.48495],[140.31554,37.48629],[140.30832,37.48569],[140.30096,37.48885],[140.29608,37.48987],[140.29174,37.49309],[140.28585,37.4963]],[[140.28585,37.4963],[140.28114,37.50294],[140.27722,37.50535],[140.27378,37.50603],[140.25963,37.502],[140.23553,37.49893],[140.22614,37.49881],[140.21349,37.50033],[140.19975,37.49749],[140.1948,37.49764],[140.16974,37.50516],[140.15773,37.50773],[140.15518,37.50931],[140.15281,37.51206],[140.14674,37.52431],[140.14363,37.52765],[140.12963,37.53477],[140.11291,37.54086]],[[140.11291,37.54086],[140.10359,37.54379],[140.08799,37.54699],[140.07449,37.54835],[140.0683,37.54751],[140.06184,37.54575],[140.0535,37.54055],[140.05094,37.5396],[140.04646,37.53907],[140.03782,37.53956],[140.03194,37.53721],[140.02817,37.53655],[140.02278,37.53827],[140.01546,37.54506],[140.01034,37.54756],[140.00614,37.54825],[140.0019,37.54791],[139.99239,37.54424],[139.9877,37.54362],[139.98228,37.54514],[139.97333,37.55037],[139.96823,37.55103],[139.96326,37.54952],[139.96007,37.5472],[139.95701,37.54318],[139.95498,37.53668],[139.95356,37.53414],[139.951,37.53118],[139.94808,37.52926],[139.92832,37.52573],[139.92345,37.52574],[139.91857,37.52657]],[[139.91857,37.52657],[139.91487,37.52787],[139.90368,37.53358],[139.89505,37.53524],[139.88946,37.53485],[139.86116,37.52998],[139.83006,37.53004],[139.82437,37.53075],[139.8183,37.53303],[139.80835,37.5397],[139.79632,37.54338],[139.77856,37.55432],[139.76762,37.56229]],[[139.76762,37.56229],[139.76279,37.56719],[139.75996,37.5688],[139.75547,37.56971],[139.74848,37.56907],[139.74495,37.56943],[139.73747,37.57264],[139.72751,37.57487],[139.71851,37.57975],[139.71022,37.58186],[139.70396,37.58214],[139.68413,37.58029],[139.67082,37.58068],[139.66761,37.57986],[139.66136,37.57636],[139.65808,37.5757],[139.65483,37.57607],[139.64878,37.57811]],[[139.64878,37.57811],[139.64355,37.57844],[139.62397,37.57499],[139.61868,37.5751],[139.61537,37.57632],[139.61065,37.57968],[139.60734,37.58119],[139.56579,37.59738],[139.55546,37.59913],[139.54346,37.5987],[139.53559,37.59969],[139.52195,37.60306],[139.51404,37.60618],[139.50913,37.60996],[139.5061,37.61568],[139.50414,37.61794],[139.49501,37.62394],[139.48873,37.63619],[139.48314,37.64187],[139.47792,37.6488],[139.46898,37.6552],[139.46592,37.66293],[139.46315,37.66675],[139.45798,37.67044],[139.45046,37.67319]],[[139.45046,37.67319],[139.44204,37.67854],[139.43898,37.67962],[139.42576,37.67947],[139.41533,37.6841],[139.38021,37.69105],[139.37543,37.69246],[139.37343,37.69388],[139.37203,37.696],[139.37116,37.70439],[139.36975,37.70613],[139.36651,37.70716],[139.35789,37.70694],[139.35405,37.70833],[139.35151,37.71037],[139.34869,37.71433],[139.34574,37.71715],[139.32456,37.73087],[139.32115,37.73581],[139.31841,37.73774],[139.30186,37.74081],[139.29139,37.73961],[139.28635,37.74005],[139.27841,37.74312],[139.26734,37.74545],[139.25346,37.75161],[139.24442,37.75354],[139.23571,37.75793]],[[139.23571,37.75793],[139.23074,37.75965],[139.21487,37.76123],[139.20859,37.76502],[139.19631,37.76962],[139.16426,37.78511],[139.16051,37.78863],[139.1569,37.79666],[139.1456,37.8106],[139.14161,37.81461],[139.13792,37.81666],[139.1271,37.81943],[139.09073,37.82129],[139.08623,37.8223],[139.08136,37.82446],[139.07648,37.8279],[139.07379,37.83064],[139.06379,37.84577],[139.05458,37.85241],[139.04976,37.86542],[139.04744,37.86754],[139.04101,37.87134],[139.03837,37.87516]]]}},{"type":"Feature","id":"expressway-8aa511222f9a","properties":{"id":"expressway-8aa511222f9a","label":"四国横断自動車道"},"geometry":{"type":"MultiLineString","coordinates":[[[134.11742,34.29746],[134.07398,34.30472]],[[134.07398,34.30472],[134.0285,34.31257],[134.01431,34.30783],[133.99951,34.30507],[133.99717,34.30292],[133.99572,34.29721],[133.99481,34.2959],[133.99263,34.2948],[133.9891,34.29497]],[[133.9891,34.29497],[133.9794,34.29568],[133.97483,34.29422],[133.97162,34.29073],[133.96809,34.28286],[133.96552,34.27961],[133.95535,34.27213],[133.94948,34.27017],[133.94408,34.2704],[133.93302,34.27349],[133.92152,34.27389],[133.91314,34.27613],[133.90383,34.27591],[133.89619,34.27776],[133.88964,34.27784],[133.88153,34.28037],[133.87437,34.28009],[133.86523,34.28115],[133.85563,34.28072],[133.84796,34.28187],[133.84486,34.28167],[133.84033,34.27961],[133.83491,34.27386],[133.82303,34.26836],[133.81843,34.26271],[133.80743,34.25666],[133.80124,34.25026],[133.78622,34.24247]],[[133.78622,34.24247],[133.78221,34.24142],[133.76881,34.24106],[133.75628,34.23738],[133.74479,34.23013],[133.73566,34.22598],[133.73103,34.22212],[133.72902,34.21796],[133.72868,34.2133],[133.7298,34.20931],[133.73369,34.20234],[133.73193,34.19323],[133.73413,34.18491],[133.7345,34.18112],[133.73316,34.17088],[133.73012,34.16261],[133.72812,34.16005],[133.72004,34.1544],[133.71634,34.15021],[133.71009,34.13769],[133.70722,34.13385],[133.69454,34.12392],[133.68254,34.11098],[133.67349,34.10461],[133.66828,34.10013],[133.65823,34.08796],[133.64998,34.0801],[133.6467,34.07521],[133.6423,34.06212],[133.63873,34.05761],[133.63407,34.05381],[133.60626,34.03544],[133.60187,34.03167],[133.60035,34.02954],[133.59955,34.02674],[133.60135,34.0185],[133.60136,34.0158],[133.59821,34.00658],[133.59701,34.00065]],[[133.63044,33.91093],[133.62992,33.90786],[133.63235,33.89946],[133.64495,33.86662],[133.64978,33.85899],[133.65015,33.85283],[133.65308,33.84697],[133.65431,33.83814],[133.65594,33.83482],[133.66043,33.83028],[133.66469,33.81873],[133.66471,33.81618],[133.66135,33.80729],[133.66115,33.80334],[133.66199,33.7986],[133.66547,33.79355],[133.66599,33.79092],[133.66154,33.78219],[133.66068,33.77351],[133.6596,33.77034]],[[133.6596,33.77034],[133.65805,33.76872],[133.65018,33.76392],[133.64892,33.76179],[133.64897,33.75897],[133.65063,33.75629],[133.65496,33.75235],[133.66243,33.73689],[133.66977,33.72671],[133.68472,33.70108],[133.68668,33.69667],[133.687,33.69013],[133.685,33.68386],[133.67533,33.66744],[133.67438,33.66379],[133.67481,33.65809],[133.67397,33.6555],[133.66922,33.65179],[133.66827,33.65037],[133.66834,33.64829],[133.67098,33.64408],[133.67033,33.64076],[133.6654,33.63687],[133.6632,33.63304],[133.66116,33.63143],[133.65857,33.63092],[133.65162,33.6316],[133.64387,33.63],[133.64197,33.62894],[133.63949,33.62408],[133.63675,33.62103],[133.63573,33.61687]],[[133.63573,33.61687],[133.63514,33.61407],[133.63293,33.61145],[133.62653,33.60815],[133.62049,33.60331],[133.61488,33.60161]],[[133.61488,33.60161],[133.60911,33.60097],[133.60403,33.59757],[133.60039,33.59628],[133.58307,33.59618],[133.5773,33.59544],[133.56545,33.58959]],[[133.56545,33.58959],[133.56076,33.58742],[133.55369,33.58612],[133.54978,33.58637],[133.53853,33.58874],[133.53395,33.58892],[133.52956,33.58824],[133.52421,33.58575],[133.51713,33.57928],[133.51373,33.57735],[133.49373,33.57168],[133.47933,33.57009],[133.47476,33.56898],[133.47186,33.5662],[133.46909,33.55968]],[[133.46909,33.55968],[133.4677,33.55424],[133.46768,33.54389],[133.46681,33.53842],[133.46428,33.53303],[133.46035,33.52881],[133.44317,33.51634],[133.42366,33.51182],[133.42089,33.51069],[133.41775,33.50757],[133.41505,33.49977],[133.41127,33.49638],[133.39913,33.49442],[133.39566,33.49203],[133.39189,33.48769],[133.38895,33.48603],[133.38036,33.48507],[133.37561,33.48368],[133.37151,33.48104],[133.35838,33.4694],[133.35493,33.46781],[133.34511,33.4654],[133.33414,33.45984],[133.33198,33.45743],[133.32843,33.4491],[133.32605,33.44581],[133.3043,33.42704],[133.30212,33.42225],[133.30231,33.41706]],[[132.53823,33.4887],[132.53745,33.48221],[132.5379,33.47828],[132.53992,33.47543],[132.54665,33.46955],[132.54827,33.46282],[132.55181,33.4583],[132.55219,33.45602],[132.55041,33.45321],[132.54521,33.44986],[132.54184,33.44678],[132.5393,33.44237],[132.53842,33.42846],[132.53678,33.41733],[132.53352,33.4054],[132.52904,33.39886],[132.52805,33.3961],[132.52805,33.39232],[132.52963,33.38613],[132.52946,33.38276],[132.52515,33.37522],[132.52403,33.37069],[132.52427,33.36493],[132.52695,33.36086]],[[133.85105,34.28142],[133.85175,34.28511],[133.85122,34.28825],[133.84634,34.29352],[133.845,34.29596]],[[133.59701,34.00065],[133.60133,33.9997],[133.60774,33.99599],[133.60973,33.99595],[133.61437,33.99723],[133.61982,33.99729],[133.62052,33.99554],[133.62028,33.99113],[133.62405,33.98565],[133.6317,33.95246],[133.63536,33.94518],[133.64047,33.93914],[133.64212,33.93436],[133.64184,33.93057],[133.63767,33.91676],[133.63597,33.91484],[133.63191,33.91279],[133.63044,33.91093]],[[133.27426,33.38561],[133.27213,33.38184],[133.2679,33.37835],[133.25537,33.37142],[133.24538,33.36698],[133.24225,33.36474],[133.23848,33.36061],[133.23541,33.3539],[133.23386,33.3518],[133.22809,33.34666],[133.22243,33.34322]],[[132.52695,33.36086],[132.53239,33.35714],[132.53529,33.35017],[132.53717,33.34781],[132.54405,33.34341],[132.55307,33.33992],[132.55545,33.33819],[132.57124,33.31676],[132.57869,33.31196],[132.58179,33.30835],[132.58546,33.30252],[132.58832,33.29536],[132.59021,33.29244],[132.59143,33.28392],[132.59068,33.28007],[132.5862,33.27181],[132.57913,33.26675],[132.57587,33.26285],[132.57472,33.25979],[132.57439,33.25418],[132.57125,33.25009],[132.56828,33.24375]],[[133.22243,33.34322],[133.21928,33.34098],[133.21294,33.33822],[133.19896,33.3229],[133.19815,33.31959],[133.19801,33.30705],[133.19734,33.3044],[133.17672,33.27445],[133.17577,33.2719],[133.17525,33.26363],[133.17428,33.2605],[133.1723,33.25733],[133.16705,33.25243],[133.16592,33.25026],[133.16546,33.24066],[133.16357,33.23791],[133.15836,33.23389],[133.15644,33.23018]],[[134.57684,34.10112],[134.58888,34.10162],[134.59144,34.1023],[134.59434,34.1039],[134.59512,34.10515],[134.59518,34.10716],[134.59341,34.11037],[134.58902,34.1145],[134.58289,34.11749],[134.57112,34.12043],[134.56814,34.1226],[134.56606,34.12559],[134.56439,34.13247],[134.56443,34.14378],[134.56038,34.16102],[134.56035,34.16333],[134.56188,34.16801],[134.56178,34.17077]],[[134.11742,34.29746],[134.12242,34.29702],[134.12683,34.29758],[134.13333,34.29887],[134.13994,34.3011],[134.15074,34.3029],[134.16331,34.30853],[134.16659,34.30939],[134.17543,34.31036],[134.18523,34.31039],[134.19247,34.30908],[134.2052,34.30231],[134.21821,34.29932],[134.22628,34.2943]],[[134.22628,34.2943],[134.23003,34.29223],[134.23383,34.2891],[134.24261,34.28599],[134.25041,34.28016],[134.25745,34.27668],[134.26134,34.27609],[134.27623,34.27625]],[[134.57337,34.17307],[134.56375,34.17151],[134.55227,34.1665],[134.54321,34.16669],[134.53881,34.16591],[134.53599,34.16463],[134.53011,34.16017],[134.52538,34.15873],[134.52084,34.15861],[134.49849,34.16214],[134.49197,34.1617],[134.48855,34.1605],[134.47743,34.15421],[134.47295,34.15271]],[[134.47295,34.15271],[134.46817,34.15239],[134.46407,34.15311],[134.46087,34.15471],[134.45685,34.15828],[134.44546,34.17538],[134.444,34.17887],[134.4428,34.18465],[134.44061,34.1889],[134.43504,34.19626],[134.42973,34.2009],[134.42438,34.20313],[134.41429,34.20454],[134.40462,34.20718],[134.39652,34.2081],[134.39224,34.20975],[134.38989,34.21166],[134.38806,34.21447],[134.38708,34.22239],[134.38541,34.22655],[134.38178,34.23038],[134.3769,34.23286],[134.37298,34.23367],[134.36766,34.23378],[134.34848,34.23057],[134.34469,34.23048],[134.3295,34.2354],[134.31513,34.2382],[134.30984,34.24022],[134.29999,34.24575],[134.29522,34.24968],[134.29158,34.25425],[134.28867,34.25921],[134.28573,34.27029],[134.28459,34.27262],[134.28136,34.27515],[134.27623,34.27625]],[[132.81385,32.95699],[132.80417,32.95923],[132.79143,32.96509],[132.78777,32.96539],[132.7843,32.96414],[132.7768,32.95903],[132.77116,32.9583],[132.76863,32.95723],[132.76184,32.94751],[132.75943,32.94583],[132.75396,32.9453],[132.74712,32.94805]],[[134.59346,34.06374],[134.58817,34.05535],[134.58541,34.04813]],[[134.59346,34.06374],[134.59859,34.07333],[134.60091,34.07951],[134.60172,34.08396],[134.60138,34.08771],[134.59861,34.09657],[134.59415,34.10374]]]}},{"type":"Feature","id":"expressway-8c0e80a55d96","properties":{"id":"expressway-8c0e80a55d96","label":"湖陵・多伎道路"},"geometry":{"type":"MultiLineString","coordinates":[[[132.6826,35.30177],[132.67847,35.29978],[132.67216,35.2938],[132.66913,35.29187],[132.66427,35.2904],[132.66025,35.28997],[132.65021,35.29192],[132.64797,35.29178],[132.6452,35.29027],[132.6426,35.28607]]]}},{"type":"Feature","id":"expressway-8c3427601850","properties":{"id":"expressway-8c3427601850","label":"北九州市道北九州高速2号線"},"geometry":{"type":"MultiLineString","coordinates":[[[130.86856,33.89077],[130.87273,33.88958]],[[130.8625,33.89571],[130.86856,33.89077]],[[130.83454,33.90148],[130.84532,33.90002],[130.85048,33.90101],[130.8625,33.89571]],[[130.82567,33.90127],[130.82732,33.9007],[130.83098,33.90174],[130.83454,33.90148]]]}},{"type":"Feature","id":"expressway-8e111335a59d","properties":{"id":"expressway-8e111335a59d","label":"阪神高速12号守口線"},"geometry":{"type":"MultiLineString","coordinates":[[[135.57566,34.75485],[135.57318,34.75172]],[[135.57318,34.75172],[135.56491,34.74975],[135.56325,34.74868],[135.56201,34.74702],[135.56178,34.74404],[135.55848,34.73609],[135.55123,34.7314],[135.54372,34.73004],[135.54307,34.72918],[135.54314,34.72617],[135.54218,34.72198],[135.53944,34.72084]],[[135.55456,34.71527],[135.55384,34.71654],[135.54651,34.72001],[135.52931,34.72173],[135.52623,34.72111],[135.52122,34.71663],[135.52082,34.71191],[135.51695,34.707],[135.51261,34.70302],[135.50957,34.70221],[135.50961,34.69193]]]}},{"type":"Feature","id":"expressway-8e2482374831","properties":{"id":"expressway-8e2482374831","label":"広島高速4号線"},"geometry":{"type":"MultiLineString","coordinates":[[[132.41062,34.43587],[132.41871,34.42639],[132.42996,34.41949],[132.43162,34.41682],[132.43158,34.41205],[132.43255,34.40901],[132.43699,34.40436],[132.44198,34.40224]]]}},{"type":"Feature","id":"expressway-8f5956d455b2","properties":{"id":"expressway-8f5956d455b2","label":"仙塩道路"},"geometry":{"type":"MultiLineString","coordinates":[[[140.99226,38.28001],[140.99302,38.28442],[140.992,38.29032],[140.98663,38.29717],[140.9796,38.30424],[140.97741,38.3085],[140.97723,38.31138],[140.97804,38.31378],[140.98001,38.31628],[140.99018,38.32311],[140.99385,38.32674],[140.99608,38.33057],[140.99991,38.34062]]]}},{"type":"Feature","id":"expressway-90e012591bc2","properties":{"id":"expressway-90e012591bc2","label":"泉田道路"},"geometry":{"type":"MultiLineString","coordinates":[[[140.28906,38.77659],[140.2963,38.78411],[140.29791,38.78709],[140.29745,38.79534],[140.30095,38.8047],[140.30173,38.8093],[140.30392,38.81359],[140.30296,38.81959],[140.30389,38.82256],[140.30578,38.82449],[140.30847,38.82579],[140.31813,38.82651],[140.3227,38.82827],[140.32634,38.83181],[140.32754,38.83555]]]}},{"type":"Feature","id":"expressway-90f34ef590fa","properties":{"id":"expressway-90f34ef590fa","label":"熊野尾鷲道路"},"geometry":{"type":"MultiLineString","coordinates":[[[136.18669,34.03947],[136.1915,34.02761],[136.19783,34.01583],[136.19867,34.01268],[136.19813,34.00954],[136.19623,34.00648],[136.19284,34.00393],[136.18828,34.00249]],[[136.18828,34.00249],[136.18371,34.00072],[136.18022,33.9977],[136.16379,33.97191],[136.15988,33.96387],[136.15565,33.9472],[136.15415,33.94411],[136.15003,33.94018],[136.14297,33.93717],[136.14089,33.9357],[136.13849,33.93194],[136.13768,33.92593],[136.13624,33.92282],[136.11846,33.90343],[136.11463,33.90136]],[[136.18333,34.08088],[136.17885,34.07441],[136.17268,34.0674],[136.17147,34.06332],[136.17307,34.05861],[136.17562,34.05391],[136.18482,34.04274],[136.18669,34.03947]]]}},{"type":"Feature","id":"expressway-917248428e10","properties":{"id":"expressway-917248428e10","label":"浪岡五所川原道路"},"geometry":{"type":"MultiLineString","coordinates":[[[140.50094,40.77706],[140.51495,40.76482],[140.53431,40.75272],[140.537,40.75163],[140.54125,40.75063],[140.55607,40.74982],[140.57102,40.74645],[140.58247,40.74681]],[[140.44918,40.82689],[140.45852,40.82254],[140.47,40.82045],[140.47418,40.81816],[140.47694,40.81406],[140.47673,40.8071],[140.47777,40.80393],[140.47971,40.80176],[140.48588,40.79758],[140.49747,40.78093],[140.50094,40.77706]]]}},{"type":"Feature","id":"expressway-92ac3896d94f","properties":{"id":"expressway-92ac3896d94f","label":"新湘南バイパス"},"geometry":{"type":"MultiLineString","coordinates":[[[139.39652,35.35071],[139.41503,35.35012],[139.42536,35.34738],[139.42992,35.34677],[139.44723,35.34772]]]}},{"type":"Feature","id":"expressway-92bd817045b3","properties":{"id":"expressway-92bd817045b3","label":"阪神高速13号東大阪線"},"geometry":{"type":"MultiLineString","coordinates":[[[135.49803,34.68192],[135.51852,34.68136]],[[135.52908,34.68149],[135.54,34.68134],[135.56372,34.67837],[135.57131,34.67831],[135.57619,34.67898],[135.58879,34.67872]],[[135.51852,34.68136],[135.52908,34.68149]],[[135.58879,34.67872],[135.59722,34.67866]],[[135.59722,34.67866],[135.61229,34.67863],[135.62133,34.68025],[135.63061,34.68018]]]}},{"type":"Feature","id":"expressway-93c58c349ad3","properties":{"id":"expressway-93c58c349ad3","label":"仙台東部道路"},"geometry":{"type":"MultiLineString","coordinates":[[[140.88982,38.10548],[140.88935,38.11053],[140.88677,38.12078],[140.88803,38.13508]],[[140.88803,38.13508],[140.891,38.14247],[140.89824,38.15646],[140.90265,38.16039],[140.91874,38.17028],[140.92473,38.1748],[140.92937,38.17943],[140.93886,38.19096],[140.94104,38.1954],[140.9461,38.21107],[140.95365,38.22948],[140.95343,38.23273],[140.95163,38.23949],[140.95206,38.24274],[140.95338,38.24568]],[[140.95338,38.24568],[140.95718,38.25094],[140.9784,38.2705],[140.98062,38.27222],[140.98925,38.27658],[140.99226,38.28001]],[[140.88688,38.08618],[140.88982,38.10548]]]}},{"type":"Feature","id":"expressway-94d2303635f3","properties":{"id":"expressway-94d2303635f3","label":"鳥取西道路"},"geometry":{"type":"MultiLineString","coordinates":[[[134.1972,35.47935],[134.19797,35.48361],[134.19715,35.48794],[134.1949,35.49087],[134.19084,35.49342]],[[134.00528,35.51169],[134.0222,35.50335],[134.03315,35.49969],[134.03984,35.49851],[134.04898,35.49836],[134.07426,35.5014],[134.10144,35.50249],[134.11235,35.50099],[134.13005,35.49463],[134.13938,35.49267],[134.15201,35.49295],[134.16941,35.49619],[134.1793,35.49504],[134.18513,35.49524],[134.19084,35.49342]]]}},{"type":"Feature","id":"expressway-959ff3f7a28f","properties":{"id":"expressway-959ff3f7a28f","label":"阪神高速6号大和川線"},"geometry":{"type":"MultiLineString","coordinates":[[[135.55187,34.59308],[135.54611,34.59299]],[[135.46277,34.59805],[135.46067,34.59783],[135.46011,34.599],[135.46087,34.60118],[135.46284,34.60197],[135.47998,34.5966]]]}},{"type":"Feature","id":"expressway-9630e9c97f95","properties":{"id":"expressway-9630e9c97f95","label":"幌冨バイパス"},"geometry":{"type":"MultiLineString","coordinates":[[[141.79608,45.09926],[141.79417,45.09586],[141.7883,45.08902],[141.7876,45.08641],[141.78821,45.08349],[141.79609,45.07335],[141.79731,45.06674],[141.79954,45.06348],[141.80259,45.06157],[141.81011,45.05903],[141.81802,45.05467],[141.82177,45.05226],[141.82404,45.04973],[141.82533,45.04686],[141.82628,45.0406],[141.8309,45.03585],[141.83571,45.02945],[141.83565,45.02337],[141.83686,45.01659],[141.83994,45.01053]]]}},{"type":"Feature","id":"expressway-96530bbbb4a2","properties":{"id":"expressway-96530bbbb4a2","label":"東広島・呉自動車道"},"geometry":{"type":"MultiLineString","coordinates":[[[132.80478,34.43072],[132.80233,34.42173],[132.80032,34.40629],[132.79717,34.40068],[132.79307,34.39511]],[[132.79307,34.39511],[132.78633,34.38946],[132.78408,34.38829],[132.77742,34.38713],[132.76983,34.38365],[132.76065,34.38209],[132.75797,34.38108],[132.75194,34.37707],[132.74376,34.37297],[132.73613,34.3645],[132.73278,34.36279],[132.72795,34.36154]],[[132.64653,34.33171],[132.64935,34.33754],[132.65137,34.33937],[132.65446,34.34091],[132.65756,34.34158],[132.67139,34.34204],[132.68101,34.34314],[132.69061,34.34855],[132.70167,34.35187],[132.71125,34.35863],[132.71542,34.36084],[132.71898,34.36166],[132.72795,34.36154]],[[132.64653,34.33171],[132.64373,34.32475],[132.64046,34.31973],[132.6365,34.31535],[132.62819,34.30817],[132.6258,34.30473],[132.6243,34.29821],[132.62492,34.29069],[132.62607,34.28756],[132.62958,34.28314],[132.63191,34.27893],[132.63241,34.27495],[132.63096,34.27219],[132.60986,34.24781],[132.60854,34.24516],[132.60698,34.23636]]]}},{"type":"Feature","id":"expressway-97999547ec0c","properties":{"id":"expressway-97999547ec0c","label":"常磐自動車道"},"geometry":{"type":"MultiLineString","coordinates":[[[139.73392,35.85301],[139.74233,35.85305],[139.76699,35.84907],[139.78408,35.84789],[139.80559,35.85131],[139.82652,35.8499],[139.83098,35.84885],[139.83938,35.84503],[139.85103,35.84338],[139.85361,35.84178],[139.85928,35.83625]],[[139.85928,35.83625],[139.86909,35.84252],[139.87177,35.84517],[139.87719,35.85328],[139.88191,35.86336],[139.88722,35.87062],[139.89011,35.873],[139.90302,35.87968],[139.90814,35.88333],[139.93488,35.90874]],[[139.93488,35.90874],[139.93939,35.91157],[139.9519,35.91734],[139.95775,35.92275],[139.96994,35.94242],[139.97464,35.95292],[139.97982,35.96763],[139.983,35.97198],[139.98589,35.97474],[139.98946,35.97718],[139.99514,35.97966],[140.01156,35.98202],[140.02067,35.98545],[140.02906,35.99106],[140.04139,36.00465],[140.05121,36.01264],[140.05876,36.01646],[140.07311,36.02064],[140.08072,36.02444]],[[140.08072,36.02444],[140.08914,36.03213],[140.09492,36.03526],[140.10403,36.03634],[140.11945,36.03364],[140.12722,36.03426],[140.13129,36.03534],[140.13625,36.03771],[140.14575,36.04513],[140.15388,36.05466],[140.1573,36.06096],[140.1575,36.0672],[140.15504,36.07583],[140.15464,36.08078],[140.15559,36.08428],[140.15821,36.08856],[140.16239,36.09276],[140.17083,36.09868],[140.17392,36.10156],[140.18309,36.1172],[140.192,36.12854],[140.20501,36.13963],[140.21315,36.14812],[140.22556,36.15669],[140.2449,36.17372]],[[140.2449,36.17372],[140.25784,36.19173],[140.26256,36.20228],[140.27194,36.20976],[140.27634,36.21631],[140.27967,36.21993],[140.29064,36.22632],[140.29469,36.23021],[140.2973,36.23684],[140.29695,36.2502],[140.29768,36.25574],[140.29873,36.25984],[140.30115,36.26514],[140.30741,36.27323],[140.32452,36.28572],[140.33249,36.2933],[140.33738,36.30044],[140.34526,36.31956]],[[140.34526,36.31956],[140.349,36.32486],[140.35762,36.33162],[140.36151,36.33619],[140.36789,36.34965],[140.37865,36.36336],[140.38209,36.36881],[140.38476,36.37542],[140.38619,36.3823]],[[140.38619,36.3823],[140.38703,36.39035],[140.38863,36.39568],[140.39201,36.40123],[140.39732,36.40642],[140.40338,36.40981],[140.41549,36.41169],[140.42113,36.41394],[140.42961,36.4203],[140.44472,36.42956],[140.44853,36.43286],[140.45615,36.44192],[140.45961,36.44491],[140.47475,36.45312]],[[140.47475,36.45312],[140.48239,36.45751],[140.49324,36.46626],[140.50028,36.46996],[140.50749,36.47195],[140.51875,36.47295],[140.52418,36.4741],[140.5305,36.47658],[140.54102,36.48259],[140.55238,36.48502],[140.55767,36.48718],[140.5624,36.49159],[140.56568,36.49848],[140.56857,36.50288],[140.57569,36.50905]],[[140.57569,36.50905],[140.57892,36.51183],[140.58363,36.51787],[140.58947,36.52189],[140.59144,36.52403],[140.59189,36.52617],[140.59057,36.534],[140.59163,36.53787],[140.59424,36.54044],[140.6034,36.54661],[140.60573,36.54913],[140.60689,36.55339],[140.60692,36.56617],[140.60956,36.57219],[140.61305,36.57682],[140.62762,36.5892],[140.63364,36.59636],[140.63607,36.60275],[140.63688,36.61551],[140.6383,36.61901],[140.64208,36.6226],[140.65291,36.6268],[140.66143,36.6334],[140.66751,36.6413],[140.66934,36.64631],[140.66962,36.65142]],[[140.66962,36.65142],[140.66615,36.66663],[140.66242,36.6756],[140.66165,36.68551],[140.66299,36.68995],[140.66922,36.69956],[140.67031,36.7074],[140.67215,36.71246],[140.67238,36.71631],[140.67021,36.72436],[140.67097,36.73013],[140.67403,36.7344],[140.67829,36.73754],[140.6817,36.74104],[140.68356,36.74428],[140.68617,36.7515],[140.68758,36.75352],[140.69606,36.75989],[140.70171,36.76757],[140.71048,36.77446],[140.71453,36.77872],[140.71763,36.78358],[140.72167,36.79288],[140.72797,36.80317],[140.73058,36.81026],[140.73022,36.82637],[140.73435,36.8497],[140.73604,36.85369],[140.74035,36.85809],[140.74236,36.8613],[140.74298,36.86398],[140.74235,36.8694],[140.74266,36.87194],[140.74661,36.88097],[140.74646,36.88448],[140.74415,36.89204],[140.7449,36.89664],[140.75743,36.91437],[140.76152,36.9253],[140.76982,36.93429],[140.77122,36.93769],[140.7731,36.94609],[140.77891,36.95402],[140.78331,36.96335],[140.78674,36.96699],[140.79244,36.97143],[140.79401,36.97387],[140.79667,36.98161],[140.80349,36.98804],[140.80489,36.99013],[140.80704,36.99905],[140.81261,37.00631],[140.81401,37.0097],[140.8131,37.01976],[140.81409,37.02511],[140.81419,37.0315],[140.81495,37.03395],[140.81966,37.04104],[140.82135,37.04817],[140.82256,37.05073],[140.83009,37.05757],[140.83319,37.06297],[140.83599,37.06543]],[[140.98371,37.23819],[140.98998,37.24982],[140.99144,37.25523],[140.99116,37.25893],[140.99023,37.26161],[140.98287,37.27414],[140.98136,37.28266],[140.98188,37.28776],[140.98299,37.29153],[140.99023,37.30411],[140.99252,37.31108],[140.99253,37.31518],[140.99043,37.3264],[140.99059,37.33931],[140.98923,37.34334],[140.98702,37.34661],[140.97507,37.35565],[140.97167,37.35961],[140.968,37.36689],[140.96633,37.37539]],[[140.92004,37.65847],[140.92053,37.66569],[140.91754,37.67708],[140.91734,37.6816],[140.91834,37.68712],[140.92277,37.69949],[140.92315,37.70515],[140.92251,37.70918],[140.91838,37.7184],[140.91548,37.72846],[140.90809,37.73825],[140.90405,37.7463],[140.90228,37.753],[140.90181,37.76329],[140.90082,37.7693],[140.89854,37.77566],[140.8947,37.78216]],[[140.87541,37.98494],[140.86978,37.97329],[140.8687,37.96947],[140.86823,37.9649],[140.86936,37.95578],[140.86924,37.95219],[140.86642,37.94199],[140.86585,37.93576],[140.8662,37.93025],[140.86862,37.92073],[140.86911,37.91041],[140.87042,37.90377],[140.88103,37.87674],[140.88285,37.8678],[140.88223,37.86073],[140.88002,37.85236],[140.87889,37.83578],[140.87841,37.83338],[140.87528,37.82673],[140.87474,37.82149],[140.87666,37.81668],[140.88344,37.80852],[140.88486,37.80522],[140.88663,37.79608],[140.88804,37.79191],[140.8947,37.78216]],[[140.94291,37.4989],[140.94552,37.49357],[140.95277,37.4854],[140.95835,37.47783],[140.96081,37.47329],[140.96229,37.46857],[140.96263,37.45991],[140.95881,37.44684],[140.95793,37.44033],[140.9586,37.43541],[140.96214,37.4238],[140.96262,37.40678],[140.96652,37.39213],[140.96694,37.38609],[140.96633,37.37539]],[[140.92004,37.65847],[140.91738,37.64983],[140.91718,37.64464],[140.91862,37.63994],[140.92522,37.62994],[140.92735,37.62455],[140.92779,37.61767],[140.92534,37.60451],[140.92602,37.59817],[140.92939,37.59051],[140.93824,37.57979],[140.94156,37.57464],[140.94376,37.56957],[140.94518,37.56361],[140.945,37.55415],[140.94078,37.53785],[140.94124,37.53145],[140.94404,37.51971],[140.94394,37.51422],[140.94225,37.50395],[140.94291,37.4989]],[[140.87541,37.98494],[140.87836,37.99214],[140.88196,38.00877],[140.88877,38.02164],[140.89192,38.03551],[140.89346,38.04548],[140.89389,38.05623],[140.89302,38.06731],[140.89174,38.07177],[140.88776,38.08065],[140.88688,38.08618]],[[140.83599,37.06543],[140.8386,37.06765],[140.84031,37.07029],[140.84254,37.08808],[140.845,37.09253],[140.84746,37.09459],[140.85171,37.09602],[140.86605,37.09669],[140.86967,37.0977],[140.87248,37.09981],[140.87446,37.1029],[140.87652,37.10478],[140.88896,37.10873],[140.89245,37.11126],[140.89615,37.11534],[140.89915,37.11697],[140.90241,37.11751],[140.90996,37.11654],[140.91367,37.11691],[140.92272,37.12137],[140.93662,37.12297],[140.94056,37.12434],[140.9453,37.12704]],[[140.9453,37.12704],[140.95825,37.13696],[140.96216,37.14142],[140.96411,37.14508],[140.96528,37.14903],[140.96626,37.1557],[140.96661,37.16461],[140.96775,37.1685],[140.97099,37.17299],[140.97716,37.17782],[140.98019,37.18119],[140.98328,37.18534],[140.98521,37.18917],[140.98644,37.1953],[140.98584,37.20074],[140.98402,37.20538],[140.97839,37.21563],[140.97663,37.22174],[140.97776,37.22734],[140.98371,37.23819]]]}},{"type":"Feature","id":"expressway-97c20c63b273","properties":{"id":"expressway-97c20c63b273","label":"本吉気仙沼道路"},"geometry":{"type":"MultiLineString","coordinates":[[[141.55651,38.81539],[141.5586,38.8182],[141.55941,38.82129],[141.55764,38.82957],[141.55921,38.83842],[141.55736,38.84489],[141.55771,38.84891],[141.5595,38.85192],[141.56541,38.85746],[141.56783,38.86448],[141.56954,38.86703],[141.57269,38.86943],[141.57765,38.87158]],[[141.52082,38.79192],[141.52963,38.79852],[141.53612,38.80158],[141.5433,38.80745],[141.55651,38.81539]]]}},{"type":"Feature","id":"expressway-99be2b84fcf8","properties":{"id":"expressway-99be2b84fcf8","label":"飯喬道路"},"geometry":{"type":"MultiLineString","coordinates":[[[137.81277,35.43479],[137.80735,35.43929],[137.80492,35.44479],[137.79892,35.45092],[137.79614,35.45742],[137.7906,35.46143],[137.7858,35.46649],[137.7827,35.46753],[137.77985,35.46744],[137.77375,35.46491],[137.76868,35.46415],[137.76494,35.46479],[137.75839,35.46789]],[[137.84372,35.45207],[137.84648,35.45319],[137.85485,35.45434],[137.86334,35.45922],[137.87396,35.46261],[137.87997,35.46349],[137.88039,35.46294],[137.87968,35.46153]],[[137.81277,35.43479],[137.81845,35.43227],[137.82138,35.4323],[137.82401,35.43317],[137.82925,35.43855],[137.83471,35.44303],[137.83841,35.44841],[137.84372,35.45207]]]}},{"type":"Feature","id":"expressway-99c26f587638","properties":{"id":"expressway-99c26f587638","label":"北九州市道北九州高速3号線"},"geometry":{"type":"MultiLineString","coordinates":[[[130.86301,33.88418],[130.86576,33.88681],[130.86856,33.89077]]]}},{"type":"Feature","id":"expressway-9a50d2a3d3d2","properties":{"id":"expressway-9a50d2a3d3d2","label":"首都高速7号小松川線"},"geometry":{"type":"MultiLineString","coordinates":[[[139.90825,35.70505],[139.89711,35.70117],[139.89421,35.69823],[139.89222,35.69744],[139.87811,35.69745],[139.87148,35.69886],[139.86339,35.69915],[139.85252,35.69813],[139.84613,35.69451],[139.79121,35.69177],[139.78973,35.69109]]]}},{"type":"Feature","id":"expressway-9a63640e8d6e","properties":{"id":"expressway-9a63640e8d6e","label":"深川留萌自動車道"},"geometry":{"type":"MultiLineString","coordinates":[[[141.75697,43.85006],[141.75578,43.85446],[141.75355,43.85754],[141.75019,43.85971],[141.74152,43.86181],[141.73734,43.86418],[141.73113,43.87321],[141.71857,43.88144],[141.69408,43.9035],[141.69185,43.90655],[141.69084,43.91027]],[[141.75697,43.85006],[141.75732,43.84876]],[[141.69084,43.91027],[141.69074,43.91549],[141.68984,43.91858],[141.6837,43.92645],[141.68095,43.93135],[141.67817,43.93408],[141.66949,43.93891]]]}},{"type":"Feature","id":"expressway-9cbbee808c4e","properties":{"id":"expressway-9cbbee808c4e","label":"亀岡道路"},"geometry":{"type":"MultiLineString","coordinates":[[[135.5588,35.01141],[135.54954,35.0234],[135.53999,35.03976],[135.53554,35.04327],[135.53477,35.04502],[135.53462,35.05079]]]}},{"type":"Feature","id":"expressway-9cfed6a9ac53","properties":{"id":"expressway-9cfed6a9ac53","label":"久慈道路"},"geometry":{"type":"MultiLineString","coordinates":[[[141.78227,40.19721],[141.78053,40.20019],[141.78081,40.20181],[141.78789,40.20577],[141.78866,40.2072],[141.78885,40.20973],[141.78753,40.21459],[141.78187,40.22117]]]}},{"type":"Feature","id":"expressway-9d27b9edbe40","properties":{"id":"expressway-9d27b9edbe40","label":"仁賀保本荘道路"},"geometry":{"type":"MultiLineString","coordinates":[[[140.07433,39.36393],[140.07054,39.36167],[140.06054,39.3578],[140.0535,39.35282],[140.05034,39.34942],[140.04577,39.34263],[140.03974,39.33625],[140.03411,39.32776],[140.02998,39.32344],[140.02517,39.32003],[140.02201,39.31867],[140.01619,39.31756],[140.01032,39.31772],[140.00163,39.31936],[139.99381,39.31845],[139.98835,39.31561],[139.98064,39.30656]],[[139.98064,39.30656],[139.97729,39.30163],[139.97651,39.29512]]]}},{"type":"Feature","id":"expressway-9da885259304","properties":{"id":"expressway-9da885259304","label":"福岡高速3号線"},"geometry":{"type":"MultiLineString","coordinates":[[[130.42995,33.59739],[130.4319,33.59867]]]}},{"type":"Feature","id":"expressway-9dc67f68a2a1","properties":{"id":"expressway-9dc67f68a2a1","label":"茂辺地木古内道路"},"geometry":{"type":"MultiLineString","coordinates":[[[140.44896,41.6942],[140.44854,41.69594],[140.45135,41.69857],[140.45476,41.70046],[140.45892,41.70174],[140.47655,41.70416],[140.48934,41.70317],[140.49345,41.70386],[140.49772,41.70549],[140.52424,41.7196],[140.53754,41.73159],[140.54325,41.73965],[140.54909,41.74485],[140.55481,41.7478],[140.56643,41.75165],[140.58101,41.75788],[140.58639,41.76136],[140.59063,41.76577]]]}},{"type":"Feature","id":"expressway-9ef3ab6681fa","properties":{"id":"expressway-9ef3ab6681fa","label":"和田山八鹿道路"},"geometry":{"type":"MultiLineString","coordinates":[[[134.84739,35.31474],[134.83603,35.3293],[134.83358,35.3306],[134.82732,35.33236],[134.80843,35.34292],[134.79879,35.34549],[134.77815,35.34696],[134.77404,35.34812],[134.76884,35.35116],[134.76242,35.35844],[134.75762,35.36699],[134.75661,35.37058],[134.75543,35.38094],[134.7542,35.3843],[134.75235,35.38687],[134.74712,35.39139]]]}},{"type":"Feature","id":"expressway-9f0ea225ae87","properties":{"id":"expressway-9f0ea225ae87","label":"吉浜道路"},"geometry":{"type":"MultiLineString","coordinates":[[[141.79609,39.12473],[141.80088,39.12749],[141.82902,39.14935]]]}},{"type":"Feature","id":"expressway-a0257ae29239","properties":{"id":"expressway-a0257ae29239","label":"中央自動車道富士吉田線"},"geometry":{"type":"MultiLineString","coordinates":[[[139.61429,35.67726],[139.6061,35.68032],[139.60375,35.68037],[139.59589,35.67561],[139.57962,35.67385],[139.5741,35.67262],[139.5699,35.67083],[139.56169,35.66589],[139.55733,35.66428],[139.55229,35.66344],[139.54176,35.66297],[139.53569,35.66155]],[[139.53569,35.66155],[139.52553,35.65666],[139.51763,35.65574],[139.51046,35.65651],[139.49968,35.65984],[139.47952,35.66055],[139.46878,35.66338],[139.4549,35.66493],[139.44993,35.66627],[139.44485,35.66909],[139.43565,35.67666],[139.43198,35.67825],[139.42854,35.67883],[139.42446,35.67853],[139.41414,35.67523],[139.40768,35.67465],[139.39713,35.67552],[139.38613,35.67956],[139.38119,35.68052],[139.37579,35.67979],[139.36678,35.67574],[139.36306,35.67478],[139.35744,35.67478],[139.34874,35.67637]],[[139.34874,35.67637],[139.34307,35.67706],[139.33291,35.67674],[139.32206,35.67747],[139.31514,35.67631],[139.31054,35.67412],[139.30109,35.6675],[139.29021,35.66431],[139.28175,35.659],[139.26975,35.6546],[139.26623,35.65101],[139.26558,35.64922],[139.26535,35.64419],[139.26262,35.64169],[139.25452,35.64041],[139.2498,35.64111],[139.23918,35.64022],[139.22779,35.6406],[139.21549,35.63811],[139.20949,35.63555],[139.20566,35.63286],[139.20412,35.63096],[139.2022,35.62603],[139.20025,35.6239],[139.19523,35.6214],[139.19218,35.61898],[139.18964,35.61821],[139.18528,35.61839],[139.18007,35.62072],[139.17224,35.62286],[139.16948,35.62256],[139.1672,35.62111]],[[138.91695,35.6024],[138.91825,35.59754],[138.92313,35.59312],[138.92525,35.58601],[138.92702,35.58385],[138.93072,35.58102],[138.93117,35.57811],[138.92638,35.57345],[138.90943,35.56381],[138.90709,35.56195],[138.9044,35.55903],[138.89774,35.5484],[138.8952,35.54561],[138.88982,35.54281],[138.87617,35.53996],[138.86053,35.53282],[138.85689,35.52969],[138.84927,35.51965],[138.84485,35.51631],[138.83754,35.5123],[138.83036,35.50561],[138.82601,35.50439],[138.81406,35.50399],[138.80258,35.49891],[138.79309,35.49656],[138.78531,35.49191],[138.77612,35.48915],[138.77484,35.48482]],[[138.92634,35.60658],[138.92271,35.6057],[138.91695,35.6024]],[[139.04496,35.62867],[139.04088,35.62273],[139.03558,35.61857],[139.01691,35.61171],[139.01249,35.61052],[139.00896,35.61044],[139.00575,35.61131],[139.00147,35.61372]],[[139.1672,35.62111],[139.16408,35.61744],[139.16082,35.61577],[139.15415,35.61669],[139.14906,35.61656],[139.14364,35.61775],[139.14013,35.62051],[139.12999,35.62235],[139.11685,35.62144],[139.11222,35.62197],[139.10868,35.62352],[139.10034,35.63007],[139.09375,35.63297],[139.09017,35.63318],[139.08235,35.63179],[139.07476,35.63276],[139.06918,35.63248],[139.06389,35.6334],[139.05211,35.63295],[139.04941,35.63229],[139.04615,35.63011],[139.04133,35.6219],[139.03867,35.61926],[139.02487,35.61187],[139.01192,35.61006],[139.00699,35.61048],[139.00208,35.61303],[138.99472,35.61901],[138.99068,35.62047],[138.98763,35.62037],[138.98021,35.61819],[138.97214,35.61741],[138.96424,35.61556],[138.96048,35.61583],[138.95027,35.61821],[138.94572,35.61843],[138.93942,35.61743],[138.93599,35.61596],[138.93404,35.61385],[138.93075,35.608],[138.92634,35.60658]]]}},{"type":"Feature","id":"expressway-a1657f18d4d2","properties":{"id":"expressway-a1657f18d4d2","label":"隼人道路"},"geometry":{"type":"MultiLineString","coordinates":[[[130.66665,31.74755],[130.6672,31.74621],[130.67155,31.74569],[130.67444,31.74419]],[[130.67444,31.74419],[130.68063,31.74036],[130.683,31.73963],[130.68549,31.73988],[130.69027,31.74197],[130.69302,31.74186],[130.70036,31.73751]],[[130.70036,31.73751],[130.70486,31.73578],[130.71326,31.72848],[130.73346,31.72069]]]}},{"type":"Feature","id":"expressway-a1b797c9cf9a","properties":{"id":"expressway-a1b797c9cf9a","label":"川西中札内道路"},"geometry":{"type":"MultiLineString","coordinates":[[[143.16818,42.7487],[143.16902,42.75572],[143.17999,42.78422],[143.19533,42.8092],[143.20487,42.8233],[143.20682,42.82831],[143.2061,42.83342],[143.20429,42.83631],[143.20213,42.83833],[143.19795,42.84075],[143.17883,42.84911]],[[143.16122,42.70239],[143.17141,42.72996],[143.17141,42.73555],[143.16818,42.7487]],[[143.16122,42.70239],[143.15401,42.69074]]]}},{"type":"Feature","id":"expressway-a24c89c6af2d","properties":{"id":"expressway-a24c89c6af2d","label":"沖縄自動車道"},"geometry":{"type":"MultiLineString","coordinates":[[[127.82915,26.43832],[127.83699,26.43982],[127.84128,26.44183],[127.84435,26.44502],[127.84686,26.45066],[127.84952,26.45483],[127.85289,26.45761],[127.85627,26.4592],[127.86079,26.46013],[127.8698,26.45974],[127.87871,26.46138],[127.89177,26.4574],[127.89717,26.45722],[127.90085,26.45792],[127.91502,26.46376],[127.926,26.46498],[127.9297,26.466],[127.93236,26.46792],[127.93519,26.47328],[127.9371,26.47532],[127.93973,26.47658],[127.94556,26.47747],[127.94786,26.47841],[127.95052,26.48048],[127.95467,26.48583],[127.95898,26.48865],[127.96299,26.48967],[127.97435,26.49039],[127.97926,26.49262],[127.98267,26.49657],[127.984,26.50204],[127.98309,26.50527],[127.97926,26.51287],[127.97888,26.52135],[127.97801,26.52539],[127.97549,26.52914],[127.97174,26.53196],[127.96766,26.53339],[127.95918,26.53414],[127.95611,26.53527],[127.95488,26.53714],[127.95499,26.539],[127.9564,26.54076],[127.95854,26.54145]],[[127.72398,26.21214],[127.72549,26.2115],[127.73277,26.21293],[127.73659,26.2141],[127.73828,26.2153],[127.73949,26.21776],[127.73826,26.22381],[127.73884,26.22881],[127.74078,26.2367],[127.74309,26.24127],[127.74598,26.24471],[127.74862,26.24675],[127.75899,26.24979],[127.76414,26.25582],[127.77007,26.25977],[127.77288,26.26319],[127.77711,26.27137],[127.78612,26.2822],[127.78858,26.29032],[127.79198,26.29637],[127.79265,26.29951],[127.79204,26.30209],[127.78891,26.30737],[127.78815,26.31043],[127.78818,26.31299],[127.78968,26.31884],[127.78937,26.32162],[127.78438,26.3302],[127.78436,26.33246],[127.78624,26.33471],[127.79434,26.33737],[127.7967,26.33936],[127.80251,26.34918],[127.8053,26.35941],[127.80672,26.36221],[127.81036,26.36653],[127.81659,26.37202],[127.81893,26.37564],[127.81982,26.38313],[127.82361,26.38989],[127.82397,26.39406],[127.82118,26.40157],[127.81208,26.41222],[127.81096,26.41588],[127.81116,26.42015],[127.81321,26.42616],[127.81712,26.43158],[127.82262,26.43577],[127.82915,26.43832]]]}},{"type":"Feature","id":"expressway-a289f2947bb1","properties":{"id":"expressway-a289f2947bb1","label":"東駿河湾環状道路"},"geometry":{"type":"MultiLineString","coordinates":[[[138.86544,35.14758],[138.86518,35.14499],[138.86282,35.14176],[138.86394,35.14029],[138.87024,35.14174],[138.87148,35.14271],[138.87531,35.14843],[138.88546,35.15441],[138.88911,35.15402],[138.89377,35.15095],[138.89852,35.14951],[138.91112,35.14992],[138.92095,35.15175],[138.92672,35.15159],[138.93113,35.15011],[138.93537,35.14678],[138.93718,35.14381],[138.93982,35.13562],[138.94322,35.1308]]]}},{"type":"Feature","id":"expressway-a2ea0d89d3c9","properties":{"id":"expressway-a2ea0d89d3c9","label":"北近畿豊岡自動車道"},"geometry":{"type":"MultiLineString","coordinates":[[[134.76333,35.46678],[134.76359,35.47158],[134.7675,35.48024],[134.76937,35.48298],[134.77249,35.48564],[134.77963,35.48965],[134.78633,35.4962],[134.79935,35.50465],[134.80225,35.50731]],[[134.80225,35.50731],[134.80423,35.51093],[134.80501,35.51394],[134.80281,35.52314]]]}},{"type":"Feature","id":"expressway-a33d3032986e","properties":{"id":"expressway-a33d3032986e","label":"紀北東道路"},"geometry":{"type":"MultiLineString","coordinates":[[[135.54746,34.31203],[135.53743,34.30914],[135.53207,34.30659],[135.51993,34.30637],[135.50719,34.30407],[135.50184,34.30251]]]}},{"type":"Feature","id":"expressway-a3cf8220d159","properties":{"id":"expressway-a3cf8220d159","label":"唐桑道路"},"geometry":{"type":"MultiLineString","coordinates":[[[141.62804,38.95324],[141.62787,38.94845],[141.62598,38.9437],[141.6168,38.93186]]]}},{"type":"Feature","id":"expressway-a4173b9799cd","properties":{"id":"expressway-a4173b9799cd","label":"阪神高速2号淀川左岸線"},"geometry":{"type":"MultiLineString","coordinates":[[[135.4216,34.6674],[135.43415,34.67308]],[[135.46442,34.69644],[135.4635,34.69439],[135.46407,34.69218],[135.46392,34.68867],[135.4631,34.68772],[135.45919,34.68622],[135.45581,34.68675],[135.45332,34.68639],[135.45093,34.68478],[135.44482,34.68273],[135.44022,34.68022],[135.43998,34.67918],[135.44103,34.67731],[135.4403,34.67611],[135.43415,34.67308]]]}},{"type":"Feature","id":"expressway-a46c16a0f830","properties":{"id":"expressway-a46c16a0f830","label":"中国縦貫自動車道"},"geometry":{"type":"MultiLineString","coordinates":[[[135.54376,34.80789],[135.52277,34.807],[135.51642,34.80584],[135.49957,34.80727],[135.4796,34.8054],[135.46496,34.79959],[135.46084,34.79959],[135.4545,34.80091]],[[135.4545,34.80091],[135.44174,34.80027],[135.43658,34.80174],[135.43253,34.80499]],[[135.36891,34.80647],[135.35708,34.81537],[135.3528,34.81723],[135.33954,34.81894],[135.33032,34.82228],[135.32199,34.82148],[135.31833,34.82184],[135.31345,34.82407],[135.30778,34.82518],[135.30315,34.82735],[135.29741,34.82775],[135.29276,34.82946],[135.28703,34.83025],[135.28026,34.83415],[135.27509,34.83549],[135.26978,34.83569],[135.26226,34.83472],[135.25647,34.83717],[135.25184,34.83722],[135.24554,34.83833],[135.23556,34.83842]],[[135.23556,34.83842],[135.23101,34.83986],[135.22726,34.84287],[135.22262,34.84983],[135.21743,34.85549],[135.21469,34.86091],[135.21189,34.86439],[135.20815,34.86657],[135.20113,34.86797],[135.19853,34.86926],[135.19705,34.87093],[135.19454,34.87588],[135.18989,34.88009],[135.1867,34.88208]],[[135.1867,34.88208],[135.18171,34.88397],[135.16493,34.8855],[135.16271,34.88679],[135.15846,34.89135],[135.15564,34.89275],[135.15156,34.89351]],[[135.15156,34.89351],[135.14043,34.89155],[135.13441,34.88932],[135.13106,34.8895],[135.12537,34.89117],[135.12083,34.89123],[135.11688,34.88991],[135.11012,34.8862],[135.10649,34.88512],[135.10334,34.885],[135.09886,34.88636],[135.09263,34.89088],[135.08416,34.89324],[135.07845,34.89656],[135.07206,34.89893],[135.06311,34.90696],[135.05754,34.90996],[135.05324,34.91054],[135.04592,34.90985],[135.04263,34.91081],[135.03907,34.91339],[135.03599,34.91459],[135.0268,34.91477],[135.01782,34.91769],[135.01205,34.91805],[135.00538,34.91977],[134.99678,34.91999],[134.99232,34.92188],[134.98374,34.92775],[134.97478,34.93091],[134.9676,34.93143],[134.95505,34.92914],[134.94476,34.92899],[134.93682,34.93026],[134.927,34.93404],[134.9234,34.93483],[134.91993,34.93421],[134.90959,34.92931],[134.90637,34.9286],[134.90089,34.92864],[134.89611,34.92998],[134.88823,34.93348],[134.87965,34.93888],[134.87563,34.93976],[134.87311,34.93927],[134.86857,34.93565],[134.86566,34.93455],[134.86206,34.93461],[134.85736,34.93657],[134.85446,34.93693],[134.85141,34.93604],[134.84728,34.93365],[134.84306,34.93311],[134.83778,34.93462],[134.82822,34.93893],[134.81431,34.94219],[134.79786,34.94785],[134.7766,34.94727],[134.76189,34.94872]],[[134.76189,34.94872],[134.74114,34.95336],[134.72751,34.95342],[134.72051,34.95559],[134.71335,34.95647],[134.70381,34.96007],[134.69264,34.96322],[134.68116,34.9636],[134.67517,34.96767],[134.66585,34.97096],[134.63774,34.97652],[134.61594,34.98201],[134.61065,34.98261],[134.60017,34.98547],[134.59579,34.98854],[134.59257,34.98965],[134.57767,34.9915],[134.56945,34.99451],[134.53443,35.00186],[134.517,35.01277],[134.49597,35.02268],[134.49311,35.02452],[134.48341,35.03337],[134.47252,35.03833],[134.46076,35.04691],[134.45805,35.04792],[134.45557,35.04767],[134.45169,35.04598],[134.44915,35.04275],[134.44706,35.04152],[134.43693,35.04238],[134.43187,35.04219],[134.42837,35.04127],[134.42304,35.03823],[134.4207,35.03756],[134.40406,35.0347],[134.39902,35.03092],[134.3946,35.02391],[134.38934,35.0215],[134.37857,35.0198],[134.37652,35.01994],[134.37019,35.02212],[134.36459,35.02162],[134.36131,35.01976],[134.35662,35.01319],[134.35283,35.00993],[134.35039,35.00913],[134.34459,35.00911],[134.33903,35.00695],[134.3276,35.00783],[134.32239,35.00715],[134.31899,35.00811],[134.31309,35.00809],[134.30457,35.01075],[134.29504,35.01053],[134.28682,35.01162],[134.28,35.01386],[134.272,35.01389],[134.26092,35.01711],[134.25595,35.01556],[134.24873,35.0159],[134.24235,35.01461],[134.23991,35.01533],[134.23397,35.01532],[134.22679,35.01821],[134.22427,35.01859],[134.21523,35.01698],[134.21,35.01955],[134.19838,35.0206],[134.19071,35.02266],[134.17574,35.02269],[134.16239,35.02607]],[[134.16239,35.02607],[134.15154,35.03206],[134.14218,35.03477],[134.13437,35.03592],[134.12565,35.04074],[134.11688,35.04391],[134.11193,35.04459],[134.0843,35.04465],[134.07345,35.04695],[134.06776,35.04933],[134.06114,35.05356],[134.04948,35.06443],[134.04285,35.0683],[134.02665,35.07152],[134.01448,35.07779],[134.00591,35.07912],[134.00128,35.07866],[133.99605,35.07653],[133.99264,35.07366],[133.9878,35.06676],[133.98275,35.06406],[133.97852,35.06367],[133.96821,35.06502],[133.95865,35.06386],[133.94853,35.06459],[133.94457,35.06432],[133.93773,35.06278],[133.92768,35.05846],[133.92094,35.05664],[133.91406,35.05713],[133.90399,35.06118],[133.89065,35.06372],[133.88097,35.06375],[133.86439,35.06125],[133.85103,35.06314],[133.84539,35.06306],[133.83686,35.0605],[133.82854,35.05948],[133.82145,35.05659],[133.81346,35.05505],[133.80322,35.04842],[133.79681,35.04164],[133.79039,35.03654],[133.78583,35.03378],[133.77829,35.03049],[133.76999,35.02533],[133.75719,35.02406],[133.74705,35.02517]],[[133.74705,35.02517],[133.74333,35.02502],[133.73857,35.02374],[133.73521,35.02199],[133.7323,35.0194],[133.73007,35.01549],[133.72906,35.00641],[133.72458,34.99992],[133.72245,34.99197],[133.71996,34.99],[133.71476,34.98851],[133.71167,34.98498],[133.71001,34.9845],[133.70723,34.98506],[133.69882,34.99104],[133.69401,34.99126],[133.68989,34.98951],[133.6852,34.98508],[133.67761,34.98182],[133.67295,34.97761],[133.67023,34.97719],[133.66363,34.97824],[133.65908,34.97669]],[[133.65908,34.97669],[133.64625,34.968],[133.641,34.96534],[133.6349,34.96493],[133.62875,34.96704],[133.62654,34.97002],[133.61684,34.97921],[133.61443,34.98337],[133.61034,34.98657],[133.60954,34.98786],[133.60941,34.99102],[133.60855,34.99318],[133.60326,34.99867],[133.60024,35.00346],[133.5915,35.00919],[133.58458,35.01505],[133.58329,35.01874],[133.57953,35.02261],[133.57802,35.02773],[133.57521,35.03316],[133.57311,35.03499],[133.57065,35.03573],[133.55216,35.0356],[133.54405,35.03629],[133.5331,35.03413],[133.53094,35.03293],[133.52876,35.03012],[133.52564,35.02818],[133.52521,35.026],[133.52374,35.02353],[133.52413,35.01792],[133.52,35.01195],[133.51597,35.01118],[133.5104,35.00863],[133.50537,35.0098],[133.50202,35.00991],[133.49786,35.01167],[133.49544,35.01175],[133.49223,35.00969],[133.48958,35.00656],[133.48748,35.00565],[133.4855,35.00578],[133.4808,35.00795],[133.47827,35.00769],[133.47552,35.00555],[133.46973,34.99802],[133.46272,34.99451],[133.45842,34.99429],[133.45072,34.99503],[133.44705,34.99811]],[[133.44705,34.99811],[133.44129,35.00444],[133.43573,35.00941],[133.43305,35.01402],[133.43156,35.01546],[133.42429,35.01944],[133.41968,35.01874],[133.4066,35.007],[133.40433,35.00412],[133.39536,34.99674],[133.39246,34.9921],[133.38726,34.99069],[133.38235,34.98766],[133.38001,34.98341],[133.37351,34.97941],[133.3717,34.97514],[133.37013,34.97317],[133.36689,34.97185],[133.36205,34.97134],[133.35787,34.96982],[133.34521,34.96787],[133.33557,34.96362],[133.33252,34.9614],[133.33009,34.95846],[133.32884,34.95538],[133.33003,34.94654],[133.32805,34.94035],[133.32781,34.93219],[133.32567,34.92759],[133.31291,34.91435],[133.30253,34.90987],[133.30167,34.90834],[133.30181,34.9041],[133.30052,34.90183],[133.29468,34.89819],[133.2905,34.89688],[133.28617,34.89242],[133.28219,34.89045],[133.27886,34.88793]],[[133.27886,34.88793],[133.27428,34.88605],[133.26854,34.88591],[133.26587,34.88709],[133.26343,34.89038],[133.26053,34.89239],[133.2527,34.89409],[133.24367,34.89447],[133.23977,34.89661],[133.23564,34.89749],[133.23316,34.8995],[133.23141,34.89975],[133.22996,34.89922],[133.22835,34.89706],[133.22617,34.89552],[133.22563,34.89227],[133.22362,34.89068],[133.22191,34.89083],[133.21876,34.89247],[133.21486,34.8928],[133.21148,34.89482],[133.2091,34.89544],[133.20075,34.89384],[133.19954,34.89304],[133.19853,34.89062],[133.19682,34.88863],[133.19608,34.88515],[133.19328,34.88333],[133.19033,34.87933],[133.17688,34.87397],[133.173,34.87346],[133.1698,34.8722],[133.16654,34.87184],[133.16093,34.87233],[133.15683,34.87178],[133.15361,34.87218],[133.15014,34.87139],[133.14761,34.87151],[133.14287,34.87357],[133.13951,34.87416],[133.13669,34.87653],[133.13441,34.87749],[133.13082,34.87797],[133.12584,34.87715],[133.12102,34.87461],[133.1139,34.86778],[133.1063,34.86517],[133.10431,34.86255],[133.10148,34.86025],[133.09951,34.8555],[133.0945,34.85287],[133.0929,34.85079],[133.0917,34.84743],[133.0892,34.84624],[133.08711,34.84349],[133.08363,34.84125],[133.08232,34.83787],[133.07906,34.83295],[133.07613,34.83123],[133.07165,34.82697],[133.06725,34.8256],[133.06363,34.82552],[133.05082,34.82799],[133.04734,34.83092],[133.0441,34.83837],[133.0399,34.84176],[133.03416,34.84368],[133.02264,34.84566]],[[133.02264,34.84566],[133.01473,34.8466],[133.01173,34.84625],[133.00389,34.84182],[132.99497,34.8416],[132.99024,34.83945],[132.98456,34.83866],[132.98035,34.83572],[132.97754,34.83455],[132.96674,34.83222],[132.9579,34.82629],[132.95211,34.82446],[132.94922,34.8228],[132.94498,34.81698],[132.94293,34.81545],[132.93317,34.8132],[132.92808,34.81021],[132.92321,34.80878],[132.91662,34.80375],[132.90823,34.80246],[132.90242,34.80006],[132.89195,34.79721],[132.88735,34.79509],[132.87958,34.78951],[132.87716,34.78851],[132.86584,34.78503],[132.86322,34.78495],[132.8612,34.78561]],[[132.8612,34.78561],[132.85557,34.78857],[132.85142,34.78856],[132.84874,34.78783],[132.84598,34.78664],[132.84431,34.78514],[132.84364,34.78326],[132.84381,34.78032],[132.84315,34.77919],[132.839,34.77703],[132.83455,34.7736],[132.83182,34.77267],[132.81096,34.76946],[132.80408,34.76922],[132.80034,34.7684],[132.79498,34.76598],[132.78506,34.76004],[132.77787,34.75903],[132.77375,34.75507],[132.77206,34.75423],[132.76361,34.75276],[132.75581,34.75681],[132.7453,34.75684],[132.74279,34.75622],[132.73605,34.75285],[132.72729,34.75208],[132.72428,34.74962],[132.72198,34.74387],[132.72004,34.74257],[132.71497,34.74103],[132.71098,34.736],[132.70592,34.73249],[132.70326,34.72827],[132.69039,34.72392],[132.6821,34.71858],[132.67744,34.7175],[132.66503,34.71828],[132.66044,34.7178],[132.6521,34.71932],[132.64471,34.71859],[132.63928,34.71602],[132.6297,34.71473],[132.6215,34.70856],[132.61431,34.70639],[132.61115,34.70331],[132.60425,34.69902],[132.60002,34.69557],[132.58924,34.69103],[132.58747,34.69089],[132.58261,34.69219],[132.57228,34.69171],[132.56914,34.69095],[132.5636,34.68686],[132.56212,34.68413],[132.56079,34.67906],[132.5586,34.67648],[132.555,34.67489],[132.54668,34.67385],[132.54237,34.67162]],[[132.54237,34.67162],[132.52965,34.66567],[132.5267,34.66271],[132.52304,34.65693],[132.51745,34.65164],[132.5167,34.64918],[132.51714,34.64314],[132.51449,34.63838],[132.51352,34.63237],[132.50963,34.62524],[132.50473,34.61943],[132.50178,34.61306],[132.49825,34.60833],[132.49596,34.60375],[132.49269,34.60001],[132.48738,34.59576],[132.48449,34.58962],[132.48214,34.58773],[132.47648,34.58576],[132.47199,34.58273],[132.46058,34.57733],[132.45703,34.57408]],[[132.15351,34.48344],[132.151,34.48048],[132.14924,34.47968],[132.14358,34.47941],[132.13826,34.47736],[132.12974,34.4766],[132.11688,34.47089],[132.11022,34.46568],[132.10583,34.46319],[132.10222,34.45839],[132.09866,34.45572],[132.09387,34.45054],[132.07072,34.43923],[132.06699,34.43316],[132.0669,34.42973],[132.06506,34.42524],[132.05999,34.4189],[132.05643,34.41575],[132.05514,34.41164],[132.05356,34.41018],[132.05084,34.40949],[132.04896,34.4098],[132.04303,34.41351],[132.04047,34.41418],[132.03851,34.41405],[132.03478,34.41253],[132.02944,34.4118],[132.02788,34.4102],[132.02676,34.40619],[132.02425,34.40317],[132.02138,34.39151],[132.02018,34.38993],[132.01541,34.38636],[132.00666,34.37498],[132.00239,34.37354],[131.99559,34.37428],[131.99188,34.37368],[131.98924,34.37218],[131.98503,34.36826],[131.9831,34.36748],[131.98015,34.36724],[131.97567,34.36802],[131.9726,34.36747],[131.96997,34.36555],[131.96673,34.36053],[131.96399,34.35862],[131.9603,34.35707],[131.9547,34.35596],[131.94477,34.35184]],[[131.94477,34.35184],[131.93703,34.34987],[131.92731,34.34902],[131.92066,34.34629],[131.919,34.34618],[131.91598,34.34781],[131.91432,34.35381],[131.91086,34.35726],[131.90687,34.35856],[131.89983,34.35876],[131.89404,34.3616],[131.89164,34.36197],[131.87356,34.35824],[131.8716,34.35669],[131.86951,34.35275],[131.86478,34.351],[131.86315,34.34823],[131.86263,34.34403],[131.85569,34.34027],[131.85491,34.33732],[131.85642,34.33378],[131.85645,34.32967],[131.85822,34.32378],[131.85824,34.31932],[131.86365,34.31326],[131.86666,34.30701],[131.86807,34.30043],[131.86789,34.29552],[131.86685,34.29079],[131.86314,34.28378],[131.86126,34.28206],[131.85491,34.27933],[131.85279,34.2766],[131.85239,34.26833],[131.8481,34.26238],[131.84906,34.25972],[131.85282,34.25634],[131.85308,34.25427],[131.85242,34.25172],[131.84943,34.24771],[131.8468,34.24612],[131.84461,34.24571],[131.84038,34.24661],[131.83483,34.25063],[131.83185,34.25182],[131.82771,34.2518],[131.82312,34.25054],[131.81858,34.24797],[131.81438,34.24431],[131.81179,34.23994],[131.80969,34.23395]],[[131.80969,34.23395],[131.8046,34.22768],[131.80109,34.22116],[131.79816,34.21961],[131.79297,34.21927],[131.78994,34.2178],[131.77772,34.20385],[131.77406,34.198],[131.76864,34.19557],[131.7655,34.1953],[131.75511,34.19628],[131.75192,34.19508],[131.74928,34.1926],[131.74676,34.19192],[131.73915,34.1937],[131.73495,34.19371],[131.72971,34.19484],[131.7205,34.19314],[131.71499,34.19125],[131.709,34.1921],[131.70361,34.19176],[131.69123,34.19755],[131.69036,34.19875],[131.6902,34.20272],[131.68877,34.20476],[131.67964,34.20773],[131.67753,34.20727],[131.67419,34.20394],[131.66757,34.20081]],[[131.66757,34.20081],[131.66141,34.20046],[131.65912,34.19938],[131.65639,34.19589],[131.65315,34.19365],[131.64933,34.18986],[131.6477,34.18542],[131.64325,34.18389],[131.64046,34.18157],[131.638,34.18158],[131.63418,34.18447],[131.63159,34.18488],[131.62348,34.1826],[131.61851,34.17838],[131.61395,34.17838],[131.61015,34.17734],[131.6052,34.17895],[131.59716,34.17916],[131.59296,34.1803],[131.58779,34.18544],[131.58169,34.18903],[131.57903,34.19276],[131.5762,34.19522],[131.57448,34.19939],[131.56968,34.20301],[131.56546,34.20489],[131.56302,34.20709],[131.55909,34.20752],[131.55709,34.20634],[131.55355,34.2011],[131.54857,34.19706],[131.54385,34.18876],[131.53631,34.18358],[131.53408,34.17976],[131.53084,34.17639],[131.52949,34.17351],[131.52916,34.16902],[131.5276,34.16566],[131.52724,34.16239],[131.5229,34.1535]],[[131.5229,34.1535],[131.52024,34.15137],[131.51568,34.15004],[131.51052,34.14976],[131.50477,34.14858],[131.49956,34.14872],[131.49439,34.14774],[131.48922,34.14941],[131.48681,34.14958],[131.4815,34.14722],[131.47633,34.14647],[131.47357,34.14473],[131.47134,34.14125],[131.4655,34.13919],[131.46,34.13563],[131.45759,34.13273],[131.45534,34.13185],[131.4491,34.13244],[131.44233,34.1298],[131.43854,34.12924],[131.43587,34.12977],[131.43156,34.13263],[131.42779,34.13279],[131.42358,34.13011],[131.41832,34.12421],[131.41488,34.12298],[131.41098,34.1236],[131.40377,34.12651]],[[131.40377,34.12651],[131.39305,34.12563],[131.38383,34.12699],[131.37769,34.13025],[131.3753,34.13457],[131.37316,34.13639],[131.3709,34.13683],[131.36745,34.13588],[131.36509,34.13599],[131.36263,34.13775],[131.35913,34.14187],[131.35617,34.14306],[131.35065,34.14362],[131.34732,34.14477],[131.34395,34.14745],[131.34058,34.15192],[131.33434,34.15524],[131.33136,34.15897],[131.32756,34.16233],[131.32611,34.16489],[131.32599,34.16921],[131.3237,34.17148],[131.31994,34.17248],[131.31169,34.17328],[131.30988,34.17416],[131.30571,34.1779],[131.30175,34.17934],[131.29462,34.17839],[131.28948,34.18103],[131.2865,34.18159],[131.28114,34.18016],[131.27397,34.1805],[131.27038,34.17892],[131.26754,34.1751],[131.26496,34.17338],[131.25204,34.1705],[131.24477,34.17045],[131.24211,34.16911],[131.24114,34.16735],[131.24073,34.16272],[131.23827,34.16005],[131.23604,34.1563],[131.23367,34.14769],[131.23068,34.14382],[131.22727,34.13747],[131.2222,34.13384],[131.22011,34.12762],[131.21707,34.12527],[131.21308,34.12338],[131.2095,34.12026],[131.20418,34.11952],[131.19937,34.11728],[131.19421,34.1165],[131.19251,34.11693],[131.19035,34.11892],[131.18862,34.11943],[131.18389,34.11842],[131.17961,34.11829],[131.1747,34.11573],[131.17203,34.11535],[131.16835,34.11371],[131.16292,34.114],[131.15566,34.11015],[131.1507,34.10888],[131.14256,34.10806],[131.1405,34.10844],[131.13533,34.11124],[131.1322,34.11426],[131.12891,34.11571],[131.11972,34.11712],[131.11356,34.11729],[131.10646,34.1134],[131.09939,34.10655],[131.09634,34.10469],[131.09093,34.09887],[131.08629,34.09596],[131.0836,34.09343],[131.07975,34.09132],[131.07896,34.09117],[131.07274,34.09413],[131.06791,34.09501],[131.06298,34.09684],[131.06044,34.09677],[131.05496,34.09489],[131.05108,34.09453],[131.04786,34.09315],[131.04587,34.09137],[131.04182,34.08293],[131.03724,34.08031],[131.03159,34.07893]],[[131.03159,34.07893],[131.02171,34.075],[131.02048,34.07304],[131.01889,34.06741],[131.00888,34.06082],[131.00585,34.0526],[131.00224,34.04836],[130.99759,34.04589],[130.98951,34.04449],[130.98175,34.03985],[130.97536,34.04037],[130.97132,34.03959],[130.96338,34.03484],[130.9621,34.03036],[130.96061,34.02776],[130.9601,34.02221],[130.95831,34.02008],[130.95723,34.01619],[130.9556,34.01338],[130.95567,34.01003],[130.95939,34.00317],[130.95951,33.99964],[130.95844,33.996],[130.95319,33.99186],[130.95136,33.98864],[130.95115,33.98646],[130.95255,33.97863]],[[132.45182,34.55032],[132.45031,34.55921],[132.45576,34.56671],[132.45703,34.57408]],[[135.43253,34.80499],[135.42854,34.80837],[135.42492,34.80983],[135.40925,34.81106],[135.38912,34.81006],[135.38453,34.8089],[135.37795,34.806],[135.37452,34.80536],[135.36891,34.80647]],[[132.45703,34.57408],[132.45418,34.57461],[132.44774,34.57433],[132.39582,34.56554],[132.39144,34.56533],[132.37845,34.56699],[132.37324,34.56709],[132.36483,34.5644],[132.35834,34.56373],[132.35264,34.5645],[132.34755,34.5664],[132.33889,34.5729],[132.33367,34.57559],[132.31246,34.57952],[132.28962,34.58203],[132.2861,34.58138],[132.27544,34.57684]],[[132.27544,34.57684],[132.27412,34.57508],[132.27283,34.56945],[132.26999,34.56726],[132.26613,34.56566],[132.25865,34.5644],[132.25314,34.56129],[132.2494,34.5571],[132.2429,34.55428],[132.23948,34.55118],[132.23047,34.5497],[132.22863,34.54825],[132.22014,34.53756],[132.20961,34.5337],[132.20265,34.52842],[132.19973,34.52698],[132.19667,34.52408],[132.1922,34.52151],[132.1893,34.51749],[132.1781,34.51213],[132.17319,34.50706],[132.17163,34.50444],[132.16803,34.50161],[132.16563,34.49807],[132.15863,34.49371],[132.15792,34.49218],[132.15842,34.48744],[132.15663,34.48516],[132.15351,34.48344]],[[133.58525,35.0143],[133.5963,35.00369],[133.59889,34.99835],[133.60156,34.9966],[133.60497,34.99582],[133.60623,34.99493],[133.60699,34.99232],[133.60618,34.98741],[133.60747,34.98647],[133.61059,34.98582],[133.61378,34.98337],[133.61603,34.98023]],[[133.46973,34.99802],[133.46803,34.99601],[133.4665,34.99189],[133.46281,34.98987],[133.46058,34.99032],[133.45777,34.99318],[133.45072,34.99503]],[[131.75713,34.19631],[131.76031,34.19491],[131.76373,34.19204],[131.76676,34.19166],[131.7703,34.19541],[131.77458,34.19788],[131.77588,34.19951],[131.77663,34.20198]],[[132.23678,34.55044],[132.23131,34.54741],[132.22573,34.53916],[132.21715,34.53531],[132.21155,34.5346]],[[131.40377,34.12651],[131.40244,34.12895],[131.39973,34.13116]]]}},{"type":"Feature","id":"expressway-a53824d3201b","properties":{"id":"expressway-a53824d3201b","label":"広島高速3号線"},"geometry":{"type":"MultiLineString","coordinates":[[[132.44711,34.36448],[132.43882,34.36804],[132.42877,34.37058],[132.42221,34.37333]],[[132.47181,34.35533],[132.47706,34.35771],[132.48377,34.3569],[132.49726,34.35686]],[[132.44711,34.36448],[132.45463,34.35709],[132.4594,34.35445],[132.4634,34.35421],[132.46656,34.3551],[132.47181,34.35533]]]}},{"type":"Feature","id":"expressway-a57c5ea44da0","properties":{"id":"expressway-a57c5ea44da0","label":"歌津本吉道路"},"geometry":{"type":"MultiLineString","coordinates":[[[141.51014,38.77987],[141.50073,38.77526],[141.49851,38.77358],[141.49624,38.76975],[141.4965,38.7654],[141.49952,38.76152],[141.5101,38.75593],[141.521,38.74767],[141.5231,38.74483],[141.52391,38.74105],[141.5226,38.73694],[141.51271,38.72344],[141.51006,38.71341],[141.50866,38.71098],[141.50657,38.70899]]]}},{"type":"Feature","id":"expressway-a7304385f6c1","properties":{"id":"expressway-a7304385f6c1","label":"八代日奈久道路"},"geometry":{"type":"MultiLineString","coordinates":[[[130.60186,32.46433],[130.6069,32.46717],[130.61349,32.47551],[130.62385,32.48332],[130.6392,32.48951],[130.6421,32.49144],[130.6442,32.49476],[130.6447,32.50026],[130.6462,32.50509]],[[130.56673,32.42988],[130.57286,32.43578],[130.57588,32.44057],[130.58145,32.44669],[130.58814,32.45614],[130.60186,32.46433]]]}},{"type":"Feature","id":"expressway-a804b2d4263c","properties":{"id":"expressway-a804b2d4263c","label":"唐津道路"},"geometry":{"type":"MultiLineString","coordinates":[[[130.04322,33.47152],[130.04234,33.46749],[130.04315,33.46339],[130.04579,33.45958],[130.05139,33.45395],[130.05238,33.45183],[130.05228,33.44887],[130.05055,33.44481]],[[130.05055,33.44481],[130.04792,33.43861],[130.04826,33.43102],[130.04704,33.42884],[130.04514,33.42722],[130.03654,33.42438],[130.0237,33.41693],[130.02013,33.41557],[130.01522,33.41489],[130.00083,33.41488]]]}},{"type":"Feature","id":"expressway-a895fc7f191e","properties":{"id":"expressway-a895fc7f191e","label":"湯沢横手道路"},"geometry":{"type":"MultiLineString","coordinates":[[[140.48395,39.08974],[140.48287,39.08595],[140.48067,39.0822],[140.47375,39.07506],[140.46719,39.06595],[140.46348,39.06231]],[[140.48282,39.13889],[140.48349,39.13463],[140.48711,39.12698],[140.48786,39.12193],[140.48473,39.1004],[140.48395,39.08974]],[[140.48218,39.17491],[140.48123,39.16248],[140.48339,39.1524],[140.48282,39.13889]],[[140.52118,39.23547],[140.51656,39.22709],[140.51508,39.21855],[140.51294,39.21346],[140.50451,39.20374],[140.48905,39.19098],[140.48569,39.18756],[140.48318,39.1823],[140.48218,39.17491]],[[140.55285,39.29107],[140.55069,39.28638],[140.54434,39.27917],[140.54135,39.27141],[140.53264,39.25758],[140.52796,39.2469],[140.52118,39.23547]]]}},{"type":"Feature","id":"expressway-a9215950207c","properties":{"id":"expressway-a9215950207c","label":"山陽自動車道"},"geometry":{"type":"MultiLineString","coordinates":[[[135.22262,34.84983],[135.21436,34.84936],[135.20921,34.84751],[135.1999,34.84096],[135.1904,34.83628],[135.1841,34.82944],[135.17971,34.82704],[135.17441,34.82707],[135.16554,34.83094],[135.15864,34.83176],[135.1528,34.82992],[135.14454,34.82279],[135.13957,34.8209],[135.13559,34.82084],[135.12649,34.82214],[135.11673,34.82049],[135.10449,34.82124],[135.09589,34.81932],[135.08637,34.81893],[135.08233,34.81714],[135.0773,34.81344],[135.06498,34.80054],[135.06228,34.79894],[135.05879,34.79808],[135.05419,34.79844],[135.03461,34.80341],[135.02818,34.80652],[135.02186,34.81121],[135.00677,34.81903],[135.00198,34.82067],[134.99767,34.82032],[134.99204,34.81769],[134.98893,34.81701],[134.97705,34.81619],[134.96842,34.81655],[134.95756,34.81244]],[[134.95756,34.81244],[134.94844,34.80713],[134.94441,34.80661],[134.94125,34.80719],[134.93068,34.81187],[134.91564,34.82016],[134.9096,34.82168],[134.89994,34.82247],[134.89246,34.82528],[134.88647,34.82884],[134.88151,34.8352],[134.87809,34.83747],[134.87397,34.83847],[134.86593,34.83866],[134.853,34.8424],[134.84971,34.84475],[134.84618,34.84902],[134.842,34.85099],[134.83801,34.85112],[134.82906,34.84825],[134.82046,34.84742],[134.81374,34.8478],[134.80706,34.8498],[134.79979,34.84844],[134.79585,34.84869],[134.78623,34.85368],[134.78234,34.85461],[134.76313,34.85202],[134.7552,34.84922],[134.7412,34.85136]],[[134.7412,34.85136],[134.73603,34.85221],[134.73066,34.85406],[134.72206,34.86006],[134.69153,34.87407],[134.68514,34.87565],[134.65861,34.87944],[134.64909,34.87973],[134.62893,34.87886],[134.62519,34.87672],[134.62188,34.87234],[134.61942,34.87024],[134.6137,34.86806]],[[134.6137,34.86806],[134.60355,34.86796],[134.59478,34.86457],[134.58437,34.86369],[134.55961,34.85387],[134.55158,34.85185],[134.54579,34.85213]],[[134.5052,34.83377],[134.47482,34.82671],[134.46402,34.82352],[134.46055,34.82109],[134.4561,34.81178],[134.45435,34.80964],[134.45021,34.80732],[134.44356,34.80623],[134.43958,34.80449],[134.43737,34.80233],[134.43364,34.79679],[134.42987,34.79399],[134.42288,34.79173],[134.41056,34.79101],[134.40615,34.79006],[134.39978,34.78688],[134.39824,34.78512],[134.39619,34.78096],[134.39337,34.77878],[134.37457,34.77409],[134.36967,34.77348],[134.36237,34.77401],[134.35497,34.77637],[134.34801,34.77741],[134.34414,34.77986],[134.3411,34.78079],[134.32938,34.77875],[134.31445,34.78151],[134.30134,34.78036],[134.29381,34.78165],[134.28797,34.78171],[134.2795,34.7837],[134.26261,34.78327]],[[134.26261,34.78327],[134.24845,34.77897],[134.2332,34.77883],[134.22555,34.78092],[134.21923,34.78393],[134.21653,34.78621],[134.21245,34.79179],[134.20875,34.79422],[134.20426,34.79554],[134.19417,34.797],[134.18968,34.7967],[134.18024,34.79411],[134.16281,34.78728],[134.15735,34.78691],[134.14731,34.78802],[134.14314,34.78769],[134.13839,34.78571],[134.1305,34.78095],[134.11919,34.77761],[134.10769,34.77267],[134.10101,34.77212],[134.0935,34.77352],[134.08999,34.77345],[134.07976,34.76955],[134.071,34.76903],[134.06681,34.76815],[134.06162,34.76543],[134.05334,34.75804],[134.03753,34.75285],[134.02643,34.74423],[134.01799,34.74006],[134.00615,34.73718],[133.99319,34.73731],[133.98819,34.73645],[133.97857,34.73125],[133.96984,34.72829],[133.96316,34.72349],[133.95882,34.72139],[133.94082,34.71925],[133.93428,34.7179],[133.91604,34.71036],[133.89717,34.70665],[133.8872,34.70197]],[[133.8872,34.70197],[133.87671,34.6949],[133.86302,34.69067],[133.85467,34.68453],[133.85022,34.68222],[133.84274,34.68044],[133.82715,34.68008],[133.82262,34.67901],[133.81895,34.67692]],[[133.81895,34.67692],[133.81585,34.67381],[133.81406,34.67042],[133.81368,34.66028],[133.80923,34.65197],[133.80751,34.64111],[133.80588,34.63658],[133.80334,34.63256],[133.80063,34.63005],[133.79771,34.6283],[133.79345,34.627]],[[133.79345,34.627],[133.78257,34.62495],[133.77057,34.62628]],[[133.77057,34.62628],[133.76202,34.62534],[133.74777,34.62136],[133.74431,34.61983],[133.7411,34.61745],[133.73555,34.6118],[133.72628,34.60543],[133.72184,34.60441],[133.7125,34.60466],[133.70789,34.60333],[133.69983,34.59811],[133.69727,34.59534],[133.6931,34.58898],[133.68992,34.58596],[133.67866,34.58062],[133.6682,34.572],[133.66071,34.56808],[133.65208,34.5663],[133.647,34.56663],[133.63881,34.56834],[133.63296,34.56804],[133.62687,34.5654],[133.61712,34.55798],[133.60774,34.55426],[133.59391,34.55192],[133.57647,34.55133],[133.57185,34.54894],[133.56665,34.54179],[133.5635,34.53897],[133.55738,34.53606],[133.55091,34.53388],[133.54052,34.53178],[133.5352,34.53148],[133.53031,34.53201],[133.52089,34.53489],[133.51656,34.53554],[133.5005,34.53458],[133.49212,34.53628],[133.47887,34.5411],[133.47101,34.54127],[133.46647,34.54018],[133.46001,34.53742],[133.44967,34.53039],[133.44574,34.52838],[133.42724,34.52218],[133.41898,34.51656],[133.41545,34.51484],[133.40699,34.513],[133.39638,34.51357]],[[133.39638,34.51357],[133.38588,34.51661],[133.37543,34.51702],[133.36924,34.51639],[133.35707,34.5132],[133.34411,34.5126],[133.34003,34.51177],[133.33083,34.50653],[133.31963,34.49782],[133.31584,34.49273],[133.31228,34.48475],[133.31041,34.48278],[133.30734,34.4809],[133.29833,34.4774],[133.29163,34.47586],[133.28517,34.47541],[133.27032,34.47618],[133.26312,34.47502],[133.25661,34.4724],[133.24473,34.46459],[133.23789,34.46145]],[[133.23789,34.46145],[133.23289,34.46021],[133.2267,34.46013],[133.21352,34.46322],[133.20666,34.46185],[133.19722,34.4589],[133.19232,34.45923],[133.17956,34.46258],[133.17568,34.4623],[133.16834,34.46039],[133.16536,34.46034],[133.16009,34.46217],[133.15131,34.46919],[133.14209,34.47112],[133.1341,34.4751],[133.11269,34.47727],[133.10902,34.47688],[133.10271,34.47431],[133.09945,34.47382],[133.09298,34.47456],[133.08396,34.47733],[133.07951,34.47715],[133.0748,34.4751],[133.06474,34.46717],[133.05885,34.46498],[133.05137,34.46333],[133.04705,34.46375],[133.03957,34.46719],[133.03159,34.46896],[133.02129,34.47282],[133.01814,34.473],[133.015,34.47233],[133.01131,34.47016],[133.00076,34.46039],[132.98279,34.45685],[132.97988,34.45528],[132.97479,34.45049],[132.96591,34.44665],[132.96337,34.44405],[132.95732,34.4336],[132.95377,34.42886],[132.95123,34.42624],[132.94725,34.42413],[132.93492,34.42369],[132.92671,34.42127],[132.92222,34.42098],[132.91792,34.42182],[132.90489,34.42671],[132.88415,34.42737],[132.87158,34.42919]],[[132.87158,34.42919],[132.85703,34.42959],[132.84615,34.42816],[132.84174,34.4289],[132.83476,34.43156],[132.83057,34.43216],[132.81873,34.43011],[132.81151,34.43109],[132.80025,34.43085],[132.79637,34.43158],[132.78642,34.43525],[132.75422,34.4415]],[[132.75422,34.4415],[132.74573,34.44268],[132.73772,34.44555],[132.73327,34.44791],[132.72628,34.45307],[132.71424,34.45952],[132.70906,34.46065],[132.69982,34.46056],[132.6877,34.46612],[132.68021,34.4682],[132.67481,34.46857],[132.66884,34.46785],[132.65793,34.46498],[132.6452,34.46049]],[[132.6452,34.46049],[132.63092,34.45669],[132.62257,34.45631],[132.61649,34.45874],[132.60985,34.46512],[132.60658,34.46738],[132.60311,34.46865],[132.59806,34.46899],[132.58712,34.46596],[132.58049,34.46515],[132.57267,34.4606],[132.5645,34.45897],[132.55746,34.45256],[132.55347,34.45046],[132.54852,34.44982],[132.54448,34.45058]],[[132.54448,34.45058],[132.54143,34.45203],[132.53194,34.4589],[132.52214,34.46235],[132.5171,34.46261],[132.50957,34.46182],[132.5057,34.46246],[132.49841,34.46511],[132.47978,34.46559]],[[132.47978,34.46559],[132.45579,34.46364],[132.45023,34.4645],[132.43907,34.46881],[132.43132,34.46866],[132.42716,34.46711],[132.42293,34.46392],[132.41235,34.44916]],[[132.41235,34.44916],[132.4061,34.44065],[132.39565,34.43494],[132.39175,34.42956]],[[132.39175,34.42956],[132.38897,34.42616],[132.38401,34.42296],[132.3785,34.4173],[132.36945,34.41388],[132.36333,34.40904],[132.35173,34.4037],[132.34179,34.39573],[132.33274,34.38554],[132.32739,34.37487],[132.32425,34.37102],[132.31918,34.36732],[132.3076,34.36155],[132.30138,34.35541],[132.29646,34.3466],[132.29499,34.34143],[132.29453,34.33684]],[[132.2166,34.24378],[132.21308,34.23414],[132.21034,34.23041],[132.2029,34.22472],[132.19688,34.21855],[132.18267,34.21252],[132.17863,34.20857],[132.17649,34.20508],[132.17399,34.19848],[132.17055,34.1829],[132.16668,34.17628]],[[132.16668,34.17628],[132.14903,34.15594],[132.14424,34.1538],[132.1301,34.15118],[132.12653,34.1483],[132.12314,34.14276],[132.11855,34.13936],[132.11324,34.13233],[132.11101,34.12688],[132.1112,34.12378],[132.114,34.11971],[132.11497,34.11634],[132.11422,34.1105],[132.11301,34.10655],[132.11063,34.10393],[132.10345,34.10074],[132.10029,34.09863],[132.09426,34.09],[132.09125,34.08722],[132.08641,34.08436],[132.07433,34.0801],[132.07081,34.07769],[132.06395,34.07062],[132.05148,34.06514],[132.04077,34.06217],[132.01874,34.06135],[132.01402,34.06069],[132.00949,34.05913],[132.00532,34.05637],[131.99631,34.04749],[131.98749,34.04033],[131.9824,34.03806],[131.97173,34.03527]],[[131.97173,34.03527],[131.96119,34.02802],[131.95192,34.02734],[131.93427,34.03202],[131.92227,34.0393],[131.91372,34.04217],[131.89925,34.04197],[131.89097,34.04381],[131.88129,34.04417],[131.87393,34.04553],[131.86007,34.04411],[131.85244,34.0457]],[[131.85244,34.0457],[131.8481,34.04785],[131.84413,34.051],[131.8313,34.06608],[131.82559,34.07027],[131.81845,34.07299],[131.80842,34.07355],[131.80472,34.07475],[131.79202,34.08055],[131.77666,34.08885],[131.77138,34.09079],[131.76512,34.09216],[131.76111,34.09215],[131.7569,34.09125],[131.74303,34.08504],[131.72315,34.07924],[131.71574,34.07579],[131.70671,34.06896],[131.70241,34.06673],[131.69925,34.06616],[131.69451,34.06636],[131.68631,34.06909]],[[131.68631,34.06909],[131.68214,34.07133],[131.67704,34.07255],[131.67224,34.07272],[131.6675,34.07188],[131.65979,34.06833],[131.65257,34.06112],[131.64714,34.05766],[131.63784,34.05453],[131.63035,34.05389],[131.62294,34.05501],[131.61651,34.05724],[131.61084,34.06061],[131.60174,34.06792],[131.59734,34.06987],[131.57024,34.07391],[131.5667,34.07389],[131.5635,34.07296]],[[131.5635,34.07296],[131.55042,34.065],[131.54036,34.05739],[131.5354,34.055],[131.51954,34.05082],[131.5144,34.05107],[131.50925,34.05286],[131.50472,34.05678],[131.49989,34.06782],[131.49403,34.07423],[131.49011,34.07706],[131.48167,34.08145],[131.46192,34.08872],[131.45764,34.09178],[131.45338,34.0964],[131.45111,34.10068],[131.45046,34.10419],[131.45512,34.12652],[131.45384,34.13049],[131.45104,34.13236]],[[131.3176,33.99399],[131.31195,33.99338],[131.30247,33.99042],[131.29389,33.9904],[131.28474,33.99214],[131.27271,33.99671],[131.25546,33.99939],[131.2443,34.004],[131.23832,34.00829],[131.23168,34.01439],[131.22824,34.0165],[131.2022,34.02378],[131.19193,34.02404],[131.15169,34.01802],[131.14552,34.01935],[131.13745,34.02388],[131.13261,34.02565],[131.12083,34.02711],[131.11478,34.02875],[131.10878,34.03245],[131.10458,34.03662],[131.10184,34.04049],[131.09732,34.04953],[131.09129,34.05538],[131.08939,34.05807],[131.08484,34.07034],[131.08119,34.08766],[131.07896,34.09117]],[[135.08569,34.728],[135.0851,34.73163],[135.08578,34.73548],[135.09132,34.74454],[135.09196,34.74814],[135.09102,34.75177],[135.0849,34.7605],[135.08281,34.7657],[135.08244,34.77007],[135.08355,34.7859],[135.0834,34.79602],[135.08174,34.80076],[135.07794,34.80598],[135.0763,34.8103],[135.07519,34.8115]],[[134.45524,34.93345],[134.45561,34.93131],[134.45721,34.92903],[134.4591,34.9278],[134.46592,34.92563],[134.469,34.92225],[134.47088,34.91852],[134.47478,34.90382],[134.47391,34.90026],[134.47074,34.89551],[134.47054,34.89227],[134.47205,34.88864],[134.47355,34.8798],[134.4745,34.87736],[134.48342,34.86899],[134.4852,34.86572],[134.4855,34.8623],[134.48453,34.8559],[134.48581,34.84211],[134.4873,34.83714],[134.48979,34.83383],[134.49079,34.83025]],[[133.79761,34.69337],[133.80102,34.69094],[133.81001,34.68662],[133.81895,34.67692]],[[133.81145,34.60153],[133.80902,34.60772],[133.80365,34.6176],[133.80138,34.62013],[133.79538,34.62361],[133.79345,34.627]],[[134.54579,34.85213],[134.54115,34.85253],[134.53629,34.85187],[134.52806,34.84778],[134.51979,34.84517],[134.51443,34.84166],[134.50801,34.8354],[134.5052,34.83377]]]}},{"type":"Feature","id":"expressway-a988e94d928c","properties":{"id":"expressway-a988e94d928c","label":"穴水道路"},"geometry":{"type":"MultiLineString","coordinates":[[[136.899,37.23752],[136.90794,37.24198],[136.91082,37.24511],[136.91717,37.26389],[136.92656,37.2768],[136.92749,37.2812],[136.92673,37.28522]]]}},{"type":"Feature","id":"expressway-a999d4f08aa2","properties":{"id":"expressway-a999d4f08aa2","label":"安来道路"},"geometry":{"type":"MultiLineString","coordinates":[[[133.26177,35.4166],[133.26677,35.416],[133.27663,35.4164],[133.28155,35.41543],[133.28559,35.41297],[133.29191,35.40588],[133.29662,35.40371],[133.30048,35.40274],[133.31176,35.40306],[133.31797,35.405],[133.32623,35.40906]],[[133.13315,35.4272],[133.14195,35.42007],[133.15584,35.41763],[133.16454,35.41801],[133.17774,35.42229],[133.19402,35.4223],[133.20743,35.42587],[133.21479,35.42687],[133.21801,35.42641],[133.22918,35.42284],[133.23965,35.421],[133.24758,35.41815],[133.25668,35.41768],[133.26177,35.4166]]]}},{"type":"Feature","id":"expressway-aa1cac094304","properties":{"id":"expressway-aa1cac094304","label":"青谷羽合道路"},"geometry":{"type":"MultiLineString","coordinates":[[[133.8661,35.49598],[133.87993,35.49754],[133.89297,35.49578],[133.90343,35.49715],[133.90956,35.49932],[133.91659,35.50458],[133.92223,35.50678],[133.92794,35.5072],[133.94114,35.50584],[133.95006,35.50713],[133.95338,35.50879],[133.96171,35.51559],[133.96903,35.51769],[133.97518,35.51727],[133.99083,35.51325],[134.00005,35.51288],[134.00528,35.51169]]]}},{"type":"Feature","id":"expressway-aaccf75733a8","properties":{"id":"expressway-aaccf75733a8","label":"志戸坂峠道路"},"geometry":{"type":"MultiLineString","coordinates":[[[134.33481,35.17866],[134.33409,35.18307],[134.33285,35.18598],[134.33275,35.18855],[134.33616,35.19526],[134.33738,35.20052],[134.33621,35.20375],[134.32827,35.21524],[134.32495,35.21872],[134.31921,35.22101],[134.31133,35.22276],[134.30457,35.22758],[134.29859,35.22936],[134.29347,35.23249],[134.2878,35.23746]],[[134.2878,35.23746],[134.2833,35.24229],[134.2793,35.25192],[134.27718,35.25449],[134.27328,35.25642],[134.26439,35.258],[134.25629,35.26344],[134.24884,35.26405],[134.24465,35.26558],[134.24178,35.26828],[134.23351,35.28111],[134.23035,35.28354],[134.22628,35.28503]]]}},{"type":"Feature","id":"expressway-ab35bd527d48","properties":{"id":"expressway-ab35bd527d48","label":"釜石道路"},"geometry":{"type":"MultiLineString","coordinates":[[[141.77395,39.25279],[141.78503,39.25125],[141.7995,39.25098],[141.8139,39.25266],[141.81993,39.2544],[141.83685,39.25442]]]}},{"type":"Feature","id":"expressway-ac1cfc32c604","properties":{"id":"expressway-ac1cfc32c604","label":"中山名和道路"},"geometry":{"type":"MultiLineString","coordinates":[[[133.59981,35.50875],[133.58987,35.50949],[133.57675,35.50814],[133.55211,35.50809]]]}},{"type":"Feature","id":"expressway-ad15bff9d752","properties":{"id":"expressway-ad15bff9d752","label":"吉浜釜石道路"},"geometry":{"type":"MultiLineString","coordinates":[[[141.82902,39.14935],[141.83307,39.15298],[141.84132,39.15794],[141.84511,39.1624],[141.84642,39.16578],[141.85161,39.19094]],[[141.83685,39.25442],[141.83736,39.25113],[141.83896,39.24827],[141.84615,39.24274],[141.86383,39.22554],[141.86578,39.22305],[141.86697,39.22004],[141.8671,39.217],[141.86597,39.21356],[141.85508,39.19852],[141.85161,39.19094]]]}},{"type":"Feature","id":"expressway-ad93e2264c2a","properties":{"id":"expressway-ad93e2264c2a","label":"北海道横断自動車道網走線"},"geometry":{"type":"MultiLineString","coordinates":[[[143.55553,43.103],[143.56438,43.11655],[143.58131,43.13471],[143.58495,43.13944],[143.58829,43.1447],[143.58952,43.14902],[143.58927,43.15254],[143.5853,43.1661],[143.58245,43.17217],[143.57773,43.17784],[143.57062,43.18319],[143.56799,43.18629],[143.56709,43.18989],[143.56756,43.19538],[143.56695,43.19899],[143.56534,43.20248],[143.56138,43.20755],[143.5615,43.20949]],[[143.85363,43.76934],[143.84518,43.76305],[143.84035,43.76029],[143.83398,43.75771],[143.82459,43.75134],[143.82225,43.74773],[143.82188,43.74188],[143.81965,43.73703],[143.81763,43.73402],[143.81463,43.73187],[143.79947,43.72793],[143.79164,43.72704],[143.78244,43.72417],[143.77681,43.7215],[143.76874,43.7193],[143.75961,43.7187],[143.75319,43.71631],[143.7468,43.71515],[143.74303,43.71352],[143.73985,43.71076]],[[143.73985,43.71076],[143.7357,43.70504],[143.73448,43.70027],[143.73299,43.69802],[143.73016,43.69608],[143.72308,43.69341],[143.71997,43.69068],[143.71782,43.68565],[143.71405,43.68184],[143.71134,43.67705],[143.71099,43.67107],[143.70999,43.66894],[143.70269,43.66472],[143.69546,43.66247],[143.69176,43.65834],[143.68714,43.65454],[143.68417,43.64742],[143.68504,43.63787],[143.6817,43.63078],[143.68194,43.62875],[143.6844,43.62463],[143.68492,43.62234],[143.6843,43.61987],[143.68122,43.61587],[143.6805,43.61371],[143.6815,43.60429],[143.68025,43.60201],[143.67435,43.5971],[143.67268,43.5937],[143.67422,43.59145],[143.67457,43.58894],[143.67597,43.58839],[143.6777,43.58886]]]}},{"type":"Feature","id":"expressway-add17564e79c","properties":{"id":"expressway-add17564e79c","label":"延岡南道路"},"geometry":{"type":"MultiLineString","coordinates":[[[131.66167,32.50082],[131.66448,32.51619],[131.66556,32.52737],[131.66524,32.52908]]]}},{"type":"Feature","id":"expressway-ae74f7087f0c","properties":{"id":"expressway-ae74f7087f0c","label":"南風原道路"},"geometry":{"type":"MultiLineString","coordinates":[[[127.72441,26.1809],[127.72902,26.18096],[127.73255,26.18219],[127.73628,26.18539],[127.73832,26.1892],[127.73993,26.19792],[127.73731,26.20935],[127.73783,26.21188],[127.73983,26.21582],[127.73937,26.21905]]]}},{"type":"Feature","id":"expressway-aed3b288ae42","properties":{"id":"expressway-aed3b288ae42","label":"二丈浜玉道路"},"geometry":{"type":"MultiLineString","coordinates":[[[130.04322,33.47152],[130.0445,33.47423],[130.04885,33.48004],[130.05168,33.48243],[130.05782,33.48481],[130.06604,33.48986],[130.07699,33.49434],[130.08333,33.49983],[130.0984,33.50383]]]}},{"type":"Feature","id":"expressway-b03df3487989","properties":{"id":"expressway-b03df3487989","label":"西瀬戸自動車道"},"geometry":{"type":"MultiLineString","coordinates":[[[133.21886,34.43218],[133.21836,34.43127],[133.21927,34.42639],[133.21857,34.42051],[133.21924,34.41829]],[[133.21924,34.41829],[133.22026,34.416],[133.22014,34.41444],[133.21325,34.40633],[133.20945,34.40056],[133.20521,34.38912],[133.20265,34.38706],[133.19669,34.38475],[133.19328,34.38047]],[[133.19328,34.38047],[133.19148,34.37637],[133.19045,34.37146],[133.19081,34.3679],[133.19203,34.36426],[133.19165,34.3627],[133.18961,34.36123],[133.17146,34.35342],[133.16803,34.35031],[133.16367,34.34804],[133.1619,34.34544],[133.16166,34.34116],[133.16067,34.33826]],[[133.16067,34.33826],[133.15714,34.33454],[133.15449,34.32987],[133.15138,34.32685],[133.15051,34.32481],[133.15074,34.32234],[133.1556,34.31345],[133.15564,34.31046],[133.15447,34.30758]],[[133.15447,34.30758],[133.14645,34.30085]],[[133.09259,34.26245],[133.08852,34.26047],[133.08394,34.2596],[133.07978,34.25966],[133.07289,34.26122],[133.0548,34.25775],[133.05257,34.25671],[133.05094,34.25507],[133.04871,34.24927]],[[133.04871,34.24927],[133.04784,34.24183],[133.04812,34.23422],[133.04643,34.22639],[133.04778,34.22227],[133.05089,34.21934],[133.05918,34.21399],[133.06628,34.21393],[133.06995,34.21265],[133.07614,34.20816],[133.07874,34.20401]],[[133.07874,34.20401],[133.07903,34.20108],[133.07789,34.19817],[133.06965,34.18892],[133.06735,34.18528],[133.06677,34.1812],[133.06802,34.17519],[133.06619,34.17142]],[[133.03277,34.12944],[133.02807,34.13113],[133.02381,34.13083],[133.01642,34.12734],[132.97992,34.11342],[132.97728,34.11168],[132.97654,34.11039],[132.97635,34.1078],[132.97894,34.08958],[132.97286,34.06226],[132.97088,34.05694],[132.97068,34.05357],[132.97168,34.05309],[132.97344,34.05514],[132.97652,34.05508]],[[133.14645,34.30085],[133.14538,34.29939],[133.14407,34.29424],[133.14273,34.29215],[133.14051,34.29038],[133.1348,34.28843],[133.121,34.28663],[133.11622,34.28508],[133.11246,34.28307],[133.10975,34.28049],[133.10579,34.2743],[133.09892,34.26952],[133.09259,34.26245]]]}},{"type":"Feature","id":"expressway-b0684eed8f22","properties":{"id":"expressway-b0684eed8f22","label":"鷹巣西道路"},"geometry":{"type":"MultiLineString","coordinates":[[[140.37316,40.1987],[140.35559,40.20058],[140.35207,40.2019],[140.34818,40.20451],[140.33813,40.20764],[140.32329,40.20582],[140.31231,40.20567]]]}},{"type":"Feature","id":"expressway-b20bdb7f5301","properties":{"id":"expressway-b20bdb7f5301","label":"上川上越道路"},"geometry":{"type":"MultiLineString","coordinates":[[[142.85579,43.86022],[142.84876,43.85941],[142.83883,43.86086],[142.83282,43.8598],[142.8194,43.85449],[142.81264,43.84858],[142.8099,43.84705],[142.78231,43.83553],[142.77524,43.83538],[142.76183,43.83901]],[[142.96712,43.88636],[142.96163,43.88342],[142.93169,43.87027],[142.91923,43.86603],[142.9039,43.86356],[142.88234,43.86373],[142.87317,43.86181],[142.86339,43.8618],[142.85579,43.86022]]]}},{"type":"Feature","id":"expressway-b28cf73869cd","properties":{"id":"expressway-b28cf73869cd","label":"丸瀬布遠軽道路"},"geometry":{"type":"MultiLineString","coordinates":[[[143.32695,43.98846],[143.34451,44.00377],[143.35552,44.01795],[143.36059,44.0203],[143.37329,44.02025],[143.37729,44.01942],[143.38867,44.01168],[143.39481,44.00631],[143.39868,44.00481],[143.40764,44.00434],[143.43313,44.00575]],[[143.43313,44.00575],[143.44745,44.00743],[143.44938,44.00874],[143.454,44.01472],[143.45783,44.01686],[143.461,44.01704],[143.46694,44.0156],[143.47047,44.01559],[143.47422,44.01666],[143.47905,44.02001],[143.48212,44.02125],[143.49819,44.02305]]]}},{"type":"Feature","id":"expressway-b2bea323c060","properties":{"id":"expressway-b2bea323c060","label":"輪島道路"},"geometry":{"type":"MultiLineString","coordinates":[[[136.92673,37.28522],[136.92243,37.29157],[136.92145,37.2947],[136.92002,37.29675],[136.90926,37.30303],[136.9068,37.30589],[136.90628,37.30827],[136.90667,37.31108],[136.91075,37.32161]]]}},{"type":"Feature","id":"expressway-b3f84bb152a9","properties":{"id":"expressway-b3f84bb152a9","label":"名古屋高速都心環状線"},"geometry":{"type":"MultiLineString","coordinates":[[[136.91409,35.17853],[136.91453,35.17028]],[[136.91453,35.17028],[136.91726,35.15025],[136.90406,35.1499]],[[136.90406,35.1499],[136.89989,35.15127],[136.8927,35.15205],[136.89088,35.16211]],[[136.89088,35.16211],[136.88979,35.1698]],[[136.88979,35.1698],[136.88993,35.17763],[136.89653,35.1775]],[[136.89653,35.1775],[136.91409,35.17853]]]}},{"type":"Feature","id":"expressway-b4c310770c72","properties":{"id":"expressway-b4c310770c72","label":"多伎・朝山道路"},"geometry":{"type":"MultiLineString","coordinates":[[[132.56461,35.24399],[132.56775,35.24606],[132.5738,35.24796],[132.57635,35.24949],[132.57991,35.25376],[132.58514,35.25838],[132.59082,35.26561],[132.59378,35.26791],[132.60071,35.27065],[132.60641,35.27379],[132.61509,35.27365],[132.62311,35.27648],[132.63227,35.27743],[132.6426,35.28607]]]}},{"type":"Feature","id":"expressway-b4e4f61cef7d","properties":{"id":"expressway-b4e4f61cef7d","label":"厚真門別道路"},"geometry":{"type":"MultiLineString","coordinates":[[[141.92717,42.58884],[141.87585,42.60453],[141.85462,42.61186],[141.8443,42.61691],[141.84046,42.6201],[141.83787,42.62369]],[[142.03888,42.52801],[142.01644,42.54047],[142.01155,42.54211],[142.00181,42.54412],[141.99693,42.54642],[141.99254,42.55037],[141.97498,42.57063],[141.96874,42.57521],[141.96398,42.57706],[141.94886,42.58069],[141.93967,42.58593],[141.92717,42.58884]]]}},{"type":"Feature","id":"expressway-b8fc3d8def66","properties":{"id":"expressway-b8fc3d8def66","label":"益田道路"},"geometry":{"type":"MultiLineString","coordinates":[[[131.8488,34.69709],[131.85476,34.70112],[131.861,34.70828]],[[131.81107,34.66025],[131.80908,34.66482],[131.81045,34.66802],[131.81127,34.67555],[131.81412,34.67922],[131.82192,34.6843],[131.82448,34.68807]]]}},{"type":"Feature","id":"expressway-b9af1ce6eecd","properties":{"id":"expressway-b9af1ce6eecd","label":"丹波綾部道路"},"geometry":{"type":"MultiLineString","coordinates":[[[135.292,35.34953],[135.30396,35.34125],[135.30908,35.33563]],[[135.33753,35.2803],[135.33917,35.27532],[135.34387,35.26989],[135.34547,35.26581],[135.34521,35.26308],[135.34227,35.25701],[135.3418,35.25477],[135.34213,35.25122],[135.34521,35.2392],[135.34565,35.23464],[135.34505,35.22818],[135.34247,35.21997],[135.34268,35.21604],[135.3477,35.2071],[135.35678,35.19745],[135.35856,35.19378],[135.36012,35.18777],[135.36658,35.18053],[135.36967,35.17242],[135.37361,35.16907],[135.38309,35.16655],[135.3904,35.16171],[135.3935,35.16069],[135.39988,35.16021],[135.40533,35.15865],[135.4221,35.15207],[135.4326,35.14643]],[[135.30908,35.33563],[135.31934,35.31634],[135.32663,35.30814],[135.33386,35.29594],[135.33652,35.2883],[135.33753,35.2803]]]}},{"type":"Feature","id":"expressway-b9cbda61d0e6","properties":{"id":"expressway-b9cbda61d0e6","label":"関門自動車道"},"geometry":{"type":"MultiLineString","coordinates":[[[130.95255,33.97863],[130.94948,33.97021],[130.94963,33.96777],[130.95105,33.96584],[130.97196,33.95484],[130.97932,33.9537],[130.98407,33.95164],[130.98936,33.95097],[130.99246,33.94917],[130.99457,33.94692],[130.99626,33.93521],[130.99479,33.9304],[130.99347,33.92874],[130.99156,33.92769],[130.98548,33.92694],[130.9826,33.92421]]]}},{"type":"Feature","id":"expressway-b9ce855a1b85","properties":{"id":"expressway-b9ce855a1b85","label":"阪神高速17号西大阪線"},"geometry":{"type":"MultiLineString","coordinates":[[[135.46071,34.67121],[135.46734,34.65983],[135.46908,34.65785],[135.48545,34.65344]]]}},{"type":"Feature","id":"expressway-ba27ce11d447","properties":{"id":"expressway-ba27ce11d447","label":"修善寺道路"},"geometry":{"type":"MultiLineString","coordinates":[[[138.93969,35.00959],[138.93569,35.00194],[138.93511,34.99735],[138.93579,34.99323],[138.93437,34.98988]],[[138.93437,34.98988],[138.93321,34.98721],[138.93342,34.98473],[138.9374,34.97633]]]}},{"type":"Feature","id":"expressway-ba3e446482ea","properties":{"id":"expressway-ba3e446482ea","label":"苫東道路"},"geometry":{"type":"MultiLineString","coordinates":[[[141.65209,42.70976],[141.65727,42.70929],[141.66251,42.70597],[141.67719,42.70045],[141.68359,42.69502],[141.69554,42.68941]],[[141.69554,42.68941],[141.7027,42.6853],[141.70925,42.67929],[141.71272,42.67723],[141.71618,42.6763],[141.73421,42.67486]],[[141.73421,42.67486],[141.74572,42.67368],[141.77835,42.67306],[141.78509,42.67245],[141.82738,42.65646],[141.82964,42.65483],[141.83095,42.65264],[141.83217,42.63731],[141.8358,42.62741],[141.83787,42.62369]]]}},{"type":"Feature","id":"expressway-baf4c3327e56","properties":{"id":"expressway-baf4c3327e56","label":"近畿自動車道名古屋・大阪線"},"geometry":{"type":"MultiLineString","coordinates":[[[136.94499,35.04986],[136.95359,35.0528],[136.95999,35.059],[136.96324,35.06312],[136.96949,35.07525],[136.98752,35.09292],[136.99119,35.09772],[137.00006,35.11706],[137.00009,35.14738]],[[137.00009,35.14738],[137.00651,35.16193],[137.00665,35.16579],[137.0049,35.17141]],[[137.02265,35.17226],[137.013,35.17434],[137.0093,35.17402],[137.0049,35.17141],[137.00231,35.17813],[137.00146,35.18633],[136.9902,35.206],[136.98269,35.20953],[136.97648,35.21497],[136.97186,35.22119],[136.96806,35.22415],[136.96616,35.22467],[136.95585,35.22466],[136.94735,35.22741]],[[136.94735,35.22741],[136.92917,35.23],[136.90164,35.22885],[136.88463,35.22386],[136.85501,35.22165]],[[136.85501,35.22165],[136.83306,35.2187],[136.82742,35.21497],[136.82456,35.21195],[136.81665,35.19549],[136.81626,35.17135],[136.81829,35.15808]],[[136.81829,35.15808],[136.81439,35.15811],[136.81104,35.1572]],[[136.81104,35.1572],[136.80482,35.1526],[136.80163,35.15122],[136.79409,35.14935],[136.78529,35.14891],[136.7812,35.14709]],[[136.7812,35.14709],[136.77222,35.14368],[136.75713,35.13385],[136.74977,35.13181],[136.73888,35.13146],[136.72517,35.12495],[136.71609,35.12263],[136.69054,35.10839],[136.68456,35.10234],[136.67312,35.09286],[136.66185,35.08819],[136.65364,35.08168],[136.64563,35.07297],[136.64533,35.07072],[136.64613,35.06502]],[[136.64613,35.06502],[136.64518,35.06199],[136.63472,35.04889],[136.63103,35.04117],[136.62861,35.03845],[136.62138,35.03505],[136.61345,35.02911],[136.60565,35.02639],[136.59978,35.02238],[136.59283,35.01901],[136.58715,35.01263],[136.58402,35.01015],[136.57126,35.00588],[136.56577,35.00316],[136.55485,34.99603],[136.5411,34.98534],[136.53685,34.98431],[136.52916,34.98505],[136.52434,34.98475],[136.52006,34.98322],[136.51695,34.98115],[136.51303,34.97557],[136.50339,34.95423],[136.49326,34.94256],[136.4906,34.93859],[136.48887,34.93418],[136.48807,34.92795],[136.48713,34.92578],[136.47241,34.90735],[136.46758,34.9034],[136.46096,34.90078],[136.45837,34.89899],[136.45646,34.89617],[136.45514,34.88998],[136.45252,34.88701],[136.445,34.88353],[136.44017,34.87841],[136.4381,34.87708],[136.42387,34.87298],[136.4201,34.87114],[136.41409,34.86573]],[[136.41409,34.86573],[136.41263,34.86282],[136.41273,34.86032],[136.41698,34.85176],[136.4166,34.8495],[136.41395,34.84617],[136.41375,34.84476],[136.41462,34.8427]],[[136.41053,34.84559],[136.41462,34.8427]],[[135.83198,34.61761],[135.81154,34.61665],[135.79885,34.61315],[135.78202,34.61148],[135.77063,34.60813],[135.76008,34.60326],[135.74193,34.59124],[135.72506,34.5831],[135.72001,34.57908],[135.71112,34.56924],[135.70421,34.56499],[135.69683,34.56289],[135.68925,34.56184],[135.67867,34.55791],[135.67051,34.55613],[135.66256,34.55534],[135.65173,34.55671],[135.64692,34.55637]],[[135.64692,34.55637],[135.63315,34.55529],[135.62912,34.55588],[135.6231,34.55793],[135.61936,34.56009],[135.61316,34.56508],[135.60562,34.56947],[135.60014,34.57954],[135.59776,34.5819],[135.5936,34.58378],[135.58183,34.58587],[135.57563,34.58989]],[[135.56859,34.583],[135.57505,34.58888],[135.57586,34.5908],[135.57318,34.60537],[135.57448,34.61375],[135.5749,34.62177],[135.5769,34.62597],[135.57902,34.62877],[135.58196,34.63101],[135.58578,34.63285]],[[135.58578,34.63285],[135.59109,34.63669],[135.59335,34.6394],[135.59838,34.65454],[135.59801,34.67291],[135.59722,34.67866]],[[135.59722,34.67866],[135.59208,34.69668]],[[135.59208,34.69668],[135.59228,34.70851]],[[135.59228,34.70851],[135.59148,34.71218],[135.58353,34.72591]],[[135.58353,34.72591],[135.58244,34.72861],[135.58174,34.743],[135.57533,34.75545],[135.56602,34.76842],[135.56097,34.77703],[135.56109,34.78012],[135.5668,34.7973],[135.5667,34.80102],[135.56176,34.80719],[135.56026,34.8081],[135.54376,34.80789]]]}},{"type":"Feature","id":"expressway-bb82c93b105c","properties":{"id":"expressway-bb82c93b105c","label":"三遠道路"},"geometry":{"type":"MultiLineString","coordinates":[[[137.66559,34.99794],[137.66042,34.99043],[137.65962,34.98433],[137.66071,34.97472],[137.67009,34.92397],[137.66978,34.92034],[137.66767,34.91182],[137.66768,34.90798],[137.66898,34.90356],[137.67313,34.896],[137.67255,34.89216],[137.66908,34.88861]],[[137.66908,34.88861],[137.66024,34.88212]],[[137.66024,34.88212],[137.64598,34.87562],[137.64067,34.87215],[137.63198,34.86345],[137.61457,34.85136],[137.60554,34.84221],[137.59954,34.83809],[137.59307,34.83533],[137.58617,34.83328],[137.57806,34.83211],[137.56014,34.83113],[137.55376,34.82945],[137.54514,34.82606]]]}},{"type":"Feature","id":"expressway-bc20a7cd36f2","properties":{"id":"expressway-bc20a7cd36f2","label":"中国横断自動車道尾道・松江線"},"geometry":{"type":"MultiLineString","coordinates":[[[132.89036,35.29458],[132.88814,35.30179],[132.88761,35.30625],[132.88901,35.31438],[132.89401,35.32924],[132.89474,35.33533],[132.89384,35.33839],[132.88983,35.34488],[132.8902,35.35046],[132.88885,35.35872],[132.88908,35.36722],[132.88713,35.37361],[132.88582,35.38154],[132.88487,35.38382],[132.88171,35.38662],[132.88646,35.38924],[132.8998,35.3933]],[[132.8998,35.3933],[132.92193,35.39821],[132.92562,35.40023],[132.93211,35.40555],[132.9427,35.40957],[132.95362,35.41196],[132.96825,35.41131],[132.97386,35.41235],[132.99323,35.41913],[133.00436,35.4204],[133.00964,35.42186],[133.01504,35.42491],[133.02136,35.43118],[133.02506,35.43299],[133.0386,35.43341]],[[132.89036,35.29458],[132.89167,35.28188],[132.89085,35.27335],[132.88598,35.26401],[132.88454,35.25604],[132.87882,35.24176],[132.87189,35.22853],[132.86796,35.22365],[132.86028,35.21795],[132.85182,35.21396],[132.8483,35.21126],[132.8462,35.20741],[132.84546,35.20063],[132.84423,35.19764]],[[132.91054,34.8029],[132.91075,34.808],[132.91309,34.81813],[132.91263,34.82112],[132.91029,34.82606],[132.90983,34.82873],[132.91487,34.83981],[132.91541,34.84328],[132.91496,34.84652],[132.91285,34.85073],[132.90636,34.8569],[132.90339,34.86174],[132.90201,34.86696],[132.90195,34.8737],[132.9013,34.87712],[132.89664,34.88718],[132.88986,34.89786],[132.88285,34.9043],[132.88151,34.90634],[132.88083,34.90906],[132.88091,34.91267],[132.88331,34.92345],[132.88235,34.93429],[132.87956,34.94138],[132.87484,34.94835],[132.86629,34.96472],[132.86491,34.97029],[132.86586,34.98233],[132.87029,34.99119],[132.87231,35.00368],[132.87713,35.01457],[132.88003,35.02395],[132.88327,35.02817],[132.8909,35.03259],[132.89382,35.03561],[132.89587,35.04365],[132.901,35.04875],[132.90216,35.05075],[132.90291,35.05571],[132.90495,35.06141],[132.90502,35.06526],[132.90351,35.06876],[132.89918,35.07393],[132.89664,35.08208],[132.88665,35.10071],[132.87931,35.11174],[132.873,35.11875],[132.86583,35.12527],[132.84403,35.14105],[132.84229,35.14341],[132.83917,35.15035],[132.83142,35.15962],[132.82808,35.17038],[132.82824,35.17499],[132.83074,35.17946],[132.83817,35.18853],[132.84337,35.19637]],[[132.84337,35.19637],[132.84423,35.19764]],[[132.97902,34.73552],[132.98275,34.73398],[132.99002,34.72954],[132.99474,34.72804],[133.00289,34.72682],[133.00675,34.72507],[133.01503,34.71414],[133.02367,34.70977],[133.02809,34.70666],[133.03119,34.70373],[133.03588,34.69764],[133.04697,34.68723],[133.0559,34.68178],[133.05899,34.67859],[133.06072,34.67563],[133.06346,34.66667],[133.06283,34.6566],[133.06392,34.64413],[133.0626,34.63753],[133.06392,34.62805],[133.06574,34.62504],[133.07071,34.62072],[133.07283,34.61754],[133.07813,34.60098],[133.07977,34.59753],[133.08289,34.59425],[133.08758,34.59192]],[[132.91054,34.8029],[132.91184,34.79691],[132.91537,34.78968],[132.91809,34.7874],[132.92539,34.78451],[132.9304,34.77992],[132.93398,34.77454],[132.93708,34.76474],[132.94377,34.75666],[132.95585,34.74628],[132.96861,34.73754],[132.97244,34.73619],[132.97902,34.73552]],[[133.19292,34.45911],[133.19265,34.4613],[133.1866,34.47379],[133.16834,34.49725],[133.16771,34.49982],[133.16843,34.50626],[133.16644,34.51149],[133.16521,34.51924],[133.16393,34.522],[133.1594,34.52578],[133.14549,34.53095],[133.1432,34.53267],[133.14143,34.53526],[133.14107,34.53864],[133.14306,34.54516],[133.14265,34.548],[133.14111,34.55092],[133.13662,34.55482],[133.12136,34.56454],[133.11045,34.56648],[133.10529,34.56945],[133.10092,34.57453],[133.10041,34.58048],[133.09902,34.58348],[133.09346,34.58881],[133.08758,34.59192]]]}},{"type":"Feature","id":"expressway-bc44e643004e","properties":{"id":"expressway-bc44e643004e","label":"静間・仁摩道路"},"geometry":{"type":"MultiLineString","coordinates":[[[132.45825,35.19921],[132.45517,35.19699],[132.45311,35.19386],[132.45279,35.184],[132.45191,35.18018],[132.45045,35.17769],[132.44684,35.17461],[132.43994,35.1712],[132.43272,35.16552],[132.43091,35.16298],[132.42768,35.15577],[132.42453,35.15108],[132.4199,35.14642],[132.4138,35.14224]]]}},{"type":"Feature","id":"expressway-bca492d018d1","properties":{"id":"expressway-bca492d018d1","label":"唐津伊万里道路"},"geometry":{"type":"MultiLineString","coordinates":[[[130.00083,33.41488],[129.9964,33.41447],[129.98874,33.41215],[129.9804,33.41165],[129.96739,33.40625],[129.95753,33.40315],[129.95469,33.403]],[[129.93478,33.38396],[129.93322,33.37873],[129.92871,33.36907],[129.92835,33.35911],[129.92459,33.35167],[129.92473,33.34642],[129.92398,33.34302]],[[129.95469,33.403],[129.94993,33.40321],[129.94596,33.40255],[129.94114,33.40093],[129.93804,33.39896],[129.93608,33.39666],[129.93502,33.39417],[129.93478,33.38396]],[[129.92398,33.34302],[129.92423,33.33834],[129.92796,33.33387],[129.92708,33.32462],[129.92472,33.31928],[129.91934,33.31389],[129.91715,33.31052],[129.91532,33.30149],[129.91252,33.29691],[129.91265,33.29413]]]}},{"type":"Feature","id":"expressway-bd368ea5aacb","properties":{"id":"expressway-bd368ea5aacb","label":"川内道路"},"geometry":{"type":"MultiLineString","coordinates":[[[130.32276,31.67271],[130.31977,31.67603],[130.31683,31.68307],[130.3145,31.68618],[130.30354,31.69323],[130.30044,31.69677],[130.29692,31.70242],[130.291,31.70719],[130.29017,31.71107],[130.29212,31.71603],[130.2926,31.71912],[130.29214,31.7227],[130.29103,31.72535]],[[130.29103,31.72535],[130.28688,31.7356],[130.28643,31.73895],[130.28701,31.74225],[130.28838,31.74476],[130.29102,31.74736],[130.30164,31.75293],[130.3034,31.75507],[130.30431,31.75787],[130.30377,31.7612],[130.30071,31.76768],[130.29771,31.77162],[130.29431,31.77437]]]}},{"type":"Feature","id":"expressway-bf36ad4f371e","properties":{"id":"expressway-bf36ad4f371e","label":"名寄美深道路"},"geometry":{"type":"MultiLineString","coordinates":[[[142.37029,44.47424],[142.36658,44.48183],[142.35719,44.49181],[142.35346,44.49344],[142.34742,44.49442],[142.34279,44.49651],[142.33957,44.49609]],[[142.4356,44.36428],[142.43567,44.34562],[142.43624,44.3423],[142.43874,44.33854],[142.44585,44.33273],[142.44826,44.32776]],[[142.40305,44.41474],[142.41833,44.38742],[142.43368,44.37117],[142.43524,44.36778],[142.4356,44.36428]],[[142.37145,44.44432],[142.37035,44.44169],[142.37018,44.43933],[142.3712,44.4359],[142.37312,44.4333],[142.37684,44.43078],[142.3971,44.42157],[142.40019,44.419],[142.40305,44.41474]],[[142.37145,44.44432],[142.37464,44.45219],[142.37542,44.45878],[142.37429,44.46532],[142.37029,44.47424]]]}},{"type":"Feature","id":"expressway-bf4ce734d028","properties":{"id":"expressway-bf4ce734d028","label":"五條道路"},"geometry":{"type":"MultiLineString","coordinates":[[[135.71218,34.38828],[135.71069,34.38302],[135.70315,34.37667],[135.69718,34.36696],[135.68955,34.36144],[135.67751,34.34929],[135.67367,34.34423],[135.66725,34.34003]],[[135.66725,34.34003],[135.65983,34.33643],[135.65234,34.33452]]]}},{"type":"Feature","id":"expressway-c08981555da7","properties":{"id":"expressway-c08981555da7","label":"阪神高速7号北神戸線"},"geometry":{"type":"MultiLineString","coordinates":[[[135.0573,34.69918],[135.04927,34.69615],[135.03489,34.68729],[135.02699,34.68653],[135.02178,34.6846],[135.01907,34.68225],[135.01623,34.67782],[135.0145,34.67704]],[[135.15824,34.75728],[135.1539,34.7553],[135.14718,34.75545],[135.14431,34.75482],[135.12897,34.74421],[135.12684,34.74178],[135.12593,34.73944],[135.12633,34.73689],[135.12883,34.73276],[135.12884,34.73059],[135.12798,34.72896],[135.11348,34.71921],[135.10912,34.71401],[135.09495,34.70498],[135.08747,34.69801],[135.08061,34.69461],[135.07796,34.69417]],[[135.26153,34.83494],[135.25915,34.83382],[135.25736,34.83048],[135.25747,34.82871],[135.26117,34.82317],[135.26064,34.82093],[135.25909,34.81997],[135.25045,34.8182],[135.24879,34.81733],[135.2474,34.8154],[135.24713,34.81005],[135.24535,34.80634],[135.2426,34.80441],[135.23359,34.80037],[135.22686,34.79464]],[[135.20022,34.80716],[135.20331,34.80592],[135.21643,34.80486],[135.22326,34.80315],[135.22565,34.80131],[135.22668,34.79957],[135.22728,34.79712],[135.22686,34.79464]],[[135.07796,34.69417],[135.07526,34.69519],[135.07339,34.69836],[135.0707,34.70038],[135.0666,34.70062],[135.0573,34.69918]],[[135.22686,34.79464],[135.22481,34.79115],[135.21941,34.78772],[135.2131,34.77467],[135.21079,34.77301],[135.20023,34.76865],[135.19452,34.76388],[135.18411,34.7615],[135.1787,34.76143],[135.17401,34.76026],[135.16449,34.7595],[135.15824,34.75728]]]}},{"type":"Feature","id":"expressway-c1d6319cc439","properties":{"id":"expressway-c1d6319cc439","label":"佐久間道路"},"geometry":{"type":"MultiLineString","coordinates":[[[137.7218,35.04362],[137.72384,35.04213],[137.75397,35.06001],[137.78492,35.07143],[137.7907,35.07499],[137.79061,35.07572]]]}},{"type":"Feature","id":"expressway-c26ff096854c","properties":{"id":"expressway-c26ff096854c","label":"北海道縦貫自動車道"},"geometry":{"type":"MultiLineString","coordinates":[[[140.39628,42.20521],[140.37848,42.21033],[140.37258,42.21343],[140.36586,42.21882],[140.36026,42.22078],[140.3449,42.22088],[140.33429,42.22441],[140.329,42.22549],[140.32361,42.22559],[140.31582,42.22457],[140.31123,42.22522],[140.30651,42.22753],[140.30253,42.23201],[140.29916,42.23455],[140.2914,42.23748],[140.2845,42.23818],[140.25935,42.23759],[140.25286,42.23904],[140.24769,42.24247],[140.2463,42.24509],[140.24562,42.24854],[140.24697,42.25449],[140.2523,42.26321]],[[140.2523,42.26321],[140.25399,42.26905],[140.25417,42.27529],[140.25292,42.28012],[140.24707,42.29073],[140.24549,42.29559],[140.24477,42.30572],[140.24623,42.3162],[140.24841,42.31987],[140.25197,42.32287],[140.256,42.32478],[140.26956,42.3287],[140.27318,42.33107],[140.27564,42.33414],[140.27883,42.34836],[140.28328,42.35931],[140.28442,42.36377],[140.2843,42.36831],[140.28258,42.37854],[140.28384,42.38538],[140.28737,42.39196],[140.29635,42.40277],[140.30261,42.41267],[140.30856,42.42437],[140.31094,42.43414],[140.3145,42.43936]],[[140.3145,42.43936],[140.31934,42.44435],[140.32661,42.45594],[140.33312,42.46403],[140.33547,42.46823],[140.33587,42.47282],[140.33411,42.4801],[140.33603,42.48736],[140.33481,42.4954],[140.33596,42.49921],[140.34508,42.51118],[140.34925,42.51336],[140.35663,42.51502],[140.36071,42.5174],[140.36283,42.51976],[140.36505,42.52529]],[[140.36505,42.52529],[140.36905,42.52966],[140.38407,42.53733],[140.38635,42.53945],[140.38769,42.54167],[140.38823,42.54476],[140.38657,42.55138],[140.38656,42.55428],[140.38785,42.55777],[140.39003,42.56049],[140.40405,42.56851],[140.40867,42.57253],[140.41652,42.58201],[140.42025,42.58452],[140.42802,42.58765],[140.43073,42.59022],[140.43135,42.59371],[140.42789,42.60145],[140.42746,42.60761],[140.42848,42.61108],[140.43222,42.61895],[140.43244,42.62186],[140.43136,42.62712],[140.43181,42.6296],[140.43665,42.63747],[140.44082,42.6413],[140.44546,42.64335],[140.45037,42.64404],[140.46393,42.64373],[140.47917,42.64714],[140.48779,42.64699],[140.50061,42.64366],[140.50993,42.64351],[140.51946,42.64151],[140.52826,42.64073],[140.53451,42.63886],[140.54558,42.63388],[140.55388,42.63167],[140.56383,42.63168],[140.57552,42.63467],[140.57929,42.63501],[140.5961,42.63095],[140.6061,42.63016],[140.60905,42.62893],[140.62196,42.62061],[140.6293,42.61223],[140.63932,42.6033],[140.64279,42.60107],[140.64914,42.59922],[140.66184,42.59818],[140.67992,42.59144],[140.68424,42.59035],[140.69031,42.59059],[140.70467,42.59408],[140.71049,42.5938],[140.71676,42.59242],[140.71991,42.59115],[140.72498,42.58715],[140.72892,42.58041],[140.73231,42.57729],[140.7361,42.57556],[140.745,42.57345],[140.74831,42.57202],[140.7584,42.56197],[140.76119,42.55999],[140.76614,42.55851],[140.77193,42.55814]],[[140.77193,42.55814],[140.78122,42.55631],[140.78562,42.55418],[140.78921,42.55148],[140.79227,42.54693],[140.8017,42.5281],[140.80467,42.52469],[140.80889,42.52149],[140.81421,42.51916],[140.82478,42.51668],[140.8303,42.51466],[140.83622,42.51139],[140.84573,42.50408],[140.85143,42.50055],[140.85703,42.49849],[140.87089,42.49562],[140.88314,42.48879],[140.89383,42.48414]],[[140.89383,42.48414],[140.90021,42.47867],[140.90904,42.46563],[140.91223,42.45764],[140.91381,42.44775],[140.91565,42.44342],[140.92397,42.43254],[140.93151,42.42046],[140.94189,42.40953],[140.94674,42.40115],[140.95145,42.39696],[140.96046,42.39102],[140.96551,42.38856],[140.97045,42.38717]],[[140.97045,42.38717],[141.0001,42.38343],[141.01057,42.38341],[141.03055,42.38808],[141.06918,42.39095],[141.07229,42.39186],[141.07617,42.39403],[141.07859,42.3961],[141.0803,42.39866]],[[141.0803,42.39866],[141.08143,42.40381],[141.07952,42.41102],[141.07962,42.41498],[141.08158,42.4183],[141.08638,42.42231],[141.09468,42.42681],[141.10197,42.42976],[141.12983,42.43627],[141.15138,42.44517],[141.15749,42.44864],[141.16719,42.45743],[141.17371,42.4616]],[[141.17371,42.4616],[141.17876,42.46389],[141.18764,42.46661],[141.20768,42.47009],[141.21158,42.47132],[141.21713,42.47512],[141.22142,42.48095],[141.22388,42.48319],[141.23407,42.48804],[141.24129,42.49317],[141.24595,42.49505],[141.25708,42.49705],[141.26365,42.5003],[141.2674,42.50404],[141.26937,42.50831],[141.2699,42.51278],[141.26885,42.52261],[141.26907,42.52839],[141.27041,42.53207],[141.27257,42.53508],[141.27663,42.53848],[141.28215,42.54178],[141.30554,42.55121],[141.32308,42.56206],[141.32877,42.56495]],[[141.32877,42.56495],[141.33712,42.56824],[141.35185,42.57244],[141.36646,42.57518],[141.39262,42.57801],[141.40164,42.58027],[141.41001,42.58328],[141.43838,42.59637],[141.45099,42.60328],[141.47317,42.61735],[141.47837,42.6217],[141.48559,42.62941],[141.49057,42.63316]],[[141.49057,42.63316],[141.50052,42.6376],[141.5204,42.64155],[141.54251,42.65],[141.55999,42.65226],[141.56659,42.6537],[141.57205,42.65591],[141.58205,42.66193],[141.58636,42.66351],[141.59285,42.6644],[141.60185,42.66375],[141.60567,42.66411],[141.6106,42.6657],[141.61586,42.66906],[141.61991,42.67066],[141.63337,42.67184],[141.64005,42.67405],[141.64355,42.67627],[141.64608,42.67878],[141.64955,42.6857],[141.65097,42.69248],[141.65209,42.70976]],[[141.65209,42.70976],[141.65312,42.7309],[141.65189,42.73848],[141.65016,42.74328],[141.64704,42.74908],[141.63259,42.76928],[141.62815,42.77671],[141.62631,42.78421],[141.62692,42.79399],[141.62649,42.79771],[141.62103,42.81184]],[[141.62103,42.81184],[141.61447,42.82677],[141.61098,42.83182],[141.60663,42.83594],[141.59708,42.84118],[141.572,42.84995],[141.56615,42.85343],[141.5622,42.85693],[141.55759,42.86431],[141.54984,42.8833],[141.54925,42.89109],[141.55073,42.90561],[141.54933,42.91227],[141.54638,42.91789],[141.54036,42.92427],[141.52463,42.93699],[141.51585,42.9477],[141.5116,42.95183],[141.4963,42.96398],[141.47853,42.97668]],[[141.47853,42.97668],[141.47352,42.98206],[141.47058,42.98773],[141.46635,43.00906],[141.46434,43.01491]],[[141.46434,43.01491],[141.46075,43.01964],[141.44991,43.02647],[141.44685,43.02925],[141.42545,43.05899],[141.42037,43.07728],[141.42674,43.07917]],[[141.42674,43.07917],[141.46818,43.09259],[141.47627,43.09416],[141.48262,43.09465],[141.4931,43.09408],[141.50197,43.0923],[141.51106,43.08887],[141.52383,43.08225],[141.53143,43.08008],[141.54042,43.07956],[141.54955,43.08109],[141.55492,43.08286],[141.56854,43.08892],[141.64278,43.12711],[141.66991,43.13987],[141.69364,43.14844],[141.72099,43.15452],[141.7351,43.15893],[141.74687,43.1641],[141.76603,43.17451]],[[141.76603,43.17451],[141.80569,43.19672],[141.81208,43.20217],[141.81995,43.2129],[141.82758,43.22051],[141.83024,43.22619],[141.83052,43.24816],[141.83122,43.2517],[141.83307,43.25613],[141.83736,43.26182],[141.84738,43.27081],[141.853,43.2796],[141.86179,43.28683],[141.86862,43.29512],[141.87556,43.29944],[141.87952,43.30345],[141.88117,43.30666],[141.88287,43.31462],[141.88722,43.32408],[141.88833,43.33283]],[[141.88833,43.33283],[141.88743,43.34294],[141.88351,43.35602],[141.88351,43.36217],[141.88856,43.3769],[141.89049,43.37996],[141.89698,43.38536],[141.90019,43.38937],[141.90186,43.39354],[141.90351,43.40176],[141.90929,43.41047],[141.9107,43.41405],[141.91138,43.42222],[141.91522,43.43401],[141.92004,43.46045],[141.92928,43.493],[141.93016,43.50224],[141.92817,43.52191],[141.9299,43.53313],[141.93201,43.53826],[141.93571,43.54281],[141.94019,43.54573],[141.94941,43.55019],[141.95302,43.55356],[141.95462,43.55832],[141.95466,43.56756]],[[141.95466,43.56756],[141.95624,43.57496],[141.96673,43.59806],[141.9701,43.61162],[141.97291,43.61795],[141.97588,43.62254],[141.98557,43.63378],[141.9943,43.64729],[141.99833,43.65157],[142.00779,43.65888],[142.0172,43.66345],[142.02819,43.66669],[142.04542,43.66992],[142.05178,43.67234],[142.06427,43.68094],[142.07843,43.68914]],[[142.07843,43.68914],[142.08475,43.69462],[142.09407,43.69802],[142.09887,43.70233],[142.1042,43.70468],[142.1136,43.70514],[142.12664,43.7087],[142.1402,43.70835],[142.14435,43.70881]],[[142.14435,43.70881],[142.15839,43.71235],[142.1613,43.71397],[142.16428,43.71695],[142.16546,43.71949],[142.1658,43.72223],[142.16469,43.73648],[142.16504,43.7428],[142.16576,43.74732],[142.17002,43.76069],[142.17331,43.76432],[142.17939,43.76688],[142.18376,43.77259],[142.19163,43.77578],[142.1968,43.77988],[142.19987,43.78075],[142.21376,43.78107],[142.22846,43.78278],[142.23398,43.78417],[142.24591,43.78939],[142.25279,43.79138],[142.26036,43.79246],[142.27268,43.79215],[142.27856,43.79273],[142.29626,43.79813],[142.31491,43.80069],[142.32289,43.80403]],[[142.32289,43.80403],[142.33435,43.81394],[142.34977,43.82509],[142.37116,43.83582],[142.37582,43.83696],[142.37959,43.83705],[142.39262,43.834],[142.39751,43.83358],[142.40238,43.83439],[142.40727,43.83674],[142.44217,43.86237],[142.4457,43.86757],[142.45335,43.88311],[142.46016,43.89366],[142.46789,43.90825],[142.46942,43.91244],[142.46974,43.91755],[142.46757,43.92725],[142.47093,43.93738],[142.4713,43.94189],[142.47085,43.94547],[142.4672,43.95596],[142.46431,43.96751],[142.45313,43.99351],[142.44835,43.99963],[142.43607,44.00922]],[[142.43607,44.00922],[142.43318,44.01239],[142.42947,44.01948],[142.42579,44.0242],[142.41507,44.03169],[142.41212,44.03558],[142.4113,44.03821],[142.41083,44.04434],[142.40538,44.05753],[142.40501,44.06985],[142.404,44.07214],[142.39668,44.08262],[142.39331,44.09107],[142.39275,44.09575],[142.39103,44.10184],[142.39144,44.1228],[142.39345,44.12885],[142.40263,44.14384]],[[140.39628,42.20521],[140.40439,42.20155],[140.40908,42.19818],[140.41807,42.1873],[140.42057,42.1854],[140.44435,42.1763],[140.44841,42.17424],[140.46115,42.16458],[140.47077,42.15833],[140.48114,42.14789],[140.48543,42.14555],[140.49298,42.14305],[140.49708,42.14101],[140.50045,42.13819],[140.5053,42.13054],[140.50958,42.12601],[140.52237,42.11915],[140.53011,42.1122],[140.53741,42.107],[140.56068,42.09404],[140.56651,42.08962],[140.57181,42.08378]],[[140.57181,42.08378],[140.58974,42.06079],[140.59113,42.05799],[140.59317,42.04825],[140.59459,42.04516],[140.60345,42.03675],[140.60671,42.03282],[140.60985,42.02737],[140.61497,42.01453],[140.61836,42.01034],[140.62254,42.00701]]]}},{"type":"Feature","id":"expressway-c2817e7bcdc3","properties":{"id":"expressway-c2817e7bcdc3","label":"湯浅御坊道路"},"geometry":{"type":"MultiLineString","coordinates":[[[135.19121,34.00907],[135.19421,34.00405],[135.19914,33.99109],[135.19687,33.96506],[135.19859,33.94394],[135.19789,33.94065],[135.19511,33.93514],[135.19323,33.92735],[135.19305,33.92093],[135.1945,33.91273],[135.19391,33.90848],[135.19259,33.90603],[135.18676,33.90135],[135.18488,33.8988]],[[135.20058,34.06018],[135.20143,34.05225],[135.20341,34.04824],[135.20386,34.04591],[135.20349,34.0424],[135.20098,34.03631],[135.20066,34.02649],[135.19878,34.02222],[135.19233,34.01768],[135.19068,34.01576],[135.19003,34.01222],[135.19121,34.00907]]]}},{"type":"Feature","id":"expressway-c2934a03e7b6","properties":{"id":"expressway-c2934a03e7b6","label":"東伯中山道路"},"geometry":{"type":"MultiLineString","coordinates":[[[133.59981,35.50875],[133.61333,35.50731],[133.63412,35.50916],[133.64322,35.50796],[133.6496,35.50564],[133.65513,35.5028],[133.66954,35.4917],[133.67423,35.48892],[133.68155,35.48617],[133.6898,35.48487],[133.69662,35.48509],[133.70391,35.48703],[133.7074,35.48962],[133.71403,35.49757],[133.71968,35.50015]]]}},{"type":"Feature","id":"expressway-c2ec40c6ecf4","properties":{"id":"expressway-c2ec40c6ecf4","label":"豊富バイパス"},"geometry":{"type":"MultiLineString","coordinates":[[[141.74866,45.22696],[141.75128,45.22523],[141.75442,45.22428],[141.76317,45.21682],[141.7741,45.20429],[141.77611,45.20074],[141.77663,45.19678],[141.77478,45.18838],[141.77762,45.179],[141.77798,45.17049],[141.7798,45.16704],[141.78576,45.16069],[141.78997,45.15424],[141.79144,45.15055],[141.79145,45.14667],[141.78952,45.13744],[141.79107,45.13045],[141.79058,45.12309],[141.79125,45.12016],[141.79666,45.10726],[141.79696,45.10276],[141.79608,45.09926]]]}},{"type":"Feature","id":"expressway-c34a364f9313","properties":{"id":"expressway-c34a364f9313","label":"大島道路"},"geometry":{"type":"MultiLineString","coordinates":[[[133.06619,34.17142],[133.06453,34.16904],[133.06418,34.16709],[133.06493,34.16458],[133.06661,34.16215],[133.06689,34.15944],[133.06541,34.15495],[133.06504,34.14909],[133.06286,34.14514],[133.05574,34.13994],[133.05067,34.13449],[133.04506,34.13197],[133.04057,34.1288],[133.03682,34.12807],[133.03277,34.12944]]]}},{"type":"Feature","id":"expressway-c3b8377f0617","properties":{"id":"expressway-c3b8377f0617","label":"富津館山道路"},"geometry":{"type":"MultiLineString","coordinates":[[[139.85907,35.196],[139.85573,35.19469],[139.84714,35.19351],[139.8394,35.18789],[139.83662,35.18535],[139.83316,35.18026],[139.83042,35.17125],[139.83062,35.16765],[139.83213,35.16425],[139.84716,35.14625],[139.84778,35.14005],[139.8457,35.13032],[139.84565,35.1273],[139.84656,35.12476],[139.85117,35.1177],[139.85146,35.11466]],[[139.85146,35.11466],[139.85077,35.11134],[139.85144,35.10822],[139.85476,35.10234],[139.85941,35.0979],[139.86109,35.08891],[139.86008,35.08471],[139.85244,35.07164],[139.85243,35.06901],[139.85543,35.05807],[139.85298,35.04904],[139.85327,35.0439],[139.85093,35.04079],[139.85061,35.03824]]]}},{"type":"Feature","id":"expressway-c45e7bcb048f","properties":{"id":"expressway-c45e7bcb048f","label":"首都高速川口線"},"geometry":{"type":"MultiLineString","coordinates":[[[139.76276,35.76638],[139.76154,35.76908],[139.75955,35.77123],[139.74844,35.77689],[139.74619,35.77878],[139.7454,35.78045],[139.74573,35.78233],[139.74746,35.78484],[139.75266,35.78754],[139.7592,35.79391],[139.76135,35.79686],[139.75871,35.80846],[139.75995,35.81743],[139.75954,35.82499],[139.75543,35.83671],[139.75238,35.84124],[139.7472,35.84499],[139.73593,35.84813],[139.73415,35.85039],[139.73392,35.85301]]]}},{"type":"Feature","id":"expressway-c4c4e4bd9ac6","properties":{"id":"expressway-c4c4e4bd9ac6","label":"日本海沿岸東北自動車道"},"geometry":{"type":"MultiLineString","coordinates":[[[139.36305,38.04106],[139.35613,38.01971],[139.35346,38.01425],[139.34912,38.00892],[139.34196,38.00303],[139.32396,37.99364],[139.31918,37.99022],[139.31726,37.98812],[139.31232,37.97948],[139.30954,37.97614],[139.28709,37.96086],[139.28396,37.95719],[139.27921,37.94945],[139.27539,37.94628],[139.26978,37.94438],[139.25195,37.94506],[139.24462,37.94318],[139.23376,37.93733],[139.22244,37.93393],[139.21615,37.93095],[139.1964,37.91415],[139.19032,37.9113],[139.18226,37.91075],[139.16465,37.91419],[139.15731,37.91472],[139.13624,37.91017],[139.13049,37.90806]],[[139.41285,38.11903],[139.40177,38.10646],[139.40032,38.1033],[139.39819,38.0948],[139.39619,38.09091],[139.37956,38.07134],[139.3732,38.06269],[139.3669,38.05135],[139.36305,38.04106]],[[139.47305,38.20613],[139.46766,38.20251],[139.46323,38.19744],[139.44826,38.16961],[139.42999,38.14595],[139.42086,38.13544],[139.41873,38.1317],[139.41584,38.12418],[139.41285,38.11903]],[[139.52166,38.27727],[139.52138,38.27492],[139.52231,38.27323],[139.52211,38.26894],[139.5234,38.26175],[139.52262,38.25713],[139.51275,38.24261],[139.50544,38.2338],[139.50294,38.22507],[139.50071,38.22044],[139.49641,38.21539],[139.49185,38.21238],[139.4785,38.20843],[139.47305,38.20613]],[[139.8602,38.9571],[139.86299,38.94788],[139.87725,38.91905],[139.87868,38.91273],[139.87807,38.90592],[139.87351,38.89541],[139.85963,38.87474],[139.85452,38.87224],[139.83835,38.86894]],[[140.07338,39.54748],[140.07218,39.54432],[140.07089,39.53649],[140.06888,39.53383],[140.06328,39.52924],[140.06089,39.52499],[140.06159,39.51142],[140.06111,39.50329],[140.05956,39.49744],[140.05339,39.48376],[140.05273,39.48049],[140.05351,39.47619],[140.05816,39.46783],[140.06003,39.46034],[140.06646,39.45175],[140.06939,39.44365],[140.07265,39.43812],[140.0743,39.42892],[140.07664,39.4259],[140.08194,39.42095],[140.08416,39.41612],[140.08374,39.41086],[140.07942,39.40327],[140.07727,39.3968],[140.07647,39.38661],[140.07836,39.37091],[140.07724,39.36746],[140.07433,39.36393]],[[140.18342,39.6362],[140.17751,39.63492],[140.16978,39.63217],[140.15876,39.62644],[140.14152,39.61312],[140.13427,39.60312],[140.12238,39.59434],[140.11526,39.58593],[140.10934,39.5827],[140.09602,39.57948],[140.09131,39.57652],[140.08878,39.57262],[140.08476,39.55891],[140.08211,39.5558],[140.07537,39.55049],[140.07338,39.54748]],[[140.2112,39.6402],[140.19866,39.63738],[140.18342,39.6362]],[[140.19122,39.65997],[140.19434,39.65765],[140.20154,39.6545],[140.20414,39.65271],[140.20638,39.64995],[140.2112,39.6402]],[[140.11274,39.78157],[140.11831,39.77681],[140.12201,39.76819],[140.12544,39.76444],[140.13882,39.75498],[140.15265,39.74924],[140.16086,39.74395],[140.17084,39.73932],[140.17366,39.73694],[140.17909,39.7299],[140.18078,39.72626],[140.18223,39.71438],[140.18565,39.70337],[140.18596,39.67709],[140.18808,39.67063],[140.18922,39.6629],[140.19122,39.65997]],[[140.08855,40.03305],[140.0857,40.01515],[140.08759,40.00863],[140.09279,39.99905],[140.09536,39.98044],[140.09871,39.96916],[140.09825,39.95729],[140.09696,39.94694],[140.09716,39.94297],[140.09964,39.93767],[140.1072,39.92936],[140.10814,39.92678],[140.10829,39.92265],[140.10349,39.91204],[140.10257,39.90157],[140.10173,39.89914],[140.09151,39.8904],[140.07314,39.86276],[140.0711,39.8583]],[[139.78103,38.75478],[139.78107,38.74611],[139.7786,38.74018],[139.77556,38.73687],[139.76642,38.73042],[139.76439,38.72785],[139.75907,38.71746],[139.75386,38.71327],[139.7241,38.70476],[139.71611,38.69972],[139.71233,38.69823],[139.7069,38.69697],[139.69843,38.69619],[139.69172,38.69419],[139.68282,38.69303],[139.66945,38.68821],[139.64156,38.68061],[139.63541,38.67745],[139.62487,38.66734],[139.61483,38.65999],[139.61058,38.6552],[139.60777,38.64986],[139.59807,38.62251],[139.58569,38.60457]],[[139.78103,38.75478],[139.77886,38.76381],[139.78233,38.77604],[139.78291,38.78166],[139.7877,38.78857],[139.79583,38.80333],[139.80234,38.81263],[139.80292,38.81541],[139.80226,38.82201],[139.80292,38.82735],[139.80607,38.83435],[139.81145,38.84158],[139.81312,38.84899],[139.81528,38.85422],[139.81636,38.86051],[139.8187,38.86353],[139.82244,38.8657],[139.83835,38.86894]],[[140.57746,40.31123],[140.5824,40.31583],[140.59646,40.32197],[140.60332,40.32589],[140.60764,40.32944],[140.61326,40.33677],[140.61572,40.33852],[140.61923,40.33957],[140.65371,40.34298],[140.66196,40.34488],[140.68862,40.35569],[140.69286,40.35892],[140.69897,40.36748],[140.70177,40.36979],[140.7064,40.37123],[140.7146,40.37186]],[[139.8602,38.9571],[139.85971,38.96145],[139.86001,38.9676],[139.8642,38.98449],[139.86378,38.98685],[139.85794,38.99943],[139.85676,39.00503]],[[139.85676,39.00503],[139.85761,39.01173],[139.86471,39.03095],[139.86635,39.03388],[139.87032,39.03787],[139.87998,39.04357],[139.89261,39.05268]]]}},{"type":"Feature","id":"expressway-c4c927f6b254","properties":{"id":"expressway-c4c927f6b254","label":"山田道路"},"geometry":{"type":"MultiLineString","coordinates":[[[141.94926,39.48094],[141.94303,39.47682],[141.94007,39.47345],[141.93837,39.46942],[141.9389,39.46429],[141.94063,39.46092],[141.94369,39.45762],[141.95268,39.45023],[141.9568,39.44577],[141.96719,39.4376],[141.96885,39.43456],[141.96949,39.43173],[141.96848,39.42018]]]}},{"type":"Feature","id":"expressway-c4e602e8f1d4","properties":{"id":"expressway-c4e602e8f1d4","label":"秋田外環状道路"},"geometry":{"type":"MultiLineString","coordinates":[[[140.0711,39.8583],[140.07148,39.85484],[140.07748,39.8464],[140.07999,39.83884],[140.08524,39.83262],[140.08779,39.82844],[140.09114,39.81437],[140.10308,39.79186],[140.10514,39.78849],[140.11274,39.78157]]]}},{"type":"Feature","id":"expressway-c5c09eade56a","properties":{"id":"expressway-c5c09eade56a","label":"北関東自動車道"},"geometry":{"type":"MultiLineString","coordinates":[[[139.07531,36.32104],[139.0784,36.32832],[139.08312,36.33185],[139.08725,36.333],[139.10191,36.33392],[139.13145,36.338],[139.13668,36.34106],[139.1411,36.34625],[139.14405,36.34849],[139.14906,36.35048],[139.18248,36.35222],[139.19416,36.355],[139.20142,36.35591],[139.21081,36.35585],[139.22025,36.35469]],[[139.22025,36.35469],[139.23809,36.35009],[139.25208,36.34457],[139.25613,36.34381],[139.26068,36.3439],[139.27099,36.34661],[139.27445,36.34695],[139.29396,36.34545],[139.31814,36.34722],[139.32338,36.34692],[139.34132,36.34238],[139.34969,36.33788],[139.35323,36.33662],[139.35696,36.33605],[139.36791,36.33627],[139.38063,36.33033],[139.38547,36.32977],[139.38916,36.33038]],[[139.38916,36.33038],[139.39241,36.33172],[139.39885,36.33591],[139.40631,36.3375],[139.40884,36.33894],[139.41495,36.34461],[139.42296,36.35492],[139.42635,36.35732],[139.4383,36.36006],[139.44803,36.36561],[139.45342,36.36721],[139.46067,36.36801],[139.46825,36.3678],[139.4722,36.36689],[139.48005,36.36305],[139.48641,36.36239],[139.49102,36.36346],[139.50249,36.36915],[139.51079,36.37184],[139.53267,36.37399],[139.53924,36.37226],[139.54943,36.36655],[139.56262,36.36362],[139.56525,36.36233],[139.56869,36.35952]],[[139.56869,36.35952],[139.57439,36.3549],[139.57962,36.35315],[139.62421,36.34899]],[[139.62421,36.34899],[139.62694,36.35769],[139.6272,36.36571],[139.62864,36.36828],[139.63073,36.37025],[139.63417,36.37189],[139.63747,36.37247],[139.6487,36.37151],[139.65781,36.37234],[139.66068,36.37407],[139.66397,36.37957],[139.66877,36.38278],[139.67392,36.3882],[139.67653,36.38917],[139.68472,36.39042],[139.69409,36.39675],[139.70829,36.40234]],[[139.70829,36.40234],[139.71458,36.40723],[139.71901,36.41339],[139.72021,36.41685],[139.72041,36.4196],[139.71952,36.4241]],[[139.71952,36.4241],[139.72152,36.425],[139.72345,36.42745],[139.73755,36.43211],[139.74897,36.43762],[139.75487,36.43924],[139.78132,36.44361],[139.81446,36.45616],[139.82099,36.45737],[139.83639,36.45828],[139.8587,36.46234],[139.87812,36.46493],[139.88395,36.46648],[139.88922,36.46874],[139.89522,36.47291],[139.90298,36.48207],[139.90577,36.48429]],[[139.90577,36.48429],[139.91127,36.48633],[139.91493,36.48654],[139.91906,36.48594],[139.92517,36.48339],[139.92982,36.48001],[139.93555,36.47418],[139.94383,36.46907],[139.96466,36.45184],[139.96863,36.44674]],[[139.96863,36.44674],[139.97053,36.43621],[139.97635,36.42726],[139.98186,36.42275],[139.99451,36.4179],[139.99981,36.4145],[140.00585,36.40734],[140.01058,36.39679],[140.01528,36.39184],[140.03797,36.37656],[140.05094,36.36885],[140.06055,36.36563],[140.08235,36.3602]],[[140.08235,36.3602],[140.0929,36.35486],[140.10376,36.35054],[140.11435,36.34489],[140.12319,36.34262],[140.13374,36.34179],[140.14048,36.34222],[140.1486,36.34418],[140.15723,36.34753],[140.16141,36.34823],[140.16752,36.34784],[140.1737,36.34589]],[[140.1737,36.34589],[140.17857,36.34428],[140.18778,36.34261],[140.20918,36.3432],[140.223,36.34053],[140.23023,36.33977],[140.23883,36.34033],[140.25159,36.34359],[140.25703,36.34363],[140.26796,36.34056],[140.273,36.33984]],[[140.273,36.33984],[140.27822,36.33859],[140.28321,36.3362],[140.29852,36.32509],[140.30695,36.31967],[140.3133,36.31668],[140.32126,36.31594],[140.33759,36.31935],[140.34526,36.31956]],[[140.34526,36.31956],[140.35356,36.31735],[140.36598,36.31073],[140.37475,36.30778],[140.40184,36.30434],[140.40992,36.30394],[140.41407,36.30461],[140.41783,36.30601],[140.4293,36.31432],[140.43632,36.31698],[140.44194,36.317],[140.45631,36.31481],[140.4618,36.31517],[140.46656,36.31628],[140.47376,36.31954],[140.48848,36.32972]]]}},{"type":"Feature","id":"expressway-c75a49c99905","properties":{"id":"expressway-c75a49c99905","label":"大館西道路"},"geometry":{"type":"MultiLineString","coordinates":[[[140.52871,40.2691],[140.53896,40.28121],[140.54217,40.28786],[140.55095,40.29196],[140.55667,40.30036],[140.55932,40.30208],[140.56416,40.30374]],[[140.52871,40.2691],[140.51968,40.25489],[140.51609,40.2505]],[[140.56416,40.30374],[140.57192,40.30677],[140.57746,40.31123]]]}},{"type":"Feature","id":"expressway-c7609ecbb430","properties":{"id":"expressway-c7609ecbb430","label":"福岡高速5号線"},"geometry":{"type":"MultiLineString","coordinates":[[[130.45575,33.55721],[130.46287,33.56525]],[[130.42548,33.54186],[130.43666,33.54181],[130.43949,33.54259],[130.45575,33.55721]],[[130.38188,33.54325],[130.39044,33.54308],[130.40698,33.5388],[130.42197,33.54176],[130.42548,33.54186]],[[130.3463,33.54818],[130.3587,33.54511],[130.37167,33.54645],[130.38188,33.54325]],[[130.31875,33.56245],[130.3175,33.56836]],[[130.31875,33.56245],[130.31996,33.55709],[130.32221,33.55459],[130.3463,33.54818]]]}},{"type":"Feature","id":"expressway-c9ffcdaaf075","properties":{"id":"expressway-c9ffcdaaf075","label":"仙人峠道路"},"geometry":{"type":"MultiLineString","coordinates":[[[141.75638,39.25183],[141.74918,39.25086],[141.74271,39.24533],[141.73876,39.24389],[141.71483,39.24355],[141.68116,39.23882],[141.66775,39.23736],[141.66199,39.23746],[141.64393,39.24134],[141.63913,39.24315],[141.63484,39.24728],[141.62777,39.25645],[141.62489,39.25843],[141.61009,39.26256],[141.60463,39.26312],[141.59555,39.26269],[141.59151,39.26353],[141.58897,39.26475]],[[141.75638,39.25183],[141.76515,39.25283],[141.77395,39.25279]]]}},{"type":"Feature","id":"expressway-ca4edf670bdd","properties":{"id":"expressway-ca4edf670bdd","label":"大和・御所道路"},"geometry":{"type":"MultiLineString","coordinates":[[[135.79183,34.60139],[135.7915,34.59311],[135.79011,34.58523],[135.78269,34.57637],[135.78108,34.57232],[135.77785,34.55207],[135.77782,34.53236]],[[135.75274,34.46669],[135.74852,34.45868],[135.74324,34.45538],[135.74135,34.4532],[135.74065,34.45051],[135.74069,34.44714]],[[135.79183,34.6014],[135.7931,34.60407],[135.79777,34.6073],[135.79825,34.61154],[135.79662,34.61226],[135.79244,34.61081],[135.79107,34.61237]],[[135.76122,34.49339],[135.76311,34.48692],[135.76292,34.47678],[135.76102,34.47415],[135.75274,34.46669]],[[135.74069,34.44714],[135.74054,34.43245],[135.73966,34.42933],[135.73479,34.42267],[135.73146,34.41454],[135.7282,34.40894],[135.7235,34.40322],[135.71412,34.39444],[135.71276,34.39172],[135.71218,34.38828]]]}},{"type":"Feature","id":"expressway-cc809612883a","properties":{"id":"expressway-cc809612883a","label":"大野油坂道路"},"geometry":{"type":"MultiLineString","coordinates":[[[136.50176,36.00104],[136.51818,35.99496],[136.53552,35.98411],[136.54868,35.97776],[136.555,35.97338],[136.56153,35.96992],[136.56935,35.96908],[136.57685,35.96507],[136.58233,35.96339],[136.591,35.96319],[136.59826,35.96486],[136.60145,35.96413],[136.60364,35.96192],[136.60497,35.95724],[136.62199,35.92591],[136.62716,35.92031],[136.63068,35.9184],[136.63423,35.91742],[136.64726,35.91691],[136.66817,35.91218]]]}},{"type":"Feature","id":"expressway-cc9ef1896972","properties":{"id":"expressway-cc9ef1896972","label":"大阪府道高速大和川線"},"geometry":{"type":"MultiLineString","coordinates":[[[135.47998,34.5966],[135.49475,34.59291],[135.49634,34.59159],[135.49887,34.58658],[135.50305,34.58494],[135.50737,34.58565],[135.51346,34.58831],[135.51721,34.5907],[135.5239,34.59333],[135.54611,34.59299]]]}},{"type":"Feature","id":"expressway-cd0683950944","properties":{"id":"expressway-cd0683950944","label":"門別厚賀道路"},"geometry":{"type":"MultiLineString","coordinates":[[[142.03888,42.52801],[142.0495,42.52285],[142.05798,42.51756],[142.06821,42.50847],[142.07806,42.49807],[142.08327,42.49476],[142.0889,42.49281]],[[142.0889,42.49281],[142.10696,42.4897],[142.1364,42.48681],[142.14386,42.48463],[142.14954,42.48134],[142.17638,42.46032],[142.18235,42.45819],[142.19479,42.45794],[142.20126,42.45625],[142.2047,42.45415],[142.21097,42.44854],[142.24044,42.43209],[142.24066,42.42942]]]}},{"type":"Feature","id":"expressway-cd84b40e9cfd","properties":{"id":"expressway-cd84b40e9cfd","label":"東北中央自動車道"},"geometry":{"type":"MultiLineString","coordinates":[[[140.347,38.40922],[140.34294,38.39746],[140.34248,38.39372],[140.34322,38.38952],[140.34619,38.38116],[140.34703,38.37555],[140.34681,38.36804],[140.34466,38.36035],[140.34196,38.35542],[140.33508,38.34549],[140.32402,38.31888],[140.31373,38.306],[140.30461,38.29919],[140.30111,38.29509],[140.29923,38.29084],[140.29688,38.27902],[140.29128,38.26634],[140.28865,38.25693],[140.28613,38.25316],[140.27809,38.24516],[140.27608,38.2419],[140.2749,38.23798],[140.27539,38.23166],[140.27749,38.22724],[140.28104,38.22214],[140.28979,38.21285],[140.293,38.20848],[140.29603,38.20288],[140.29997,38.19197],[140.30373,38.18639]],[[140.41755,37.78888],[140.415,37.79124],[140.41051,37.80147]],[[140.41051,37.80147],[140.4073,37.80728],[140.40048,37.82713],[140.39704,37.8312],[140.3921,37.83401],[140.3659,37.84179],[140.35008,37.84272],[140.3377,37.84014],[140.33122,37.84037],[140.24308,37.8634],[140.22588,37.86951],[140.22175,37.86988],[140.21356,37.86835],[140.20889,37.8689],[140.19893,37.87392],[140.18877,37.87639],[140.17701,37.88246],[140.17373,37.88507],[140.17006,37.89019],[140.16658,37.89246],[140.16306,37.89368],[140.15177,37.89583],[140.14676,37.89882],[140.14414,37.9023],[140.14099,37.91095],[140.13589,37.91979],[140.13478,37.92895],[140.13376,37.93178],[140.13102,37.93493],[140.11771,37.94508],[140.11549,37.9489],[140.11529,37.95219],[140.11904,37.96035],[140.12362,37.96754],[140.12668,37.96964],[140.1366,37.97308],[140.1525,37.98518],[140.15457,37.98735],[140.15599,37.99081],[140.15668,38.0089],[140.15816,38.01707],[140.1602,38.02152],[140.16375,38.02482]],[[140.38787,38.60547],[140.38638,38.59855],[140.38788,38.59219],[140.39059,38.58821],[140.39928,38.57987],[140.40153,38.57553],[140.4016,38.57091],[140.39848,38.56136]],[[140.35381,38.4472],[140.35379,38.43793],[140.35254,38.42648],[140.347,38.40922]],[[140.16375,38.02482],[140.18023,38.03105],[140.18271,38.03277],[140.18518,38.03564],[140.19281,38.0478],[140.19393,38.05108],[140.19357,38.05588],[140.18933,38.06452],[140.18922,38.0674],[140.19026,38.07096],[140.19265,38.07438],[140.20321,38.08277],[140.2056,38.08531],[140.21163,38.09582],[140.21665,38.1016],[140.22312,38.10643],[140.2442,38.11392],[140.2473,38.11655],[140.25219,38.12357],[140.25733,38.12723],[140.28267,38.1362],[140.2865,38.13808],[140.30447,38.15413],[140.30725,38.15886],[140.31084,38.17435],[140.3094,38.1799],[140.30373,38.18639]],[[140.39848,38.56136],[140.39664,38.55848],[140.39084,38.55336],[140.38892,38.5506],[140.388,38.54733],[140.38803,38.53992],[140.38701,38.53406],[140.38429,38.52792],[140.38103,38.52503]],[[140.35381,38.4472],[140.35461,38.45438],[140.35674,38.46181],[140.37027,38.49368],[140.37066,38.49802],[140.37021,38.51268],[140.37078,38.51578],[140.37395,38.52017],[140.38103,38.52503]]]}},{"type":"Feature","id":"expressway-ce35fb436c06","properties":{"id":"expressway-ce35fb436c06","label":"中部横断自動車道"},"geometry":{"type":"MultiLineString","coordinates":[[[138.47202,35.55966],[138.47294,35.56172],[138.47346,35.56562],[138.47616,35.57106],[138.47462,35.58833],[138.47665,35.59631],[138.48141,35.60589],[138.48145,35.60836],[138.47997,35.61524]],[[138.47997,35.61524],[138.47897,35.61877],[138.4756,35.62389],[138.47468,35.62801],[138.47168,35.63514],[138.47227,35.64094]],[[138.47227,35.64094],[138.47377,35.64838],[138.47257,35.6621],[138.47322,35.6652],[138.47475,35.66759],[138.4773,35.66959],[138.48149,35.67082],[138.48957,35.67153],[138.4925,35.67331],[138.49449,35.67896],[138.49315,35.68394],[138.49321,35.68623],[138.49458,35.68853],[138.49668,35.68983]],[[138.49668,35.68983],[138.49335,35.69271],[138.47675,35.70387],[138.47459,35.70677],[138.47223,35.71245],[138.46667,35.71726],[138.46524,35.72025]],[[138.46524,35.72025],[138.46369,35.72467],[138.45396,35.73369],[138.44977,35.74063],[138.44407,35.74667],[138.44025,35.7542],[138.43487,35.75983],[138.43083,35.76638],[138.42418,35.77209],[138.42317,35.77371],[138.42213,35.78061],[138.42049,35.78312],[138.41814,35.78459],[138.41103,35.78674],[138.40754,35.79163],[138.40045,35.79293],[138.39805,35.79409],[138.39635,35.7959],[138.39528,35.79889],[138.39613,35.80864],[138.39352,35.81508],[138.39473,35.82239],[138.39272,35.82672],[138.39229,35.83225],[138.39067,35.83471],[138.3886,35.83619]],[[138.48105,36.30042],[138.4767,36.2989],[138.47058,36.29374],[138.46085,36.28898],[138.45775,36.2862],[138.45669,36.28245],[138.45854,36.27514],[138.45822,36.27306],[138.45575,36.26822],[138.44874,36.2605],[138.44718,36.25095],[138.44507,36.24683],[138.4423,36.24362]],[[138.46424,35.48862],[138.46912,35.49793],[138.4691,35.50062],[138.46719,35.50648],[138.46832,35.51081],[138.47865,35.52037],[138.48555,35.52968],[138.48701,35.53368],[138.4867,35.53733],[138.48505,35.54051],[138.47325,35.55016],[138.47121,35.55249],[138.47051,35.5562],[138.47202,35.55966]],[[138.4423,36.24362],[138.43848,36.23948],[138.43624,36.23501],[138.43561,36.23062],[138.43661,36.22614],[138.43945,36.22183],[138.44826,36.21475],[138.45508,36.20703],[138.46374,36.20144],[138.46646,36.19877],[138.46751,36.19658],[138.46948,36.18712],[138.47298,36.17497],[138.47322,36.1702],[138.47243,36.16443],[138.46858,36.154],[138.46722,36.14467],[138.46465,36.1374],[138.46377,36.12845],[138.46414,36.12476],[138.46124,36.12527],[138.45992,36.12868]],[[138.47209,35.25291],[138.47367,35.2502],[138.47485,35.24606],[138.47829,35.24052],[138.48065,35.23282],[138.48059,35.22979],[138.47918,35.2263],[138.47703,35.2239],[138.46447,35.21695],[138.4618,35.21445],[138.46031,35.21174],[138.45953,35.20674],[138.46089,35.20053],[138.46091,35.19746],[138.45526,35.1589],[138.45159,35.14392],[138.45072,35.13661],[138.45154,35.12643],[138.4556,35.117],[138.45548,35.11415],[138.45411,35.10993],[138.45424,35.10748],[138.45532,35.10539],[138.46156,35.09814],[138.4633,35.09376],[138.46314,35.08433],[138.46378,35.08136],[138.46269,35.0791],[138.46275,35.07778]],[[138.46424,35.48862],[138.46251,35.48493],[138.45761,35.47921],[138.45182,35.4688],[138.45057,35.46577],[138.45014,35.46252],[138.45245,35.45351],[138.45321,35.44555],[138.45708,35.4319],[138.46163,35.42121],[138.46241,35.41705]],[[138.44538,35.30451],[138.44229,35.28856],[138.44433,35.27833],[138.44582,35.27417],[138.44822,35.27042],[138.45076,35.26784],[138.47209,35.25291]],[[138.44538,35.30451],[138.44828,35.30957],[138.45532,35.31651],[138.4572,35.32118],[138.45656,35.32554],[138.45145,35.33703],[138.45088,35.3414],[138.45731,35.36177],[138.45829,35.36839],[138.45848,35.37633],[138.45958,35.38175],[138.45893,35.38531],[138.45533,35.39215],[138.4547,35.39736],[138.4557,35.40015],[138.45895,35.40436],[138.46097,35.40816],[138.46224,35.4128],[138.46241,35.41705]]]}},{"type":"Feature","id":"expressway-ce818e0b840f","properties":{"id":"expressway-ce818e0b840f","label":"首都高速5号池袋線"},"geometry":{"type":"MultiLineString","coordinates":[[[139.75257,35.69698],[139.75324,35.6948],[139.75566,35.6935],[139.75713,35.69135]],[[139.72644,35.71897],[139.7311,35.71085],[139.73503,35.70921],[139.74311,35.7078],[139.7449,35.70334],[139.75018,35.7025],[139.75257,35.69698]],[[139.70857,35.7399],[139.71429,35.7368],[139.71671,35.73343],[139.71731,35.7271],[139.72253,35.7235],[139.72439,35.71987],[139.72644,35.71897]],[[139.64932,35.78545],[139.66396,35.78184],[139.67231,35.78091],[139.67324,35.78036],[139.67377,35.77863],[139.6764,35.7769],[139.69321,35.77222],[139.69576,35.76945],[139.69828,35.76787],[139.70344,35.76646],[139.70864,35.75325],[139.70817,35.74375],[139.70681,35.74118],[139.70857,35.7399]],[[139.64845,35.80351],[139.64317,35.78968],[139.64355,35.78788],[139.64477,35.78627],[139.64932,35.78545]],[[139.64185,35.82267],[139.6473,35.81632],[139.64831,35.81421],[139.6493,35.80645],[139.64845,35.80351]]]}},{"type":"Feature","id":"expressway-cf6338362d34","properties":{"id":"expressway-cf6338362d34","label":"北九州市道北九州高速4号線"},"geometry":{"type":"MultiLineString","coordinates":[[[130.74609,33.78688],[130.74214,33.80401],[130.74242,33.80937],[130.7441,33.8128],[130.74742,33.81612],[130.75819,33.82083],[130.76063,33.82253],[130.76363,33.82599],[130.76565,33.83092],[130.76542,33.84125],[130.76686,33.84822],[130.76806,33.84999],[130.77495,33.85121],[130.7804,33.85306],[130.78886,33.85418],[130.79327,33.85702],[130.80132,33.85858],[130.80948,33.85586],[130.82535,33.85212],[130.82928,33.85149],[130.83302,33.85172],[130.84069,33.85471],[130.84335,33.8571],[130.84681,33.85896],[130.84899,33.86149],[130.85135,33.86306],[130.86583,33.8645],[130.87283,33.87018],[130.87975,33.8715],[130.89445,33.87846],[130.90163,33.8797],[130.91317,33.88797],[130.91571,33.88816],[130.91824,33.88746],[130.92116,33.88625],[130.92452,33.88365],[130.92759,33.8836],[130.93784,33.89222],[130.93887,33.89601],[130.94178,33.89902],[130.94368,33.90283],[130.9567,33.91056],[130.97093,33.92281],[130.97185,33.92458],[130.972,33.93105]],[[130.74591,33.78081],[130.74609,33.78688]]]}},{"type":"Feature","id":"expressway-d1fafe54c02d","properties":{"id":"expressway-d1fafe54c02d","label":"道東自動車道"},"geometry":{"type":"MultiLineString","coordinates":[[[144.32656,43.03753],[144.35467,43.03691],[144.36219,43.03608],[144.36695,43.03489],[144.37301,43.03484],[144.39844,43.0315],[144.41556,43.02308],[144.4195,43.02051],[144.42167,43.01793],[144.42771,43.00712],[144.43173,43.00341]],[[144.43173,43.00341],[144.43642,43.00118],[144.44262,43.00008],[144.46846,43.00324],[144.47238,43.00293],[144.48144,43.00079],[144.48729,43.00043],[144.49335,43.00138],[144.50205,43.00457],[144.50358,43.00565],[144.50441,43.00534]]]}},{"type":"Feature","id":"expressway-d34c267cd3e0","properties":{"id":"expressway-d34c267cd3e0","label":"中央自動車道西宮線"},"geometry":{"type":"MultiLineString","coordinates":[[[138.73766,35.6522],[138.74104,35.65295],[138.74649,35.65263],[138.75046,35.65159],[138.7572,35.64748],[138.76405,35.64545],[138.76788,35.64184],[138.77369,35.6396],[138.8047,35.60914],[138.80836,35.6071],[138.8133,35.60629],[138.82045,35.60648],[138.82468,35.60569],[138.83794,35.60638],[138.84983,35.60435],[138.85637,35.60471],[138.86598,35.60294],[138.87204,35.6],[138.87765,35.599],[138.88188,35.59929],[138.90046,35.60375],[138.9037,35.6036],[138.91053,35.60135],[138.91397,35.6015],[138.91695,35.6024]],[[138.53738,35.64318],[138.5385,35.63638],[138.54088,35.63243],[138.54668,35.62528],[138.54755,35.62222],[138.54835,35.61411],[138.54952,35.61192],[138.55174,35.60977],[138.55745,35.6077],[138.5764,35.60709],[138.58101,35.60518],[138.58912,35.60021],[138.59287,35.59919],[138.59671,35.59896],[138.60168,35.59976],[138.6081,35.60274],[138.63892,35.62519],[138.65202,35.63188],[138.66367,35.63467],[138.66888,35.63475],[138.67887,35.63372],[138.68442,35.63441],[138.69397,35.63771],[138.70553,35.63954],[138.70921,35.64118],[138.71748,35.64696],[138.72962,35.64821],[138.73766,35.6522]],[[138.46524,35.72025],[138.46667,35.71726],[138.47223,35.71245],[138.47486,35.70627],[138.47739,35.70327],[138.49335,35.69271],[138.50583,35.68086],[138.52009,35.67309],[138.52854,35.6655],[138.53373,35.65903],[138.53637,35.65385],[138.53746,35.64845],[138.53738,35.64318]],[[138.31224,35.87056],[138.32231,35.8674],[138.33069,35.86053],[138.3333,35.85672],[138.33576,35.85499],[138.34073,35.85331],[138.34553,35.85079],[138.3553,35.84991],[138.36441,35.84537],[138.3736,35.84496],[138.37788,35.84387],[138.38157,35.84179],[138.39061,35.83464],[138.39248,35.83166],[138.39272,35.82672],[138.39473,35.82239],[138.39352,35.81508],[138.39613,35.80864],[138.39528,35.79889],[138.39635,35.7959],[138.39805,35.79409],[138.40045,35.79293],[138.40754,35.79163],[138.41103,35.78674],[138.41814,35.78459],[138.42049,35.78312],[138.42213,35.78061],[138.42317,35.77371],[138.42418,35.77209],[138.43083,35.76638],[138.43487,35.75983],[138.44025,35.7542],[138.44407,35.74667],[138.44977,35.74063],[138.45396,35.73369],[138.46369,35.72467],[138.46524,35.72025]],[[137.98306,35.94435],[137.98638,35.94872],[137.99219,35.95886],[137.99751,35.9703],[138.00571,35.97799],[138.00711,35.9801],[138.00731,35.98285],[138.00594,35.98813],[138.00987,35.99508],[138.00993,35.99719],[138.00827,36.0041],[138.01063,36.01177],[138.0145,36.0162],[138.01656,36.02127],[138.02087,36.02475],[138.02289,36.03187],[138.02782,36.03765],[138.03052,36.0445],[138.0322,36.04706],[138.03547,36.04966],[138.03919,36.05126],[138.04352,36.05207],[138.04737,36.05164],[138.05005,36.05004],[138.0551,36.04449],[138.06083,36.04012],[138.06663,36.03255],[138.07766,36.02577],[138.08266,36.01897],[138.08783,36.01468],[138.09264,36.00885],[138.09583,36.00651],[138.11098,36.0015],[138.11418,36.00159],[138.12125,36.00343],[138.12568,36.00355],[138.1295,36.00282],[138.1343,36.00033],[138.14106,35.99237],[138.14881,35.98693],[138.1555,35.98483],[138.16611,35.98428],[138.17181,35.98269],[138.17398,35.98069],[138.17511,35.97461],[138.17637,35.97274],[138.18428,35.96908],[138.18938,35.96336],[138.19458,35.95909],[138.20018,35.95052],[138.20725,35.94268],[138.2122,35.93561],[138.21572,35.9323],[138.21995,35.92963],[138.22519,35.92751],[138.23901,35.92547],[138.24446,35.92376],[138.2476,35.92102],[138.25418,35.91705],[138.25541,35.91495],[138.2562,35.9093],[138.25822,35.90661],[138.26448,35.90323],[138.27021,35.89913],[138.27983,35.89561],[138.28834,35.89091],[138.29654,35.88773],[138.30697,35.8735],[138.30953,35.87156],[138.31224,35.87056]],[[137.91094,35.7415],[137.9124,35.75206],[137.916,35.75608],[137.91742,35.75947],[137.92006,35.7625],[137.92059,35.76616],[137.92228,35.76921],[137.92481,35.77144],[137.93082,35.77396],[137.93236,35.77536],[137.93295,35.78047],[137.93506,35.78484],[137.93421,35.79035],[137.92982,35.79773],[137.92894,35.80652],[137.9259,35.81417],[137.92604,35.81893],[137.9292,35.82641],[137.92801,35.83144],[137.92814,35.83407],[137.92915,35.83631],[137.9333,35.84109],[137.93503,35.84448],[137.93629,35.84899],[137.93679,35.85545],[137.93769,35.85795],[137.94422,35.86695],[137.95021,35.87895],[137.95701,35.88753],[137.95966,35.89242],[137.96238,35.89978],[137.96515,35.9105],[137.96932,35.91994],[137.97191,35.92823],[137.97418,35.93167],[137.98075,35.93795],[137.98306,35.94435]],[[137.79522,35.49892],[137.80061,35.5089],[137.80284,35.51576],[137.80484,35.51842],[137.80955,35.52139],[137.82181,35.52605],[137.83359,35.53466],[137.83751,35.53948],[137.84375,35.54516],[137.84877,35.55171],[137.85936,35.55895],[137.86288,35.56331],[137.86893,35.56603],[137.87315,35.57018],[137.87532,35.57319],[137.8774,35.57903],[137.88079,35.58311],[137.88362,35.59083],[137.88498,35.59744],[137.88451,35.60578],[137.88641,35.61707],[137.8882,35.62114],[137.89293,35.62716],[137.89454,35.63028],[137.89557,35.63477],[137.89505,35.64391],[137.89654,35.64711],[137.89747,35.65158],[137.90263,35.66011],[137.9044,35.67114],[137.90822,35.67849],[137.90917,35.68166],[137.90931,35.68927],[137.91083,35.69435],[137.91127,35.69834],[137.90886,35.7045],[137.90857,35.70896],[137.90694,35.71635],[137.90735,35.71997],[137.91032,35.7292],[137.91094,35.74151]],[[137.48579,35.47492],[137.49133,35.47506],[137.50019,35.47672],[137.50705,35.47925],[137.51402,35.48781],[137.5153,35.4924],[137.51693,35.49513],[137.51896,35.49666],[137.52356,35.49842],[137.527,35.50329],[137.52903,35.5049],[137.53506,35.50642],[137.54207,35.50948],[137.54974,35.5088],[137.55566,35.51114],[137.56035,35.5119],[137.56226,35.51344],[137.56383,35.51738],[137.56579,35.51837],[137.56837,35.51853],[137.57262,35.51738],[137.57527,35.51388],[137.57683,35.5129],[137.58189,35.51306],[137.58405,35.51248],[137.58797,35.5095],[137.6262,35.48578],[137.67072,35.45912],[137.67538,35.45764],[137.68133,35.4571],[137.6886,35.45494],[137.7064,35.45198],[137.71266,35.45155],[137.71541,35.45022],[137.7172,35.44752],[137.71942,35.44638],[137.7224,35.44642],[137.7271,35.44944],[137.73029,35.44998],[137.73344,35.44946],[137.73957,35.44603],[137.74181,35.44556],[137.74408,35.44655],[137.74559,35.44909],[137.74958,35.4526],[137.75045,35.45609],[137.75229,35.45896],[137.75333,35.46221],[137.75871,35.46846],[137.75998,35.47614],[137.76175,35.47927],[137.77752,35.48618],[137.78372,35.48728],[137.78629,35.48848],[137.79244,35.49346],[137.79522,35.49892]],[[137.23681,35.37176],[137.24325,35.37],[137.25199,35.37271],[137.26325,35.38126],[137.26837,35.38872],[137.27489,35.39473],[137.27791,35.40022],[137.28554,35.40286],[137.29285,35.40452],[137.29794,35.40932],[137.3043,35.4123],[137.30745,35.41567],[137.3217,35.42075],[137.32421,35.42356],[137.32791,35.4256],[137.33539,35.43246],[137.34137,35.43381],[137.34702,35.43658],[137.35078,35.4372],[137.35531,35.44021],[137.35809,35.44127],[137.36121,35.44144],[137.36807,35.44033],[137.38084,35.44453],[137.38481,35.44693],[137.38902,35.44848],[137.39311,35.45248],[137.40249,35.4569],[137.40541,35.46],[137.40706,35.46085],[137.4093,35.46092],[137.41635,35.45885],[137.42337,35.45482],[137.43449,35.45403],[137.44416,35.45631],[137.44972,35.45973],[137.46271,35.46446],[137.46785,35.46842],[137.47917,35.47412],[137.48285,35.47498],[137.48579,35.47492]],[[137.10795,35.34844],[137.11569,35.34887],[137.12945,35.3522],[137.13673,35.35171],[137.14278,35.35473],[137.15052,35.35651],[137.15731,35.35553],[137.16555,35.35678],[137.16875,35.3585],[137.17634,35.36727],[137.18154,35.37019],[137.18587,35.37353],[137.19013,35.37487],[137.19768,35.37469],[137.19986,35.37371],[137.20199,35.37087],[137.20355,35.36992],[137.20927,35.36937],[137.21461,35.36752],[137.21912,35.36794],[137.22535,35.3715],[137.23681,35.37176]],[[136.97898,35.2847],[136.98362,35.29196],[136.99275,35.29827],[136.99715,35.30442],[137.00628,35.30912],[137.01465,35.31064],[137.01758,35.31242],[137.01943,35.31547],[137.01939,35.31948],[137.02009,35.32143],[137.02324,35.32467],[137.02523,35.32841],[137.02822,35.33053],[137.03146,35.33163],[137.03659,35.33185],[137.04382,35.33369],[137.05109,35.33274],[137.05563,35.33306],[137.05915,35.33254],[137.06465,35.33331],[137.06898,35.33207],[137.07225,35.33229],[137.08003,35.33432],[137.08463,35.33869],[137.09139,35.34168],[137.09797,35.34266],[137.10365,35.34699],[137.10795,35.34844]],[[136.91053,35.30311],[136.91452,35.30229],[136.92459,35.29815],[136.93788,35.29591],[136.95058,35.29194],[136.9622,35.29013],[136.97209,35.28628],[136.97898,35.2847]],[[136.83051,35.27342],[136.83858,35.27386],[136.8426,35.2751],[136.84723,35.27747],[136.85503,35.28305],[136.86493,35.29336],[136.8695,35.29597],[136.87542,35.29722],[136.89052,35.29757],[136.89532,35.2988],[136.90454,35.30261],[136.91053,35.30311]],[[136.00176,35.02931],[136.00223,35.02246],[136.00564,35.0203],[136.00616,35.01924],[136.01154,35.02105],[136.01495,35.02131],[136.02674,35.01694],[136.03238,35.01675],[136.0361,35.01877],[136.03789,35.02523],[136.04255,35.0298],[136.04829,35.03829],[136.0519,35.04053],[136.05869,35.04228],[136.06442,35.04288],[136.06776,35.04232],[136.07289,35.04014],[136.07509,35.04004],[136.07704,35.04079],[136.08107,35.04405],[136.08858,35.04447],[136.09197,35.04548],[136.09411,35.04705],[136.09787,35.05157],[136.1005,35.0528],[136.1041,35.05343],[136.12604,35.05425],[136.13249,35.05548],[136.1365,35.05723],[136.14365,35.06181],[136.15175,35.06473],[136.15677,35.07002],[136.1639,35.07412],[136.16881,35.07542],[136.17651,35.07428],[136.18545,35.078],[136.19788,35.07913],[136.22167,35.091],[136.22853,35.09331],[136.23268,35.09561],[136.24679,35.10736],[136.27188,35.12576],[136.27554,35.13035],[136.28073,35.13918],[136.27922,35.15715],[136.27539,35.16265],[136.27436,35.16916],[136.27519,35.17109],[136.27899,35.17411],[136.28044,35.1763],[136.28213,35.18202],[136.28154,35.18638],[136.28161,35.19427],[136.28262,35.19777],[136.28617,35.20496],[136.28681,35.2082],[136.28616,35.21368],[136.28282,35.22216],[136.28287,35.2316],[136.28126,35.24873],[136.27909,35.25741],[136.27875,35.26242],[136.28347,35.27751],[136.28652,35.2807],[136.29767,35.28911],[136.29821,35.29062],[136.29772,35.29508],[136.29878,35.29727],[136.30494,35.30084],[136.31185,35.30799],[136.31524,35.3135],[136.318,35.31598],[136.32141,35.31737],[136.33504,35.31999],[136.34022,35.32314],[136.34912,35.32665],[136.35193,35.32886],[136.35499,35.33285],[136.35938,35.33498],[136.3628,35.33539],[136.37716,35.33265],[136.39641,35.33271],[136.39981,35.33388],[136.40186,35.33533],[136.40986,35.34424],[136.41274,35.34568],[136.42178,35.34661],[136.43583,35.34524],[136.43933,35.34557],[136.44425,35.34829],[136.44749,35.35359],[136.45089,35.35531],[136.47322,35.35392]],[[135.92794,34.96975],[135.93971,34.97236],[135.94295,34.97386],[135.96273,34.98735],[135.9763,34.99848],[135.98906,35.01207],[135.99573,35.01585],[136.00616,35.01924]],[[135.35499,34.72653],[135.35738,34.72858],[135.35922,34.73343],[135.36005,34.74129],[135.36177,34.74339],[135.3648,34.7448],[135.37638,34.74477],[135.40951,34.74192],[135.4153,34.74223]],[[135.71945,34.8944],[135.71348,34.89056],[135.70639,34.89059],[135.70431,34.8921],[135.69923,34.89984],[135.69269,34.90467]],[[135.54182,34.80396],[135.54403,34.80832],[135.55995,34.83131],[135.56515,34.83641],[135.58251,34.8508],[135.59049,34.85529],[135.61721,34.8672],[135.62131,34.86774],[135.62419,34.86744],[135.6331,34.86396],[135.63744,34.86321],[135.64345,34.86389],[135.64727,34.86572],[135.65019,34.86855],[135.65406,34.87411],[135.66292,34.88835],[135.66658,34.89187],[135.67066,34.89469],[135.68488,34.9024],[135.70014,34.90647],[135.70475,34.90944],[135.70661,34.91254],[135.71573,34.93648],[135.72009,34.94259],[135.72592,34.94631],[135.74811,34.95485]],[[135.4153,34.74223],[135.45046,34.7456],[135.46723,34.75473],[135.49023,34.76095],[135.49393,34.76316],[135.50026,34.7692],[135.50258,34.77068],[135.50591,34.77167],[135.51213,34.77228],[135.51622,34.77364],[135.52046,34.7764],[135.53484,34.7909],[135.53728,34.79429],[135.54182,34.80396]],[[135.74811,34.95485],[135.75378,34.95645],[135.79202,34.95667],[135.79742,34.95764],[135.82401,34.96994],[135.82563,34.97166],[135.83472,34.98642],[135.8366,34.98813],[135.84081,34.99014],[135.84875,34.99234],[135.85605,34.9967],[135.86334,34.99873],[135.8658,34.99841],[135.87172,34.99564],[135.87639,34.99214],[135.87874,34.98845],[135.88279,34.97689],[135.88483,34.97432],[135.88815,34.97201],[135.8933,34.97046],[135.91681,34.96843],[135.9212,34.96844],[135.92794,34.96975]],[[137.58831,35.5093],[137.59074,35.50601],[137.60587,35.49582],[137.66634,35.46082],[137.67149,35.45831],[137.67538,35.45764]],[[138.76655,35.64301],[138.7572,35.64748]],[[136.47322,35.35392],[136.47919,35.35319],[136.48278,35.35195],[136.48644,35.34946],[136.49098,35.34416],[136.50332,35.33904],[136.52974,35.33328],[136.53848,35.32388],[136.54429,35.32105],[136.58217,35.31781],[136.6186,35.3163],[136.65184,35.31165],[136.68249,35.30933],[136.70358,35.30465],[136.74635,35.28681],[136.78122,35.28267]],[[136.78122,35.28267],[136.83051,35.27342]]]}},{"type":"Feature","id":"expressway-d5c2884937c5","properties":{"id":"expressway-d5c2884937c5","label":"北見道路"},"geometry":{"type":"MultiLineString","coordinates":[[[143.85363,43.76934],[143.86088,43.77145],[143.87538,43.77131],[143.88154,43.77279],[143.91918,43.79453],[143.92137,43.79647],[143.92646,43.80338],[143.93537,43.81125],[143.93649,43.81385],[143.93752,43.82158],[143.9433,43.82919]]]}},{"type":"Feature","id":"expressway-d6957fb70096","properties":{"id":"expressway-d6957fb70096","label":"首都高速埼玉新都心線"},"geometry":{"type":"MultiLineString","coordinates":[[[139.61166,35.89156],[139.61596,35.89502],[139.62609,35.89876],[139.62893,35.89768],[139.62999,35.89356],[139.63086,35.89286],[139.63229,35.89272],[139.6376,35.89455]],[[139.6376,35.89455],[139.64764,35.8977],[139.65049,35.89731],[139.65719,35.89444],[139.6634,35.89519]]]}},{"type":"Feature","id":"expressway-d6b2d4b236f6","properties":{"id":"expressway-d6b2d4b236f6","label":"相馬福島道路"},"geometry":{"type":"MultiLineString","coordinates":[[[140.74754,37.77137],[140.74378,37.76494],[140.7384,37.76097],[140.73032,37.75882],[140.72266,37.75562],[140.71137,37.75429],[140.70752,37.7544]],[[140.84799,37.76868],[140.86058,37.76754],[140.86663,37.76773],[140.89617,37.77439],[140.90027,37.77675],[140.90153,37.77867],[140.90195,37.78119],[140.90116,37.78282],[140.89951,37.78364],[140.89778,37.78356],[140.8947,37.78216]],[[140.48976,37.83307],[140.49148,37.83232],[140.49669,37.833],[140.50086,37.8327],[140.50446,37.83145],[140.5102,37.82824]],[[140.5102,37.82824],[140.52152,37.82327],[140.53802,37.81039],[140.54037,37.80734],[140.54334,37.80033],[140.55195,37.79196],[140.56184,37.78784],[140.57993,37.77798],[140.58717,37.77003],[140.59065,37.76527]]]}},{"type":"Feature","id":"expressway-d9b9d41f28eb","properties":{"id":"expressway-d9b9d41f28eb","label":"北海道横断自動車道根室線"},"geometry":{"type":"MultiLineString","coordinates":[[[141.02102,43.18053],[141.02628,43.17638],[141.03622,43.17086],[141.04349,43.16902],[141.0553,43.16804],[141.06676,43.17162],[141.07427,43.16918],[141.0839,43.16871],[141.09017,43.1676],[141.09827,43.16212],[141.10454,43.1619],[141.10723,43.16103],[141.1149,43.1527],[141.11683,43.15151],[141.11901,43.15108],[141.12377,43.15186],[141.12604,43.15163],[141.13379,43.14669],[141.14068,43.14432],[141.14574,43.14147],[141.15224,43.13991],[141.15926,43.13695],[141.16689,43.13564],[141.17381,43.13326],[141.18013,43.13229],[141.18688,43.12938],[141.19292,43.12819],[141.19799,43.12625],[141.2117,43.12426],[141.22156,43.11962],[141.22958,43.11769],[141.23463,43.1153],[141.24032,43.11011],[141.24425,43.10382],[141.25334,43.09542],[141.25825,43.09256],[141.26809,43.08998]],[[141.26809,43.08998],[141.28335,43.09287],[141.31386,43.10219],[141.32044,43.10251],[141.33175,43.1002],[141.33653,43.1001],[141.37248,43.10464],[141.37897,43.10333],[141.41307,43.08914],[141.41808,43.08456],[141.42037,43.07728]],[[141.42037,43.07728],[141.42446,43.06118],[141.4266,43.0572],[141.44685,43.02925],[141.44991,43.02647],[141.45865,43.02132],[141.46134,43.01906],[141.46396,43.01562],[141.46635,43.00906],[141.47058,42.98773],[141.47352,42.98206],[141.47853,42.97668]],[[141.47853,42.97668],[141.4963,42.96398],[141.5116,42.95183],[141.51585,42.9477],[141.52463,42.93699],[141.54036,42.92427],[141.5454,42.91919],[141.54904,42.91302],[141.55063,42.90655],[141.54925,42.89109],[141.54984,42.8833],[141.55915,42.86125],[141.56302,42.85608],[141.56808,42.85213],[141.57432,42.84895],[141.58497,42.84531]],[[141.58497,42.84531],[141.58776,42.84678],[141.59327,42.85133],[141.60395,42.85624],[141.62016,42.88095],[141.62303,42.88325],[141.6269,42.88458],[141.63181,42.88466],[141.6419,42.88143],[141.64667,42.88087],[141.65872,42.88235],[141.69908,42.88378],[141.71053,42.88227],[141.72968,42.8777],[141.74047,42.87699],[141.74546,42.87763],[141.75191,42.87949],[141.76571,42.88697],[141.78758,42.89213],[141.7949,42.89302],[141.82597,42.89316],[141.83148,42.8945],[141.84067,42.89849],[141.84665,42.89931],[141.85211,42.89865],[141.86097,42.89571],[141.86643,42.8956],[141.87554,42.8984],[141.88533,42.89998],[141.88998,42.90144],[141.90842,42.91169],[141.91365,42.91387],[141.92058,42.91443],[141.92965,42.91203],[141.93317,42.91179],[141.93786,42.91272],[141.9481,42.91718],[141.95259,42.9183],[141.9572,42.91819],[141.96373,42.91594],[141.97238,42.91417],[141.98351,42.90879],[141.99439,42.9078],[142.00182,42.90563],[142.00575,42.9055],[142.01201,42.90805],[142.01882,42.91312],[142.02264,42.91517],[142.02535,42.91593],[142.03156,42.91623],[142.03398,42.91723],[142.03603,42.91946],[142.03655,42.92267]],[[142.40924,42.97975],[142.41097,42.98232],[142.41186,42.98551],[142.41,42.994],[142.41018,42.99911],[142.41158,43.00217],[142.41371,43.00439],[142.42803,43.01219],[142.43821,43.02028],[142.44896,43.02362],[142.45475,43.02919],[142.47763,43.04363],[142.52666,43.06543],[142.53187,43.06604],[142.53803,43.06539],[142.55791,43.06053],[142.56782,43.05547],[142.58627,43.05242],[142.60469,43.05432],[142.62464,43.0517],[142.63978,43.05303],[142.64322,43.05277],[142.6481,43.05096],[142.65567,43.04575],[142.66236,43.04349]],[[142.66236,43.04349],[142.66892,43.04319],[142.67604,43.04482],[142.73767,43.06938],[142.7474,43.07079],[142.75997,43.06959],[142.77673,43.06129],[142.78156,43.05769],[142.78356,43.05474],[142.78463,43.05124],[142.78361,43.04425],[142.78383,43.04147],[142.7855,43.03802],[142.78771,43.03582],[142.7917,43.03363],[142.80292,43.03059],[142.80536,43.02906],[142.80963,43.02446],[142.81299,43.02209],[142.82372,43.01906],[142.82747,43.01731],[142.83472,43.01036],[142.84383,43.00546],[142.85653,42.99461]],[[142.85653,42.99461],[142.87926,42.97496],[142.88428,42.9722],[142.89172,42.97042],[142.89869,42.97089],[142.92181,42.97619],[142.93469,42.97794],[142.95578,42.97861],[142.96528,42.98032],[143.01494,42.98375],[143.021,42.98289],[143.02548,42.98136],[143.03948,42.97193],[143.04815,42.96791],[143.05895,42.96521],[143.06882,42.96444],[143.07503,42.96489],[143.08122,42.96619],[143.10736,42.97386],[143.11501,42.97687],[143.11993,42.97786],[143.13508,42.97895],[143.14759,42.97778],[143.15832,42.97932],[143.28485,42.98832],[143.29297,42.99],[143.3014,42.99364],[143.30613,42.99457],[143.3122,42.99404],[143.32104,42.99062],[143.32559,42.98986],[143.32926,42.99018],[143.33775,42.99256],[143.34166,42.99282],[143.35397,42.99263],[143.36461,42.99039],[143.3683,42.99034],[143.38503,42.99461],[143.38937,42.99402],[143.39699,42.99114],[143.40316,42.99097],[143.42304,42.99415],[143.43668,42.99535]],[[143.43668,42.99535],[143.46026,42.99723],[143.4653,42.99888],[143.46906,43.00184],[143.4714,43.00693],[143.47132,43.03214],[143.47198,43.03569],[143.47491,43.03955],[143.48242,43.0443],[143.48623,43.04784],[143.49177,43.05904],[143.49602,43.0637],[143.50223,43.06718],[143.51648,43.07273],[143.52322,43.07669],[143.52926,43.08239],[143.53867,43.09508],[143.54407,43.09955],[143.55553,43.103],[143.57116,43.10636],[143.57761,43.10702]],[[143.57761,43.10702],[143.58455,43.10654],[143.59909,43.10253],[143.60604,43.10252],[143.611,43.10431],[143.61536,43.1095],[143.62035,43.11231],[143.63526,43.11454],[143.65145,43.12014],[143.67016,43.1212]],[[142.03655,42.92267],[142.0361,42.92618],[142.03678,42.92843],[142.0388,42.9308],[142.04269,42.93257],[142.04948,42.93313],[142.06048,42.93116],[142.06617,42.93089],[142.09178,42.93603],[142.0964,42.93647],[142.10171,42.93583],[142.1157,42.93142],[142.1305,42.92952],[142.15839,42.92456],[142.16752,42.92118],[142.18056,42.91782],[142.18939,42.91727],[142.19607,42.91908],[142.20164,42.92294],[142.20332,42.92565],[142.20488,42.93183],[142.20609,42.93421],[142.20894,42.93762],[142.21201,42.9399],[142.23114,42.94729],[142.23937,42.95243],[142.24379,42.95427],[142.24997,42.95502],[142.30444,42.95119],[142.31076,42.9514],[142.32403,42.9552],[142.33944,42.95862],[142.38004,42.97273],[142.38514,42.97348],[142.39463,42.97318],[142.40001,42.97402],[142.4055,42.9764],[142.40924,42.97975]],[[143.67016,43.1212],[143.67735,43.12267],[143.69019,43.11895],[143.69988,43.11941],[143.70571,43.11902],[143.75875,43.10886],[143.76765,43.10659],[143.77488,43.10352],[143.78288,43.1011],[143.7916,43.09672],[143.81623,43.0901],[143.82595,43.08866],[143.84627,43.08409],[143.88834,43.07699],[143.89406,43.0767],[143.90084,43.07801],[143.90874,43.0814],[143.91654,43.0871],[143.92334,43.08867],[143.92856,43.08806],[143.95042,43.08015],[143.96155,43.07935]],[[143.96155,43.07935],[143.97671,43.0799],[143.99473,43.08193],[144.01657,43.08202],[144.03728,43.0785],[144.05161,43.07987],[144.06951,43.0759],[144.07424,43.07551],[144.10772,43.07971],[144.13282,43.087]],[[140.81883,43.17966],[140.82657,43.18277],[140.845,43.18675],[140.86611,43.19319],[140.87331,43.19475],[140.89931,43.19599],[140.93981,43.19984],[140.94679,43.19847],[140.95231,43.19569],[140.95651,43.19178],[140.9611,43.18395],[140.96348,43.1812],[140.99077,43.16331],[140.9966,43.16081],[141.02742,43.1519],[141.03562,43.15141],[141.04364,43.15357],[141.05584,43.16138],[141.06887,43.1713]],[[145.50011,43.27417],[145.50549,43.27463],[145.50725,43.27551],[145.51087,43.27961],[145.51873,43.2924],[145.52051,43.29436],[145.52474,43.2972],[145.53594,43.30746],[145.54965,43.31413],[145.55124,43.31567]],[[144.13282,43.087],[144.13783,43.08878],[144.14344,43.09182],[144.14878,43.09307],[144.15312,43.09298],[144.16329,43.09103],[144.1748,43.09134],[144.18079,43.09037],[144.19326,43.08516],[144.20197,43.08329],[144.20552,43.08174],[144.20904,43.07842],[144.21299,43.07168],[144.21587,43.06934],[144.21964,43.06749],[144.30187,43.04732],[144.30703,43.04526],[144.31728,43.03966],[144.32105,43.03837],[144.32656,43.03753]]]}},{"type":"Feature","id":"expressway-dae0c83189fa","properties":{"id":"expressway-dae0c83189fa","label":"阪神高速14号松原線"},"geometry":{"type":"MultiLineString","coordinates":[[[135.57563,34.58989],[135.57291,34.59166],[135.56865,34.59281],[135.5507,34.59342],[135.55015,34.59408],[135.55026,34.60209],[135.54916,34.60849],[135.54864,34.62152],[135.54672,34.62255],[135.53549,34.6212],[135.53209,34.62189],[135.51427,34.63996],[135.51118,34.64125],[135.50513,34.64239],[135.50449,34.64378],[135.50844,34.65494]]]}},{"type":"Feature","id":"expressway-dc1f49e5f6f1","properties":{"id":"expressway-dc1f49e5f6f1","label":"京奈和自動車道"},"geometry":{"type":"MultiLineString","coordinates":[[[135.50184,34.30251],[135.49506,34.30013],[135.48286,34.29901],[135.45839,34.29297],[135.45433,34.29322],[135.44628,34.29551],[135.44217,34.29572],[135.43365,34.29432],[135.42346,34.29388],[135.41001,34.29116],[135.39354,34.29046],[135.37592,34.28547],[135.37252,34.28583],[135.3674,34.28837]]]}},{"type":"Feature","id":"expressway-dd07d16bf1b2","properties":{"id":"expressway-dd07d16bf1b2","label":"永平寺大野道路"},"geometry":{"type":"MultiLineString","coordinates":[[[136.46579,36.06212],[136.46115,36.06231],[136.45056,36.06023],[136.43975,36.06471],[136.42792,36.06778],[136.41769,36.06855],[136.40872,36.0675],[136.40535,36.06796],[136.40054,36.06963],[136.39496,36.06968],[136.39241,36.07081],[136.38808,36.07489],[136.38378,36.07618]],[[136.32839,36.08749],[136.32375,36.08622],[136.31716,36.08162]],[[136.50176,36.00104],[136.49703,36.00505],[136.48882,36.01883],[136.48319,36.03179],[136.48006,36.04236],[136.4766,36.05033],[136.47157,36.05833],[136.46842,36.06125]],[[136.46842,36.06125],[136.46579,36.06212]],[[136.29808,36.08095],[136.29439,36.08212],[136.28889,36.08553],[136.27892,36.08625]],[[136.31716,36.08162],[136.3135,36.08051],[136.29808,36.08095]],[[136.38378,36.07618],[136.38034,36.0758],[136.37589,36.07419],[136.37333,36.07411],[136.36478,36.07859],[136.35488,36.08549],[136.3526,36.08647],[136.34331,36.08632],[136.32839,36.08749]]]}},{"type":"Feature","id":"expressway-de15c626f6b6","properties":{"id":"expressway-de15c626f6b6","label":"延岡道路"},"geometry":{"type":"MultiLineString","coordinates":[[[131.62295,32.57609],[131.62281,32.57258],[131.62383,32.56771],[131.62773,32.56153],[131.63697,32.55232],[131.64455,32.54692],[131.65924,32.5382],[131.66288,32.53431],[131.66524,32.52908]],[[131.62295,32.57609],[131.62441,32.58112],[131.62698,32.58496],[131.64229,32.59992],[131.66107,32.62139],[131.67041,32.6285],[131.68352,32.63484],[131.69096,32.64092],[131.69486,32.64662],[131.69977,32.65687],[131.70647,32.66443]]]}},{"type":"Feature","id":"expressway-dee200c629a3","properties":{"id":"expressway-dee200c629a3","label":"関越自動車道新潟線"},"geometry":{"type":"MultiLineString","coordinates":[[[139.59828,35.75902],[139.60212,35.75619],[139.60762,35.75444]],[[139.59828,35.75902],[139.59566,35.76105],[139.5918,35.76275],[139.57962,35.76462],[139.57456,35.76671],[139.57157,35.76928],[139.56672,35.77652],[139.5621,35.7812],[139.54904,35.78914],[139.54558,35.79196],[139.53894,35.80051],[139.53131,35.80718],[139.52365,35.81766],[139.51096,35.82833],[139.50791,35.83163],[139.5047,35.83691],[139.50234,35.84759],[139.49959,35.85341],[139.49689,35.85666],[139.48585,35.86515],[139.48363,35.86827],[139.48046,35.87528],[139.4783,35.87859],[139.47445,35.88197],[139.4632,35.88905],[139.45844,35.8943]],[[139.45844,35.8943],[139.45182,35.90451],[139.44701,35.90906],[139.4418,35.91138],[139.42525,35.9152],[139.41997,35.91766],[139.41583,35.92052],[139.40992,35.92735],[139.40408,35.93903],[139.39986,35.94494],[139.39494,35.94892],[139.38644,35.95364],[139.3826,35.9576],[139.38069,35.96312],[139.38001,35.97906],[139.38129,35.9837],[139.38702,35.99541],[139.38811,36.00122],[139.38739,36.00632],[139.3829,36.01782],[139.38152,36.02725]],[[139.38152,36.02725],[139.38075,36.03016],[139.37839,36.03432],[139.37182,36.0401],[139.3642,36.04324],[139.35266,36.04464],[139.34885,36.04583],[139.34546,36.04796],[139.33975,36.05333],[139.3308,36.05832],[139.32369,36.0644],[139.31934,36.06637],[139.31036,36.06861],[139.30563,36.07127],[139.30207,36.0748],[139.29735,36.08226],[139.28824,36.08902],[139.28037,36.102],[139.27334,36.10925],[139.26654,36.11406],[139.23498,36.13212],[139.22912,36.13638],[139.22578,36.14024],[139.21952,36.15113],[139.21568,36.1557],[139.20994,36.16043],[139.19943,36.16674],[139.19537,36.1706],[139.19302,36.17418],[139.19143,36.17808],[139.19017,36.18865],[139.18695,36.19547],[139.18387,36.19889],[139.17463,36.20545],[139.17116,36.20875],[139.16323,36.2202],[139.14953,36.23293],[139.1441,36.2426],[139.14019,36.24681],[139.1341,36.25028],[139.10396,36.26096],[139.10129,36.26291],[139.09819,36.26642],[139.09647,36.26962],[139.09567,36.27301],[139.08237,36.27329],[139.07609,36.27166]],[[139.09567,36.27301],[139.09565,36.27707],[139.09787,36.28669],[139.09794,36.29166],[139.09643,36.29784],[139.09194,36.30647],[139.08874,36.31073],[139.08441,36.31496],[139.07126,36.32359],[139.06638,36.32755],[139.06202,36.33259],[139.05454,36.34386],[139.03602,36.35996],[139.03049,36.36789],[139.02793,36.37503]],[[139.02793,36.37503],[139.02363,36.40624],[139.02135,36.41413],[139.01615,36.42677],[139.01483,36.4317],[139.01433,36.43673],[139.01491,36.44847],[139.01172,36.46294],[139.01193,36.46804],[139.01382,36.47308],[139.0162,36.47633],[139.01962,36.47942],[139.02671,36.48389],[139.02986,36.48765],[139.0311,36.49168],[139.03096,36.4976],[139.03212,36.50382],[139.03167,36.51009],[139.03237,36.51273],[139.0379,36.51913],[139.04119,36.52626],[139.04673,36.5326],[139.0491,36.53954],[139.05265,36.54528],[139.05434,36.55167],[139.05937,36.55859],[139.062,36.56402],[139.06323,36.56971],[139.06168,36.57578],[139.06162,36.57828],[139.06647,36.58653],[139.06686,36.58898],[139.06612,36.5934],[139.06331,36.59985],[139.06275,36.6034],[139.06307,36.60721],[139.06856,36.61824],[139.06826,36.6262],[139.06895,36.62926],[139.07121,36.63268],[139.07805,36.63821],[139.07932,36.64043],[139.07979,36.64347],[139.07752,36.64905],[139.0697,36.65727],[139.06636,36.66499],[139.0635,36.66763],[139.05974,36.6691],[139.04961,36.66978],[139.04118,36.67225],[139.03371,36.67306],[139.02514,36.67561],[139.02035,36.67623]],[[139.02035,36.67623],[139.01498,36.67722],[139.01082,36.67914],[139.00468,36.68759],[139.00144,36.68948],[138.9948,36.69178],[138.99336,36.69327],[138.99101,36.6978],[138.98595,36.70143],[138.98381,36.70706],[138.97632,36.71225],[138.97544,36.71498],[138.97632,36.7196],[138.97547,36.72479],[138.97641,36.73013],[138.975,36.73511],[138.97757,36.74179],[138.97672,36.74515],[138.9728,36.75014],[138.96725,36.75439],[138.9663,36.75652],[138.96545,36.76324],[138.962,36.7687],[138.95768,36.77172],[138.94866,36.77455],[138.94275,36.77859]],[[138.94275,36.77859],[138.93722,36.78157],[138.93304,36.78492],[138.87953,36.86223],[138.87613,36.86504],[138.86742,36.86873],[138.86323,36.8747],[138.85283,36.88264],[138.84554,36.89406],[138.84548,36.8971],[138.84761,36.90161],[138.84713,36.90419],[138.84599,36.90578],[138.84124,36.90909],[138.83975,36.91197],[138.8397,36.91608],[138.84152,36.92385],[138.84117,36.92612],[138.83866,36.92852],[138.83217,36.93068],[138.82786,36.93325]],[[138.82786,36.93325],[138.81597,36.93905],[138.8036,36.94862],[138.80228,36.95169],[138.80364,36.95684],[138.80416,36.96188],[138.8079,36.96789],[138.80851,36.97378],[138.80945,36.97626],[138.81803,36.98846],[138.8201,36.99769],[138.8262,37.00945],[138.82901,37.01294],[138.83655,37.01789],[138.83889,37.02033],[138.83978,37.02294],[138.8411,37.03254],[138.84264,37.03733],[138.84496,37.04191],[138.84947,37.04704],[138.85976,37.05349],[138.86399,37.05765],[138.86648,37.06352],[138.86607,37.07211],[138.86667,37.07467],[138.87029,37.07996],[138.87539,37.08418]],[[138.87539,37.08418],[138.8789,37.08728],[138.88621,37.09726],[138.89025,37.10148],[138.8965,37.10573],[138.91255,37.11275],[138.91727,37.11673],[138.92213,37.12271],[138.94826,37.15794],[138.9507,37.16311],[138.95205,37.16833],[138.95249,37.18293],[138.95414,37.1891],[138.96004,37.19593],[138.96446,37.20303],[138.97385,37.21402]],[[138.97385,37.21402],[138.97696,37.22131],[138.9774,37.22758],[138.97463,37.23477],[138.96888,37.23994],[138.96141,37.24306],[138.94869,37.24355],[138.9427,37.24477],[138.93856,37.24699],[138.93236,37.2523],[138.9288,37.25444],[138.9008,37.26286],[138.89456,37.26716],[138.89056,37.26911],[138.88633,37.27009],[138.88178,37.26955],[138.87949,37.26837],[138.87521,37.26309],[138.87239,37.26126],[138.86722,37.25992],[138.86064,37.25994],[138.85365,37.26157],[138.84025,37.26824],[138.83183,37.27114],[138.82415,37.27162],[138.81329,37.27006],[138.80598,37.27087],[138.79362,37.2755],[138.78967,37.27888],[138.78597,37.2849],[138.78322,37.29205],[138.78006,37.30332],[138.77931,37.30965],[138.78214,37.32495],[138.78179,37.32977],[138.77978,37.33784],[138.77983,37.34342],[138.79289,37.39546],[138.79438,37.40464],[138.79393,37.41442],[138.78863,37.4355],[138.78815,37.44611]],[[138.78815,37.44611],[138.78938,37.45421],[138.79207,37.4601]]]}},{"type":"Feature","id":"expressway-e1291388ad76","properties":{"id":"expressway-e1291388ad76","label":"みちのく有料道路"},"geometry":{"type":"MultiLineString","coordinates":[[[140.86717,40.8248],[140.8686,40.82396],[140.87017,40.82158],[140.87416,40.81971],[140.8765,40.81714],[140.88001,40.81549],[140.88361,40.81281],[140.8878,40.81154],[140.89003,40.80974],[140.89355,40.80895],[140.90071,40.80503],[140.90936,40.80189],[140.91554,40.80178],[140.91883,40.79945],[140.92004,40.79719],[140.92173,40.79616],[140.92835,40.79506],[140.93729,40.79107],[140.94319,40.78956],[140.9478,40.78598],[140.95012,40.7817],[140.95188,40.78049],[140.98395,40.77281],[140.98803,40.77326],[140.99382,40.77568],[141.00199,40.77592],[141.00591,40.7774],[141.00756,40.77731],[141.011,40.77575],[141.02116,40.77552],[141.03007,40.77941],[141.03215,40.78124],[141.0352,40.78209],[141.04245,40.7803],[141.04446,40.78097],[141.04777,40.7834],[141.05508,40.78404],[141.06066,40.78194],[141.06338,40.78206],[141.06737,40.78328],[141.07121,40.78695],[141.07313,40.78742],[141.08193,40.78728],[141.08385,40.78801],[141.08641,40.79035]]]}},{"type":"Feature","id":"expressway-e129ba9cd148","properties":{"id":"expressway-e129ba9cd148","label":"東北縦貫自動車道八戸線"},"geometry":{"type":"MultiLineString","coordinates":[[[141.0603,40.10461],[141.07053,40.10903],[141.07649,40.11518],[141.07967,40.11721],[141.08309,40.11846],[141.09214,40.11997],[141.09711,40.12234],[141.10003,40.12557],[141.1062,40.13529],[141.11306,40.1388],[141.11513,40.1406],[141.11832,40.15092],[141.12203,40.15765],[141.13008,40.16201],[141.1367,40.16466],[141.138,40.16621],[141.13979,40.17154],[141.14256,40.17402],[141.15193,40.17751],[141.16191,40.18002],[141.16879,40.18357],[141.17219,40.18695],[141.17402,40.19145],[141.17848,40.19833],[141.18664,40.20352],[141.19134,40.20456],[141.20089,40.2033],[141.20683,40.20402],[141.21444,40.20717],[141.22322,40.21439],[141.22955,40.21744],[141.23937,40.21954],[141.24659,40.21955],[141.25338,40.22251],[141.25992,40.22305],[141.26805,40.22598],[141.29683,40.2324]],[[141.29683,40.2324],[141.31124,40.23131],[141.32038,40.22899],[141.33465,40.22133],[141.34474,40.21902],[141.3476,40.21892],[141.35871,40.22121],[141.36291,40.22457],[141.36799,40.22631],[141.37389,40.22996],[141.38713,40.23184],[141.39157,40.23323],[141.39592,40.23558],[141.39964,40.23905],[141.4009,40.24226],[141.40109,40.24736],[141.40274,40.25405],[141.39947,40.26726],[141.39931,40.27224],[141.40033,40.27534],[141.40287,40.2782],[141.40978,40.28221],[141.41374,40.2876],[141.42091,40.2926],[141.42289,40.29618],[141.42386,40.30323],[141.42566,40.30543],[141.42972,40.30857],[141.43261,40.31238],[141.43517,40.31414],[141.44273,40.31702],[141.44545,40.31929],[141.45142,40.33262],[141.45158,40.33819],[141.44874,40.34505],[141.44791,40.34867],[141.44833,40.35229],[141.45032,40.35784],[141.45021,40.36156],[141.44735,40.36592],[141.4397,40.37242],[141.43773,40.37676],[141.43784,40.37903],[141.43874,40.38101],[141.44693,40.39077],[141.44823,40.39378],[141.4477,40.3965],[141.4438,40.403],[141.44361,40.4121],[141.44006,40.41889],[141.4393,40.42381],[141.44066,40.42872],[141.44731,40.4375],[141.45056,40.44613],[141.45741,40.45473],[141.45829,40.46136],[141.46074,40.46643],[141.46148,40.46937],[141.46148,40.47133],[141.45959,40.47748],[141.45966,40.48029],[141.46368,40.48812],[141.46521,40.4943]],[[141.45829,40.46136],[141.45505,40.4657],[141.45024,40.46857],[141.44591,40.46938],[141.43384,40.46971],[141.42854,40.47152],[141.41705,40.48126],[141.41389,40.48641],[141.41377,40.49234],[141.41598,40.50597],[141.41528,40.5124],[141.41558,40.51613],[141.41786,40.52059],[141.42599,40.52839],[141.42886,40.53317],[141.43153,40.55328],[141.43255,40.55713]],[[140.67473,40.79624],[140.6775,40.79901],[140.68116,40.80148],[140.68581,40.80329],[140.69033,40.80382],[140.69459,40.80298],[140.70175,40.79872],[140.70636,40.79757],[140.72504,40.79782],[140.76019,40.79497],[140.77475,40.79604],[140.78398,40.79872],[140.78919,40.80106],[140.79425,40.80406],[140.80895,40.81558],[140.81436,40.81795],[140.82815,40.82212],[140.8386,40.82926],[140.84267,40.83091]]]}},{"type":"Feature","id":"expressway-e18cecbbe9a9","properties":{"id":"expressway-e18cecbbe9a9","label":"名古屋高速1号楠線"},"geometry":{"type":"MultiLineString","coordinates":[[[136.91409,35.17853],[136.90999,35.2261]],[[136.90999,35.2261],[136.90992,35.22923]]]}},{"type":"Feature","id":"expressway-e31ee729fdeb","properties":{"id":"expressway-e31ee729fdeb","label":"首都高速神奈川6号川崎線"},"geometry":{"type":"MultiLineString","coordinates":[[[139.79163,35.51848],[139.75841,35.53767]],[[139.75841,35.53767],[139.74134,35.53732]]]}},{"type":"Feature","id":"expressway-e37c61ff52a1","properties":{"id":"expressway-e37c61ff52a1","label":"宇佐道路"},"geometry":{"type":"MultiLineString","coordinates":[[[131.29573,33.53881],[131.30103,33.53558],[131.30473,33.53435],[131.31008,33.52852],[131.31375,33.52681],[131.31737,33.52309],[131.32185,33.52079],[131.32565,33.51485],[131.3257,33.51052]]]}},{"type":"Feature","id":"expressway-e38b6efc0eac","properties":{"id":"expressway-e38b6efc0eac","label":"東海環状自動車道"},"geometry":{"type":"MultiLineString","coordinates":[[[137.19331,35.04408],[137.19431,35.04736],[137.19673,35.05139],[137.20428,35.05917],[137.20731,35.06313],[137.21293,35.07705],[137.22117,35.09013],[137.22348,35.09656],[137.22367,35.09958],[137.22296,35.10321],[137.21929,35.1094],[137.2084,35.11908],[137.19979,35.13131],[137.19687,35.13344],[137.18847,35.13734],[137.181,35.14505],[137.17928,35.14938],[137.17942,35.15689],[137.17879,35.15963],[137.17217,35.17486],[137.16863,35.17973],[137.16328,35.18521],[137.14168,35.20307],[137.13829,35.20759],[137.13591,35.21451],[137.1359,35.21974],[137.13752,35.22726],[137.13667,35.23574],[137.14013,35.24857],[137.14476,35.25408],[137.15356,35.26013],[137.16039,35.26706],[137.17807,35.29217],[137.18057,35.29762],[137.18056,35.3043],[137.17722,35.31347],[137.17472,35.33328],[137.17264,35.33741],[137.16693,35.34271],[137.16451,35.34595],[137.16326,35.351],[137.16387,35.35645]],[[137.16387,35.35645],[137.16391,35.35935],[137.16276,35.36311],[137.15488,35.37482],[137.14927,35.37909],[137.13704,35.38467],[137.12719,35.39198],[137.12525,35.39406],[137.122,35.40049],[137.10407,35.4207],[137.10202,35.42387],[137.10072,35.4279],[137.10042,35.44076],[137.09982,35.4437],[137.09804,35.44659],[137.09556,35.44859],[137.086,35.45273],[137.07185,35.46261],[137.05532,35.46865],[137.04896,35.46995],[137.0445,35.47016],[137.02792,35.46917],[137.0232,35.46993],[137.01971,35.47142],[137.01531,35.47493],[137.01085,35.48082],[136.99502,35.49411],[136.98739,35.50515],[136.98246,35.50794],[136.9761,35.50862],[136.96826,35.5071],[136.96338,35.50733],[136.94331,35.51709],[136.93826,35.51869],[136.92743,35.51792],[136.91841,35.51997],[136.91347,35.52045],[136.90213,35.51884]],[[136.90213,35.51884],[136.89325,35.5166],[136.88447,35.5117],[136.8731,35.50823]],[[136.58685,35.36955],[136.58255,35.36458],[136.58157,35.36258],[136.58094,35.35604],[136.57876,35.35002],[136.57803,35.33937],[136.58145,35.33086],[136.58195,35.32728],[136.58006,35.31795]],[[136.58438,35.04799],[136.58394,35.05627],[136.5828,35.06097]],[[136.58006,35.31795],[136.57862,35.30962],[136.57774,35.29883],[136.57797,35.29121],[136.57908,35.28987],[136.57807,35.28762]],[[136.54556,35.10808],[136.5493,35.09981],[136.55459,35.09555],[136.56024,35.08934],[136.56564,35.07903],[136.57958,35.06662],[136.5828,35.06097]],[[136.58685,35.36955],[136.59049,35.37832],[136.59233,35.38079],[136.60487,35.38824],[136.60803,35.39136],[136.60983,35.39561],[136.61048,35.40293],[136.61566,35.41001],[136.61679,35.41728],[136.61777,35.41984],[136.62037,35.42293],[136.62596,35.42641]],[[136.8731,35.50823],[136.86457,35.50426],[136.85868,35.5035],[136.85371,35.50448],[136.84077,35.5119],[136.83497,35.51327],[136.82372,35.51252],[136.81568,35.5096],[136.81268,35.50912],[136.80734,35.50945],[136.79723,35.51151],[136.77971,35.51113]],[[136.54556,35.10808],[136.54296,35.11253],[136.53473,35.12223],[136.52571,35.12983],[136.51933,35.13878],[136.5142,35.14415],[136.512,35.14912],[136.51177,35.15527]],[[136.77971,35.51113],[136.77311,35.50978],[136.76752,35.50645],[136.76526,35.50396],[136.75147,35.48384],[136.74816,35.48079],[136.7437,35.47821],[136.73614,35.47524],[136.72871,35.47444],[136.7248,35.47542],[136.71668,35.47945],[136.71337,35.47996],[136.70979,35.47966],[136.69327,35.47236],[136.67823,35.46244]],[[136.67823,35.46244],[136.67234,35.45926],[136.66338,35.45674],[136.65837,35.45337],[136.65658,35.45115],[136.65428,35.44639],[136.65091,35.43532],[136.64758,35.43146],[136.64213,35.42904],[136.63168,35.42805],[136.62596,35.42641]]]}},{"type":"Feature","id":"expressway-e3ef95844b1b","properties":{"id":"expressway-e3ef95844b1b","label":"東北縦貫自動車道八戸線　天間林道路"},"geometry":{"type":"MultiLineString","coordinates":[[[141.2123,40.7321],[141.2038,40.73563],[141.19595,40.7401],[141.18969,40.74471],[141.17921,40.75405],[141.16564,40.7625],[141.16309,40.76508],[141.16125,40.76812],[141.15892,40.77766],[141.15678,40.78195],[141.15232,40.78561],[141.14722,40.78736]]]}},{"type":"Feature","id":"expressway-e43a69cf812f","properties":{"id":"expressway-e43a69cf812f","label":"西神道路"},"geometry":{"type":"MultiLineString","coordinates":[[[135.06772,34.6597],[135.06837,34.66297],[135.06816,34.6656],[135.06432,34.6745],[135.06509,34.67883],[135.072,34.68882],[135.07721,34.69801],[135.09098,34.71178],[135.09227,34.71408],[135.09247,34.71588],[135.09183,34.71805],[135.08569,34.728]]]}},{"type":"Feature","id":"expressway-e45e44b325ca","properties":{"id":"expressway-e45e44b325ca","label":"宇佐別府道路"},"geometry":{"type":"MultiLineString","coordinates":[[[131.45222,33.37808],[131.44763,33.38106],[131.44076,33.38204],[131.43804,33.38406],[131.43476,33.38998],[131.43381,33.394],[131.4299,33.39864],[131.42957,33.40046],[131.43045,33.40572],[131.42929,33.40815],[131.4261,33.41182],[131.42425,33.41807],[131.42461,33.42565],[131.42361,33.42799],[131.42189,33.42972],[131.41332,33.43294],[131.40567,33.43705],[131.39824,33.43755],[131.3945,33.43865],[131.3915,33.44103],[131.38898,33.44604],[131.3868,33.44761],[131.3844,33.4478],[131.3733,33.44578],[131.36991,33.44594],[131.36689,33.44685],[131.36162,33.4505],[131.35876,33.45589],[131.35693,33.45742],[131.35447,33.4582],[131.34807,33.45875],[131.34501,33.46033],[131.34309,33.46345],[131.34237,33.46876],[131.33648,33.47165],[131.33398,33.47553]],[[131.33398,33.47553],[131.32982,33.48437],[131.32699,33.48739],[131.3208,33.49213],[131.3174,33.49785]],[[131.3174,33.49785],[131.32083,33.50179],[131.3257,33.51052]]]}},{"type":"Feature","id":"expressway-e46ca57f7f05","properties":{"id":"expressway-e46ca57f7f05","label":"首都高速10号晴海線"},"geometry":{"type":"MultiLineString","coordinates":[[[139.79028,35.64658],[139.79709,35.638]],[[139.78246,35.65464],[139.79028,35.64658]]]}},{"type":"Feature","id":"expressway-e4bf6be12ee7","properties":{"id":"expressway-e4bf6be12ee7","label":"阪神高速4号湾岸線"},"geometry":{"type":"MultiLineString","coordinates":[[[135.43445,34.63454],[135.43413,34.63837],[135.44218,34.65118],[135.44201,34.65264],[135.44074,34.65389]],[[135.4623,34.59913],[135.46156,34.60256],[135.45443,34.6082],[135.44382,34.61193],[135.43963,34.61194],[135.4377,34.61272],[135.43205,34.62692],[135.43235,34.62816],[135.43489,34.63091],[135.43445,34.63454]],[[135.45599,34.56865],[135.45852,34.57425],[135.45849,34.58173],[135.46339,34.5879],[135.46317,34.59673],[135.4623,34.59913]],[[135.40608,34.51045],[135.41378,34.51459],[135.4256,34.52639],[135.42672,34.53072],[135.43047,34.53468],[135.43918,34.54795],[135.44357,34.55162],[135.44606,34.55762],[135.45352,34.56361],[135.45599,34.56865]],[[135.29689,34.41239],[135.30034,34.41492],[135.31096,34.41667],[135.31667,34.41851],[135.32525,34.42435],[135.33394,34.43409],[135.33836,34.44191],[135.34055,34.44326],[135.34632,34.44458],[135.35102,34.44757],[135.36614,34.46681],[135.37262,34.47037],[135.37478,34.47272],[135.3773,34.47658],[135.37773,34.47833],[135.37733,34.48308],[135.38146,34.49673],[135.38299,34.4993],[135.39057,34.50424],[135.394,34.50742],[135.39955,34.50947],[135.40405,34.50971],[135.40608,34.51045]]]}},{"type":"Feature","id":"expressway-e4efd66e7835","properties":{"id":"expressway-e4efd66e7835","label":"松浦佐々道路"},"geometry":{"type":"MultiLineString","coordinates":[[[129.71783,33.3479],[129.70653,33.34625],[129.70046,33.34686],[129.69089,33.34356],[129.6861,33.34271],[129.66712,33.34299],[129.66418,33.34256],[129.66139,33.34114],[129.6504,33.332],[129.6471,33.32697]]]}},{"type":"Feature","id":"expressway-e6699b550290","properties":{"id":"expressway-e6699b550290","label":"高速横浜環状北西線"},"geometry":{"type":"MultiLineString","coordinates":[[[139.59301,35.51635],[139.58945,35.51542],[139.58567,35.51652],[139.58163,35.52008],[139.57818,35.5246],[139.57419,35.5271],[139.54886,35.52977],[139.54466,35.53101],[139.54031,35.53595],[139.53901,35.54248]]]}},{"type":"Feature","id":"expressway-e6d8283efaf4","properties":{"id":"expressway-e6d8283efaf4","label":"浜田・三隅道路"},"geometry":{"type":"MultiLineString","coordinates":[[[132.06744,34.88468],[132.06601,34.88302],[132.06577,34.88011],[132.06681,34.8717],[132.06493,34.86785],[132.06262,34.86551],[132.05036,34.85856],[132.0401,34.85647],[132.03645,34.85502],[132.02929,34.84809],[132.02413,34.84491],[132.00871,34.8413]],[[132.00871,34.8413],[132.00454,34.83937],[132.00115,34.83694],[131.99116,34.82608],[131.9873,34.82274],[131.98184,34.8194],[131.97811,34.8148],[131.9751,34.81233],[131.97385,34.81047],[131.97282,34.80646],[131.96818,34.7978],[131.96875,34.79637],[131.9659,34.79445],[131.96621,34.79346]]]}},{"type":"Feature","id":"expressway-e7afd64be58b","properties":{"id":"expressway-e7afd64be58b","label":"白滝丸瀬布道路"},"geometry":{"type":"MultiLineString","coordinates":[[[143.25005,43.9331],[143.24421,43.9308],[143.24132,43.92898],[143.21702,43.9087],[143.21091,43.90294],[143.21002,43.90086],[143.20958,43.8961],[143.20785,43.89319],[143.20298,43.88915],[143.19754,43.88675]],[[143.32695,43.98846],[143.32136,43.98421],[143.31146,43.98009],[143.30333,43.97142],[143.30193,43.96851],[143.30169,43.96584],[143.30392,43.95806],[143.30304,43.95538],[143.30121,43.9533],[143.27989,43.94347],[143.26553,43.94149],[143.26112,43.94031],[143.25727,43.9383],[143.25299,43.93469],[143.25005,43.9331]]]}},{"type":"Feature","id":"expressway-e7f98c28c8af","properties":{"id":"expressway-e7f98c28c8af","label":"山田宮古道路"},"geometry":{"type":"MultiLineString","coordinates":[[[141.94926,39.48094],[141.95447,39.48485],[141.95662,39.48869],[141.95807,39.49896],[141.95645,39.50439],[141.95419,39.50707],[141.94714,39.51227],[141.92311,39.52695],[141.92024,39.5302],[141.91888,39.53442],[141.91973,39.539],[141.92376,39.54479],[141.92558,39.54938],[141.92603,39.56699],[141.92689,39.57218],[141.93048,39.57919],[141.93976,39.58954],[141.94058,39.59284],[141.93927,39.59623]]]}},{"type":"Feature","id":"expressway-eba370bae35d","properties":{"id":"expressway-eba370bae35d","label":"朝山・大田道路"},"geometry":{"type":"MultiLineString","coordinates":[[[132.50947,35.21314],[132.51376,35.21533],[132.51953,35.2213],[132.5271,35.22522],[132.54024,35.23479],[132.5436,35.23596],[132.55162,35.2365],[132.56002,35.23989],[132.56461,35.24399]]]}},{"type":"Feature","id":"expressway-ec5611b0ebe7","properties":{"id":"expressway-ec5611b0ebe7","label":"首都高速6号向島線"},"geometry":{"type":"MultiLineString","coordinates":[[[139.80988,35.72205],[139.8084,35.71771],[139.80328,35.71249],[139.80084,35.711],[139.79802,35.70768],[139.79347,35.6994],[139.79002,35.69525],[139.78978,35.6913],[139.78871,35.68991],[139.79177,35.68646],[139.79192,35.68523],[139.78817,35.68244],[139.78273,35.68007],[139.78083,35.6811],[139.77969,35.68348],[139.77874,35.68408]],[[139.8236,35.7444],[139.81745,35.74186],[139.81589,35.73998],[139.8154,35.73624],[139.81236,35.7326],[139.81124,35.73018],[139.80988,35.72205]]]}},{"type":"Feature","id":"expressway-ec6210b2eb27","properties":{"id":"expressway-ec6210b2eb27","label":"山口宇部道路"},"geometry":{"type":"MultiLineString","coordinates":[[[131.3176,33.99399],[131.3212,34.00768],[131.33116,34.01711],[131.33278,34.01943],[131.3376,34.03002],[131.34141,34.03388],[131.34421,34.03962],[131.34754,34.04392],[131.34968,34.05059],[131.34986,34.05499]]]}},{"type":"Feature","id":"expressway-f0490cf43529","properties":{"id":"expressway-f0490cf43529","label":"名古屋高速16号一宮線"},"geometry":{"type":"MultiLineString","coordinates":[[[136.85501,35.22165],[136.84589,35.24372],[136.84122,35.26221],[136.83954,35.2645],[136.83265,35.26984],[136.83068,35.27291],[136.83006,35.27598],[136.82971,35.28672],[136.82233,35.30118]]]}},{"type":"Feature","id":"expressway-f0c8f5496b2d","properties":{"id":"expressway-f0c8f5496b2d","label":"三陸北縦貫道路"},"geometry":{"type":"MultiLineString","coordinates":[[[141.83938,39.94355],[141.84009,39.95391],[141.84118,39.95755],[141.84429,39.96132],[141.85209,39.966],[141.8553,39.96897],[141.85668,39.97153],[141.85935,39.98092],[141.86108,39.98356],[141.86449,39.9861],[141.87307,39.98887],[141.88264,39.99428],[141.88448,39.99625],[141.88767,40.00381]]]}},{"type":"Feature","id":"expressway-f1039bd92270","properties":{"id":"expressway-f1039bd92270","label":"のと里山海道"},"geometry":{"type":"MultiLineString","coordinates":[[[136.84217,37.05892],[136.83634,37.06091],[136.83232,37.06389],[136.82852,37.06985],[136.82536,37.07342],[136.82265,37.07867],[136.82001,37.07995],[136.81295,37.08076],[136.80754,37.08689],[136.81005,37.09646],[136.81295,37.09855],[136.8188,37.10056],[136.82098,37.10318],[136.82117,37.11043],[136.82005,37.11246],[136.81537,37.11742],[136.8149,37.12101],[136.81805,37.12472],[136.81952,37.12872],[136.8214,37.13092],[136.82374,37.13238],[136.82841,37.13355],[136.83333,37.13657]],[[136.83332,37.13657],[136.83688,37.13878],[136.83903,37.13936],[136.84227,37.13884],[136.84668,37.13649],[136.84869,37.13646],[136.8506,37.13757],[136.8509,37.13987],[136.84876,37.14383],[136.8499,37.14905],[136.84908,37.15061],[136.84601,37.15324],[136.84554,37.15479],[136.84696,37.15696],[136.85297,37.15879],[136.8572,37.16481],[136.85793,37.17215],[136.85348,37.18094],[136.85336,37.18332],[136.85416,37.18547],[136.8564,37.18788],[136.8639,37.19237],[136.8657,37.19462],[136.86696,37.19902],[136.86895,37.20165],[136.87528,37.20565],[136.8794,37.2113],[136.88901,37.21845],[136.89177,37.22341],[136.8909,37.22875],[136.8917,37.23201],[136.89445,37.23525],[136.899,37.23752]]]}},{"type":"Feature","id":"expressway-f1119cd18da4","properties":{"id":"expressway-f1119cd18da4","label":"広島高速1号線"},"geometry":{"type":"MultiLineString","coordinates":[[[132.53378,34.4346],[132.53943,34.43962],[132.54034,34.44226],[132.54011,34.4464],[132.54175,34.4491],[132.54448,34.45058]],[[132.5104,34.40496],[132.51352,34.40768],[132.51383,34.41168],[132.51535,34.41729],[132.51962,34.42101],[132.52609,34.43027],[132.53378,34.4346]],[[132.50823,34.40418],[132.5104,34.40496]],[[132.51379,34.40878],[132.51474,34.4107],[132.51454,34.41333]]]}},{"type":"Feature","id":"expressway-f1aa966879eb","properties":{"id":"expressway-f1aa966879eb","label":"八木園部道路"},"geometry":{"type":"MultiLineString","coordinates":[[[135.50118,35.09141],[135.49969,35.09413],[135.49397,35.10074],[135.48851,35.10345],[135.48246,35.10882],[135.4801,35.11456],[135.48036,35.11995],[135.47973,35.1226]],[[135.53462,35.05079],[135.53438,35.05615],[135.53292,35.05899],[135.52772,35.06435],[135.51995,35.07049],[135.51324,35.07956],[135.50511,35.0862],[135.50118,35.09141]],[[135.47973,35.1226],[135.47725,35.12559],[135.4747,35.12673],[135.46969,35.12756],[135.46353,35.12757],[135.46038,35.12851],[135.45816,35.1303],[135.45603,35.13444],[135.45465,35.13583],[135.44788,35.13888],[135.44232,35.14354],[135.43602,35.14457],[135.4326,35.14643]]]}},{"type":"Feature","id":"expressway-f32dbe046e8f","properties":{"id":"expressway-f32dbe046e8f","label":"黒松内道路"},"geometry":{"type":"MultiLineString","coordinates":[[[140.44082,42.6413],[140.43221,42.64889],[140.42824,42.6514],[140.40705,42.65904],[140.4031,42.66266],[140.4002,42.66796],[140.3937,42.67052]]]}},{"type":"Feature","id":"expressway-f363911eba56","properties":{"id":"expressway-f363911eba56","label":"中国横断自動車道岡山・米子線"},"geometry":{"type":"MultiLineString","coordinates":[[[133.79761,34.69337],[133.80102,34.69094],[133.81001,34.68662],[133.81895,34.67692]],[[133.75539,34.69763],[133.76073,34.69419],[133.76516,34.69306],[133.77712,34.69322],[133.78525,34.69704],[133.78853,34.69766],[133.79352,34.69651],[133.79761,34.69337]],[[133.68262,34.80943],[133.68778,34.80668],[133.69022,34.80341],[133.69212,34.79697],[133.69297,34.78672],[133.69501,34.78169],[133.69439,34.77756],[133.68955,34.77165],[133.6887,34.76913],[133.68983,34.76326],[133.68965,34.75836],[133.69081,34.75533],[133.696,34.7495],[133.70818,34.74186],[133.7133,34.73761],[133.71657,34.73295],[133.71795,34.72666],[133.71964,34.72421],[133.72277,34.72257],[133.72739,34.72167],[133.72978,34.7203],[133.73435,34.71414],[133.74018,34.70849],[133.75539,34.69763]],[[133.68304,34.98409],[133.68479,34.97942],[133.68354,34.9751],[133.68356,34.9728],[133.68674,34.9678],[133.68744,34.96507],[133.68894,34.94913],[133.6884,34.93781],[133.69021,34.93277],[133.69039,34.92912],[133.6894,34.92649],[133.6854,34.92289],[133.68391,34.92057],[133.6829,34.91485],[133.68158,34.91176],[133.67209,34.89981],[133.66812,34.88856],[133.66105,34.87446],[133.65875,34.86344],[133.6598,34.85851],[133.65942,34.85406],[133.66107,34.84702],[133.65815,34.83633],[133.65912,34.83302],[133.66113,34.83056],[133.66523,34.82786],[133.67187,34.82481],[133.67424,34.82286],[133.67604,34.81958],[133.67637,34.81608],[133.67756,34.813],[133.67991,34.81063],[133.68262,34.80943]],[[133.74705,35.02517],[133.74155,35.02467],[133.7375,35.02331],[133.73442,35.02141],[133.73166,35.01864],[133.73007,35.01549],[133.72906,35.00641],[133.725,35.00078],[133.72301,34.99304],[133.72087,34.99041],[133.71544,34.98889],[133.71259,34.98567],[133.71001,34.9845],[133.7065,34.98547],[133.69961,34.99075],[133.69401,34.99126],[133.69064,34.99001],[133.68589,34.98561],[133.68304,34.98409]],[[133.80802,35.05126],[133.80322,35.04842],[133.79681,35.04164],[133.79039,35.03654],[133.78583,35.03378],[133.77829,35.03049],[133.77109,35.02578],[133.7683,35.02502],[133.76277,35.02499],[133.75719,35.02406],[133.74705,35.02517]],[[133.74112,35.16858],[133.74431,35.1672],[133.74661,35.16538],[133.77311,35.12773],[133.77829,35.12325],[133.77805,35.11873],[133.78097,35.1134],[133.77941,35.10905],[133.77937,35.1073],[133.78175,35.10349]],[[133.61716,35.27173],[133.62577,35.273],[133.63193,35.27123],[133.63563,35.26815],[133.63976,35.26282],[133.64659,35.25813],[133.64975,35.25515],[133.6543,35.24743],[133.66002,35.24242],[133.66045,35.24042],[133.65992,35.23454],[133.66085,35.23243],[133.66271,35.23027],[133.66778,35.22759],[133.66938,35.22562],[133.66958,35.22345],[133.66677,35.21668],[133.66743,35.21243],[133.66969,35.20896],[133.67531,35.20683],[133.67915,35.20405],[133.68523,35.20275],[133.69755,35.1944],[133.70284,35.19201],[133.70888,35.19026],[133.71421,35.1862],[133.72339,35.18441],[133.73408,35.17686],[133.73683,35.17118],[133.74112,35.16858]],[[133.47935,35.30079],[133.48346,35.29711],[133.48772,35.29181],[133.4981,35.28635],[133.50109,35.28548],[133.50555,35.28602],[133.5118,35.29031],[133.51737,35.29111],[133.52438,35.29346],[133.52866,35.2926],[133.53287,35.28928],[133.53651,35.28786],[133.55766,35.28945],[133.56432,35.28879],[133.57048,35.28722],[133.57544,35.28458],[133.58545,35.27623],[133.58716,35.27349],[133.58821,35.26908],[133.58941,35.267],[133.59197,35.26488],[133.59597,35.2634],[133.59997,35.26323],[133.60415,35.26417],[133.61353,35.2702],[133.61716,35.27173]],[[133.39979,35.42602],[133.40081,35.41675],[133.41223,35.40404],[133.41795,35.40062],[133.42036,35.39767],[133.42096,35.39405],[133.41969,35.38962],[133.41955,35.38659],[133.42004,35.38423],[133.42216,35.38085],[133.42394,35.37917],[133.42747,35.37727],[133.43912,35.3742],[133.44459,35.372],[133.44802,35.36966],[133.45045,35.36648],[133.453,35.35432],[133.45233,35.35145],[133.44835,35.34572],[133.44654,35.34078],[133.44632,35.33568],[133.44742,35.32915],[133.44863,35.32622],[133.45215,35.3232],[133.45915,35.32014],[133.46258,35.31795],[133.466,35.31451],[133.472,35.30536],[133.47452,35.3033],[133.47935,35.30079]],[[133.79228,35.07169],[133.80456,35.06679],[133.80525,35.06416],[133.80316,35.05866],[133.80286,35.05603],[133.80378,35.05408],[133.80802,35.05126]],[[133.78175,35.10349],[133.78352,35.10149],[133.78404,35.09953],[133.78226,35.09518],[133.783,35.09101],[133.78183,35.08783],[133.7841,35.08433],[133.78604,35.07714],[133.78917,35.07373],[133.79228,35.07169]]]}},{"type":"Feature","id":"expressway-f51f1e3b11f6","properties":{"id":"expressway-f51f1e3b11f6","label":"高知東部自動車道"},"geometry":{"type":"MultiLineString","coordinates":[[[133.73345,33.55164],[133.70904,33.55583]],[[133.76177,33.53768],[133.76479,33.53157],[133.76873,33.52712],[133.77575,33.52259],[133.78241,33.52045]],[[133.73345,33.55164],[133.74738,33.54884],[133.75914,33.54138]],[[133.75914,33.54138],[133.76177,33.53768]],[[133.58753,33.53996],[133.59591,33.5397],[133.60789,33.54199],[133.61792,33.54748],[133.62429,33.55616],[133.62826,33.5591]],[[133.62826,33.5591],[133.63345,33.56025],[133.64917,33.5598],[133.67272,33.55701]],[[133.58753,33.53996],[133.58328,33.54219],[133.57573,33.5519],[133.57382,33.57433],[133.57059,33.57768],[133.56739,33.58226],[133.56083,33.5853],[133.56112,33.58645],[133.56528,33.58818],[133.56545,33.58959]],[[133.67272,33.55701],[133.70102,33.55449],[133.70904,33.55583]]]}},{"type":"Feature","id":"expressway-f670df179655","properties":{"id":"expressway-f670df179655","label":"広島高速2号線"},"geometry":{"type":"MultiLineString","coordinates":[[[132.50823,34.40418],[132.5045,34.40439],[132.50163,34.40111],[132.50137,34.39877],[132.5021,34.39523],[132.49883,34.38938],[132.49864,34.38396]],[[132.49864,34.38396],[132.49845,34.37814]],[[132.49845,34.37814],[132.49964,34.36625],[132.49921,34.36425]],[[132.49921,34.36425],[132.49738,34.36172],[132.49726,34.35686]]]}},{"type":"Feature","id":"expressway-f707c7d01f54","properties":{"id":"expressway-f707c7d01f54","label":"神戸淡路鳴門自動車道"},"geometry":{"type":"MultiLineString","coordinates":[[[135.06772,34.6597],[135.06837,34.66297],[135.06816,34.6656],[135.06432,34.6745],[135.06509,34.67883],[135.072,34.68882],[135.07721,34.69801],[135.09098,34.71178],[135.09227,34.71408],[135.09247,34.71588],[135.09183,34.71805],[135.08569,34.728]],[[135.06772,34.6597],[135.06575,34.65614],[135.06296,34.65364],[135.04578,34.64638],[135.04029,34.64258],[135.03784,34.6394],[135.03432,34.6322],[135.00813,34.60126],[135.00685,34.59821],[135.00737,34.59502],[135.01616,34.58289]],[[135.01616,34.58289],[135.01685,34.57973],[135.01665,34.5771],[135.01436,34.57127],[135.01222,34.56845],[135.00566,34.56292],[134.99373,34.55545],[134.98377,34.54575],[134.96774,34.53507],[134.95853,34.53287],[134.95054,34.52917],[134.94734,34.52832],[134.94232,34.5282],[134.93384,34.52993],[134.92941,34.53005],[134.91711,34.5273],[134.907,34.52582],[134.89068,34.52077],[134.88359,34.51711],[134.87575,34.51478],[134.87362,34.51301],[134.87067,34.50869],[134.86994,34.50279],[134.87177,34.4892],[134.87604,34.47812],[134.87598,34.46515],[134.87807,34.45542],[134.8767,34.44894],[134.87326,34.44219]],[[134.87326,34.44219],[134.87004,34.43254],[134.8682,34.42076],[134.8649,34.40937],[134.86347,34.40184],[134.86015,34.3956],[134.85923,34.39254],[134.85911,34.38733],[134.86114,34.37958],[134.86117,34.37659],[134.85852,34.3677],[134.85775,34.36111],[134.85026,34.34881],[134.84762,34.34654],[134.84086,34.34247]],[[134.84086,34.34247],[134.83748,34.33965],[134.82787,34.32896],[134.82417,34.32676],[134.81883,34.32628],[134.80592,34.32953],[134.79653,34.32973],[134.7941,34.3291],[134.7863,34.32501],[134.75772,34.31506],[134.75232,34.31263]],[[134.75232,34.31263],[134.74619,34.30869],[134.73986,34.30028],[134.73651,34.29725],[134.72315,34.28906],[134.7153,34.287],[134.71191,34.28519],[134.70528,34.27772],[134.69531,34.271],[134.69114,34.26492],[134.68865,34.26237],[134.68057,34.25761],[134.67513,34.25176],[134.66412,34.24352],[134.65966,34.2414],[134.63966,34.23529],[134.63598,34.23301],[134.63023,34.22754],[134.62639,34.22079]],[[134.62639,34.22079],[134.62331,34.21373],[134.62237,34.205],[134.62157,34.20295],[134.61493,34.19607],[134.61176,34.19017],[134.60961,34.18776],[134.5944,34.18017],[134.57857,34.17436],[134.57337,34.17307]]]}},{"type":"Feature","id":"expressway-f791909a4e54","properties":{"id":"expressway-f791909a4e54","label":"京葉道路"},"geometry":{"type":"MultiLineString","coordinates":[[[140.10048,35.66033],[140.10295,35.65908],[140.10524,35.65692],[140.10991,35.64658],[140.11406,35.64176]],[[140.15082,35.60366],[140.14632,35.59],[140.1466,35.58722],[140.14864,35.58342],[140.14866,35.58106],[140.14625,35.57771],[140.13891,35.57044],[140.13785,35.56703]],[[140.11406,35.64176],[140.12883,35.63034],[140.14217,35.62445],[140.1466,35.62069],[140.15304,35.61298],[140.15313,35.61038],[140.15082,35.60366]]]}},{"type":"Feature","id":"expressway-f7b932f845fb","properties":{"id":"expressway-f7b932f845fb","label":"東海北陸自動車道"},"geometry":{"type":"MultiLineString","coordinates":[[[136.78122,35.28267],[136.78116,35.28623],[136.77923,35.29344],[136.77394,35.30416],[136.77429,35.31024],[136.77645,35.31478]],[[136.77645,35.31478],[136.77906,35.32037],[136.77941,35.33208],[136.78007,35.33396],[136.78271,35.33635],[136.7893,35.33746],[136.79188,35.33859],[136.79387,35.34058],[136.79463,35.34304]],[[136.79463,35.34304],[136.79382,35.34987],[136.79507,35.35429],[136.80645,35.36776],[136.81353,35.37217],[136.81468,35.37445],[136.81531,35.38041],[136.81759,35.38682]],[[136.81759,35.38682],[136.81805,35.39112],[136.8169,35.39731],[136.81683,35.40162],[136.81832,35.40819],[136.82076,35.41202],[136.82852,35.41791],[136.83847,35.42298],[136.8439,35.42485],[136.85442,35.42609],[136.85784,35.42755],[136.88438,35.45127],[136.88743,35.45462],[136.89464,35.47265],[136.89503,35.4898],[136.8988,35.5012],[136.898,35.5094],[136.90139,35.51555],[136.90299,35.5229],[136.90579,35.52723]],[[136.90579,35.52723],[136.90836,35.52976],[136.91451,35.53344],[136.91897,35.54014],[136.92061,35.54074],[136.92552,35.54089],[136.92882,35.54255],[136.93205,35.54836],[136.93289,35.55226],[136.93237,35.5611],[136.93428,35.57119],[136.93792,35.57663],[136.93995,35.58551],[136.94378,35.59569],[136.94864,35.60204],[136.94764,35.60759],[136.94519,35.61333],[136.94534,35.61532],[136.9466,35.61744],[136.95206,35.62177],[136.95815,35.63112],[136.95997,35.63502],[136.96122,35.64065],[136.96534,35.6471],[136.9651,35.65086],[136.96149,35.65816],[136.95778,35.66165]],[[136.954,35.67236],[136.95318,35.67702],[136.95403,35.68267],[136.95186,35.69284],[136.94943,35.69743],[136.94342,35.70402],[136.93877,35.71525],[136.93873,35.72373],[136.94036,35.72924],[136.94021,35.73431],[136.94435,35.74155],[136.94513,35.7461],[136.94463,35.74849]],[[136.94463,35.74849],[136.94172,35.75447],[136.93741,35.75937],[136.9368,35.76871],[136.93289,35.77532],[136.92679,35.78158],[136.92239,35.78469],[136.90613,35.79011]],[[136.90613,35.79011],[136.90215,35.79313],[136.8914,35.80454],[136.88862,35.80867],[136.88689,35.8131],[136.88683,35.81935],[136.88604,35.82243],[136.88116,35.83038],[136.87913,35.83687],[136.87212,35.84713],[136.87227,35.85306],[136.86978,35.86078],[136.86959,35.86427],[136.87145,35.8685],[136.87617,35.87288]],[[137.07534,36.1324],[137.07579,36.13615],[137.07475,36.14303],[137.07538,36.15022],[137.075,36.15476],[137.07631,36.16132],[137.0745,36.16594],[137.07231,36.16798],[137.05594,36.17743],[137.04801,36.18477],[137.04307,36.1942],[137.03415,36.19972],[137.02269,36.20939],[137.00819,36.22294],[137.00127,36.22702],[136.99101,36.23],[136.9111,36.238],[136.9069,36.239],[136.9005,36.24288],[136.89856,36.24515],[136.89737,36.24815],[136.89706,36.25228],[136.89973,36.25968],[136.89968,36.26286]],[[136.89968,36.26286],[136.89851,36.26586],[136.89509,36.27043],[136.89448,36.27406],[136.89607,36.27805],[136.90084,36.282],[136.90251,36.28418],[136.90377,36.28692],[136.90379,36.28857],[136.90171,36.29626],[136.89857,36.3131],[136.89525,36.31777],[136.89105,36.32048],[136.88791,36.32364],[136.88548,36.32808],[136.88326,36.33517],[136.88165,36.34678],[136.8769,36.36458],[136.87679,36.37959],[136.87877,36.3917]],[[136.95778,35.66165],[136.95549,35.66356],[136.95361,35.66676],[136.954,35.67236]],[[136.87617,35.87288],[136.88491,35.88368],[136.88619,35.88736],[136.88525,35.89027],[136.88332,35.89304],[136.87674,35.90085],[136.87099,35.90527],[136.86958,35.90821],[136.86983,35.91386],[136.87229,35.92344],[136.87364,35.92539],[136.87824,35.92906],[136.87981,35.93586]],[[136.90983,35.98744],[136.91929,35.99257],[136.92417,35.99727],[136.92725,36.00263],[136.93051,36.01341],[136.93345,36.0166],[136.95073,36.02284],[136.95659,36.0222],[136.9614,36.01982]],[[136.9614,36.01982],[136.96618,36.01595],[136.97038,36.01505],[136.98019,36.01873],[136.99075,36.01879],[136.99625,36.02061],[137.00213,36.02551],[137.0094,36.02966],[137.01464,36.03612],[137.01942,36.04024],[137.03194,36.04856],[137.03731,36.05751],[137.04502,36.06199],[137.05504,36.07246],[137.06501,36.0778],[137.0673,36.08178],[137.06924,36.08805],[137.06888,36.09293],[137.06947,36.09537],[137.07298,36.1028],[137.07724,36.10739],[137.07911,36.11098],[137.07892,36.11513],[137.07437,36.12505],[137.07534,36.1324]],[[136.87981,35.93586],[136.8854,35.94085],[136.89306,35.94431],[136.89533,35.94646],[136.89584,35.94975],[136.8924,35.9561],[136.8921,35.9586],[136.89283,35.9604],[136.89641,35.96476],[136.89685,35.97424],[136.89847,35.97757],[136.90166,35.98101],[136.90983,35.98744]],[[136.9022,36.60014],[136.90331,36.6058],[136.90623,36.61165],[136.90831,36.63044]],[[136.88872,36.53388],[136.89222,36.54066],[136.89982,36.54944],[136.90276,36.55621],[136.90371,36.56659],[136.90283,36.57267],[136.90306,36.58101],[136.90145,36.59222],[136.9022,36.60014]],[[136.87877,36.3917],[136.87933,36.39792],[136.87612,36.41096],[136.87377,36.45151],[136.87474,36.45603],[136.87826,36.46388],[136.8809,36.48251],[136.87968,36.48917],[136.87479,36.49831],[136.87439,36.50357]],[[136.87439,36.50357],[136.87597,36.50831],[136.88408,36.52153],[136.88872,36.53388]]]}},{"type":"Feature","id":"expressway-f8c275d3fe1e","properties":{"id":"expressway-f8c275d3fe1e","label":"中村宿毛道路"},"geometry":{"type":"MultiLineString","coordinates":[[[132.88335,32.96976],[132.88941,32.96695],[132.89649,32.96804],[132.89845,32.96858],[132.90121,32.97163],[132.9139,32.97639],[132.92594,32.97348],[132.93123,32.97367],[132.93479,32.9752],[132.94064,32.97963],[132.94055,32.98027],[132.9382,32.98131],[132.93852,32.98226]],[[132.81385,32.95699],[132.81643,32.95687],[132.82208,32.95801],[132.82866,32.95732],[132.84188,32.95976],[132.85236,32.95967],[132.85662,32.96116],[132.8642,32.96646],[132.8725,32.96822],[132.87659,32.97058],[132.87975,32.97084],[132.88335,32.96976]]]}},{"type":"Feature","id":"expressway-f8f7e11e0484","properties":{"id":"expressway-f8f7e11e0484","label":"首都高速1号羽田線"},"geometry":{"type":"MultiLineString","coordinates":[[[139.76017,35.65261],[139.75445,35.64133]],[[139.75445,35.64133],[139.75062,35.63355],[139.74991,35.62409],[139.75193,35.61992],[139.75049,35.60581],[139.74808,35.6027],[139.74291,35.59895],[139.74173,35.59531],[139.73902,35.59141]],[[139.73902,35.59141],[139.73864,35.5896],[139.7433,35.58477],[139.74916,35.57351],[139.74891,35.56797],[139.75439,35.56085],[139.7536,35.55742]],[[139.7536,35.55742],[139.74674,35.55429],[139.74555,35.55182]],[[139.7554,35.60585],[139.75078,35.60783]]]}},{"type":"Feature","id":"expressway-f905dcbb1acf","properties":{"id":"expressway-f905dcbb1acf","label":"萩・三隅道路"},"geometry":{"type":"MultiLineString","coordinates":[[[131.32398,34.38849],[131.31928,34.38683],[131.30607,34.37898],[131.30091,34.37705],[131.29498,34.37629],[131.28112,34.37667],[131.27498,34.37525],[131.27048,34.3724],[131.25942,34.3629],[131.25745,34.36215],[131.25568,34.36261]],[[131.32398,34.38849],[131.33035,34.38907],[131.35005,34.38568],[131.35476,34.38662],[131.3607,34.39023],[131.3638,34.39086],[131.37692,34.38941],[131.39199,34.38953],[131.40393,34.38884]]]}},{"type":"Feature","id":"expressway-f93a186afcc8","properties":{"id":"expressway-f93a186afcc8","label":"津軽自動車道"},"geometry":{"type":"MultiLineString","coordinates":[[[140.44918,40.82689],[140.44553,40.82751],[140.44123,40.82728],[140.43777,40.82624],[140.43454,40.82428],[140.43137,40.821],[140.42456,40.81133],[140.42169,40.80855],[140.42193,40.80615]]]}},{"type":"Feature","id":"expressway-fa7d4d925880","properties":{"id":"expressway-fa7d4d925880","label":"尾花沢新庄道路"},"geometry":{"type":"MultiLineString","coordinates":[[[140.37262,38.63356],[140.37351,38.63085],[140.37592,38.62727],[140.38706,38.61476],[140.38838,38.61057],[140.38787,38.60547]],[[140.37262,38.63356],[140.37342,38.64242],[140.37277,38.6463],[140.36888,38.65302],[140.36109,38.66108],[140.357,38.66377],[140.35308,38.66537],[140.34002,38.66683],[140.33565,38.66794],[140.32838,38.67263]],[[140.32838,38.67263],[140.32386,38.67499],[140.32022,38.67778],[140.31322,38.68899],[140.30879,38.70636],[140.30888,38.71881],[140.30814,38.72334],[140.30514,38.73001],[140.29827,38.73932]]]}},{"type":"Feature","id":"expressway-fb70a451f606","properties":{"id":"expressway-fb70a451f606","label":"伊豆縦貫自動車道"},"geometry":{"type":"MultiLineString","coordinates":[[[138.94322,35.1308],[138.94851,35.12281],[138.94969,35.11869],[138.94743,35.10908],[138.94859,35.10247],[138.9463,35.09595],[138.94577,35.08672],[138.94467,35.08551],[138.93647,35.08312],[138.93008,35.08041]]]}},{"type":"Feature","id":"expressway-fb7f2036c5f4","properties":{"id":"expressway-fb7f2036c5f4","label":"第二みちのく道路"},"geometry":{"type":"MultiLineString","coordinates":[[[141.42216,40.60083],[141.41661,40.60649],[141.41487,40.6121],[141.41089,40.61588],[141.40832,40.62065],[141.39462,40.63251],[141.37316,40.64367],[141.36891,40.64446],[141.36132,40.64397],[141.35789,40.64501],[141.34855,40.65417],[141.34763,40.65594],[141.34735,40.65949],[141.34637,40.66117]]]}},{"type":"Feature","id":"expressway-fc50fa32ceb7","properties":{"id":"expressway-fc50fa32ceb7","label":"東北縦貫自動車道弘前線"},"geometry":{"type":"MultiLineString","coordinates":[[[139.59828,35.75902],[139.6018,35.77069],[139.60366,35.7733],[139.60884,35.7781],[139.61019,35.78195],[139.61478,35.78663],[139.61544,35.7885],[139.6156,35.79538],[139.62169,35.80402]],[[139.64185,35.82267],[139.66097,35.83258],[139.66545,35.83548],[139.66855,35.83646],[139.67545,35.83725],[139.68306,35.84194],[139.68713,35.84361],[139.72617,35.85194],[139.73392,35.85301]],[[139.73392,35.85301],[139.73473,35.86093],[139.7346,35.87379],[139.73276,35.87696],[139.7271,35.88238],[139.72459,35.88614]],[[139.72459,35.88614],[139.72027,35.89337],[139.7145,35.90057],[139.70884,35.90988],[139.70257,35.92511],[139.69089,35.93724]],[[139.61898,36.29276],[139.61774,36.30409],[139.62068,36.31139],[139.6212,36.31578],[139.6199,36.31899],[139.61461,36.3232],[139.6137,36.32543],[139.61369,36.32755],[139.61609,36.33228],[139.622,36.3373],[139.62378,36.34046],[139.6243,36.34967],[139.62694,36.35769],[139.6272,36.36571],[139.62864,36.36828],[139.63195,36.37099],[139.63636,36.37235],[139.65108,36.37152],[139.65863,36.37278],[139.66152,36.37509],[139.66398,36.37957],[139.66877,36.38278],[139.67392,36.3882],[139.67653,36.38917],[139.68472,36.39042],[139.69409,36.39675],[139.70829,36.40234],[139.71458,36.40723],[139.71901,36.41339],[139.72021,36.41685],[139.72041,36.4196],[139.71952,36.4241],[139.71582,36.43258],[139.71525,36.43647],[139.71555,36.44045],[139.71811,36.44712],[139.72482,36.45521],[139.72766,36.45975],[139.72844,36.46516],[139.72728,36.47191],[139.7284,36.4759],[139.7343,36.48236],[139.737,36.48908],[139.73987,36.49223],[139.74599,36.49523],[139.75779,36.49832],[139.7644,36.5023],[139.76767,36.50594],[139.7724,36.51461],[139.7762,36.51931],[139.78182,36.52432],[139.79449,36.53267],[139.7971,36.53576],[139.79892,36.53963]],[[139.79892,36.53963],[139.80047,36.5443],[139.80235,36.54733],[139.80555,36.5507],[139.81403,36.55713],[139.8206,36.56975],[139.82496,36.57436],[139.83465,36.58271],[139.84009,36.59073],[139.84388,36.60212],[139.84429,36.60856],[139.84271,36.62181],[139.8434,36.62596],[139.84577,36.63149]],[[139.84577,36.63149],[139.85225,36.6401],[139.85622,36.64901],[139.86314,36.65529],[139.86402,36.65711],[139.86488,36.66266],[139.86885,36.66682],[139.87172,36.67175],[139.87368,36.67362],[139.88111,36.67792],[139.88573,36.68202],[139.88811,36.6853],[139.89359,36.69558],[139.89783,36.70094],[139.92578,36.72577],[139.92916,36.72953],[139.93085,36.73372],[139.93069,36.74346],[139.93352,36.75584],[139.93408,36.76205]],[[139.93408,36.76205],[139.93365,36.76745],[139.93182,36.7717],[139.92545,36.77803],[139.92176,36.78433],[139.91798,36.78766],[139.91692,36.78938],[139.91404,36.80188],[139.90864,36.8101],[139.91015,36.81744],[139.91007,36.81959],[139.90927,36.82138],[139.9063,36.82478],[139.90543,36.82717],[139.90566,36.83015],[139.90785,36.83645],[139.90719,36.84454],[139.91199,36.85134],[139.9133,36.85501],[139.91258,36.86523],[139.91352,36.86973],[139.9166,36.87356],[139.92355,36.87893],[139.92719,36.88394],[139.92832,36.88881],[139.92887,36.90005],[139.92973,36.9027],[139.93258,36.90752],[139.9349,36.91022],[139.93944,36.91388],[139.95285,36.92056],[139.95755,36.92389],[139.95988,36.92673],[139.96589,36.93757],[139.9711,36.94397],[139.97785,36.94985],[139.98842,36.95723],[139.99553,36.96429],[140.00019,36.97072],[140.00801,36.98399],[140.01311,36.98953],[140.02245,36.99604],[140.03726,37.00356],[140.04136,37.00686],[140.05042,37.01643],[140.06986,37.02851],[140.07461,37.03369],[140.08023,37.04354],[140.08334,37.04734],[140.08998,37.05199],[140.10062,37.05649],[140.10329,37.05819],[140.10947,37.06721],[140.11678,37.07313],[140.11918,37.07699],[140.12439,37.08113],[140.12711,37.08554],[140.13279,37.08886],[140.1346,37.09516],[140.14206,37.10126],[140.14323,37.10304],[140.14436,37.10758],[140.14583,37.10947],[140.15378,37.11315],[140.15801,37.11623],[140.16109,37.11721],[140.16456,37.11736]],[[140.16456,37.11736],[140.16826,37.1177],[140.17186,37.11952],[140.17456,37.1222],[140.18189,37.13186],[140.18547,37.13429],[140.19545,37.13855],[140.19789,37.14069],[140.20119,37.14562],[140.20296,37.14702],[140.20753,37.14824],[140.21415,37.14843],[140.21915,37.14746],[140.22794,37.14396],[140.23407,37.14369],[140.23925,37.14623],[140.24275,37.15188],[140.24501,37.15413],[140.25277,37.15668],[140.25875,37.16],[140.2652,37.16128],[140.26735,37.16242],[140.26916,37.16468],[140.27174,37.17427],[140.27416,37.17815],[140.2773,37.1802],[140.28671,37.18346],[140.29013,37.18553],[140.29189,37.18733],[140.29686,37.19531],[140.30582,37.20383],[140.30751,37.20655],[140.30846,37.21321],[140.31063,37.21825],[140.31347,37.22114],[140.32276,37.22818],[140.32544,37.23146],[140.33164,37.24883],[140.33375,37.25308],[140.33752,37.2576],[140.34558,37.26394],[140.34889,37.26803],[140.3504,37.27235],[140.35162,37.29422],[140.35077,37.30029],[140.34412,37.31124],[140.34259,37.31982],[140.33827,37.32787],[140.33658,37.33699],[140.33548,37.33963],[140.33178,37.34495],[140.32762,37.34931],[140.31502,37.35949],[140.31218,37.36387],[140.31106,37.36893],[140.31279,37.38154],[140.31051,37.39489],[140.31077,37.39846],[140.31199,37.40167],[140.3157,37.40603],[140.32488,37.41128],[140.32937,37.41487],[140.33184,37.41829],[140.3361,37.42747],[140.34419,37.4346]],[[140.34419,37.4346],[140.3485,37.43844],[140.35068,37.44171],[140.35419,37.45297],[140.35577,37.45631],[140.35978,37.4617],[140.36139,37.46882],[140.36304,37.47224],[140.36604,37.47623],[140.37497,37.48525],[140.379,37.49148],[140.38085,37.49804],[140.38107,37.51181],[140.3829,37.52258],[140.3829,37.53028],[140.3886,37.54303],[140.39232,37.54919],[140.39284,37.55268],[140.39232,37.55831],[140.39319,37.5615],[140.39842,37.56962],[140.40156,37.57286],[140.40566,37.57462],[140.41212,37.57575],[140.41415,37.57706],[140.41577,37.5795],[140.41661,37.58719],[140.41872,37.59125],[140.41842,37.59698],[140.42215,37.60181],[140.42128,37.60689],[140.4231,37.61176],[140.42288,37.61743],[140.4248,37.61999],[140.43045,37.62374],[140.43159,37.62611],[140.43195,37.62911],[140.43426,37.6326],[140.43374,37.63571],[140.4343,37.64314],[140.43218,37.64989],[140.4328,37.65369],[140.43587,37.65752],[140.4494,37.66406],[140.45168,37.66626],[140.45259,37.66806],[140.45204,37.67252],[140.44545,37.67938],[140.44378,37.68373],[140.44378,37.6874],[140.44459,37.69011],[140.45029,37.70216],[140.45038,37.70641],[140.44961,37.70942],[140.44551,37.71266],[140.43521,37.71681],[140.43098,37.72034],[140.42796,37.72607],[140.42253,37.73295],[140.41939,37.73991],[140.41209,37.74791],[140.40884,37.75335],[140.40826,37.75889],[140.41221,37.76813],[140.41313,37.77821],[140.4146,37.78429],[140.41637,37.78743],[140.41935,37.79065],[140.42462,37.79425],[140.43111,37.79736],[140.44341,37.80101],[140.45856,37.80348],[140.46499,37.80637],[140.46821,37.8096],[140.47429,37.81949],[140.47846,37.82377],[140.48673,37.83003],[140.49289,37.83607],[140.5019,37.84068],[140.5042,37.84254],[140.50711,37.84847],[140.51173,37.854],[140.516,37.86164],[140.52088,37.86782],[140.52485,37.87537],[140.52772,37.87833],[140.53097,37.8803],[140.54086,37.8842],[140.54797,37.89004],[140.55148,37.89167],[140.55503,37.89233],[140.56351,37.8906],[140.56715,37.89114],[140.5692,37.89321],[140.56891,37.89926],[140.57132,37.90291],[140.58311,37.91094],[140.59426,37.91123],[140.59928,37.91262],[140.60166,37.91483],[140.60419,37.9193],[140.60887,37.92278],[140.61063,37.92667],[140.61048,37.92888],[140.6091,37.93264],[140.60906,37.93538],[140.61191,37.94002],[140.61244,37.94436],[140.61612,37.94864],[140.6167,37.95205],[140.61931,37.95668],[140.62009,37.95973],[140.61927,37.96311],[140.61517,37.9689],[140.61283,37.97535],[140.60785,37.98234],[140.6066,37.98539],[140.60628,37.98953],[140.60855,37.99856],[140.60882,38.00595],[140.60962,38.00835],[140.61154,38.01095],[140.61847,38.01534],[140.6217,38.01838],[140.62631,38.03187],[140.62904,38.03626],[140.63155,38.03887]],[[140.63155,38.03887],[140.63676,38.04242],[140.6476,38.04697],[140.65124,38.04996],[140.65301,38.05334],[140.65355,38.06159],[140.65522,38.06592],[140.65878,38.06896],[140.66785,38.07138],[140.67303,38.07508],[140.67538,38.07956],[140.67685,38.09043],[140.6822,38.09425],[140.68459,38.09765],[140.68747,38.09997],[140.6897,38.10376],[140.69645,38.11143],[140.69838,38.11472],[140.70453,38.11718],[140.70821,38.12008],[140.7149,38.12161],[140.71778,38.12372],[140.71899,38.12637],[140.71797,38.13374],[140.71852,38.136],[140.72084,38.13816],[140.72746,38.142],[140.72976,38.14741],[140.73718,38.15159],[140.74175,38.15495],[140.74813,38.15737],[140.75052,38.16046],[140.75385,38.1624],[140.75696,38.16575],[140.76462,38.16737],[140.76809,38.16923],[140.76949,38.17104],[140.77007,38.17329],[140.76966,38.17689],[140.76783,38.18171],[140.76856,38.18443],[140.78233,38.19268],[140.78383,38.19437],[140.78564,38.19925],[140.78717,38.20104],[140.79243,38.20241],[140.79623,38.20461],[140.80074,38.2051],[140.80286,38.20609],[140.80405,38.20745],[140.80489,38.21055],[140.80337,38.21497]],[[140.80337,38.21497],[140.80141,38.21951],[140.8039,38.22704],[140.80531,38.22832],[140.80943,38.23004],[140.8143,38.23413],[140.81789,38.2385],[140.81836,38.24001],[140.8172,38.24415],[140.81763,38.24894],[140.81662,38.25053],[140.81284,38.25298],[140.81152,38.25471],[140.81088,38.25985],[140.80933,38.26436],[140.81017,38.27965],[140.80823,38.28815],[140.80901,38.29221],[140.80772,38.29664],[140.80985,38.3015],[140.81019,38.30917],[140.81344,38.31321],[140.8151,38.3143],[140.82224,38.31539],[140.82998,38.31867],[140.83852,38.31931],[140.85084,38.32369],[140.8535,38.32577],[140.85554,38.32916],[140.85614,38.33173],[140.85561,38.33606],[140.85666,38.33817],[140.8606,38.34074],[140.86312,38.34401],[140.86948,38.34523],[140.87466,38.34805]],[[140.87466,38.34805],[140.87847,38.34959],[140.8812,38.35273],[140.88212,38.36271],[140.88529,38.36827],[140.88846,38.37652],[140.89238,38.38217],[140.89363,38.38667],[140.89532,38.3885],[140.9019,38.39281],[140.9073,38.40442],[140.91383,38.40969],[140.91649,38.41411],[140.91753,38.42667],[140.91693,38.43288],[140.91378,38.44579],[140.90828,38.4531],[140.90743,38.45684],[140.90871,38.46372],[140.9102,38.46661],[140.91271,38.46894],[140.91973,38.47295],[140.92341,38.47781],[140.9246,38.48111],[140.92609,38.49439],[140.93093,38.50735],[140.93107,38.51328],[140.9288,38.52074],[140.92826,38.52477],[140.93141,38.54795],[140.9315,38.55315],[140.92806,38.56491],[140.92768,38.56957],[140.93022,38.58667],[140.93165,38.59068]],[[140.93165,38.59068],[140.93812,38.5999],[140.94213,38.60743],[140.94657,38.62271],[140.94965,38.62817],[140.95486,38.63342],[140.96654,38.64076],[140.96942,38.64437],[140.97079,38.64842],[140.97096,38.65587],[140.97219,38.65893],[140.97699,38.66467],[140.98177,38.67323],[140.98199,38.6783],[140.97938,38.68463],[140.97896,38.68731],[140.97993,38.69197],[140.98167,38.69559],[140.98584,38.70104],[140.98849,38.7031],[140.99671,38.70553],[141.00384,38.70937],[141.00896,38.71031]],[[141.00896,38.71031],[141.01301,38.71103],[141.01594,38.71244],[141.02058,38.71663],[141.0262,38.72005],[141.03113,38.72452],[141.03969,38.73027],[141.04277,38.73443],[141.04492,38.73885],[141.04629,38.74374],[141.04737,38.75292],[141.05116,38.76104],[141.06068,38.77083],[141.06555,38.77928],[141.06752,38.78148],[141.08231,38.79193],[141.09186,38.80083],[141.09606,38.80748],[141.09683,38.8116],[141.09668,38.81518],[141.09457,38.82215],[141.09451,38.82421],[141.09534,38.82686],[141.09934,38.8321],[141.09989,38.8353],[141.09919,38.83774],[141.09215,38.84609],[141.08924,38.85238],[141.08948,38.85649],[141.09525,38.87044],[141.09479,38.87259],[141.09167,38.87858],[141.09265,38.88928],[141.08858,38.90222],[141.08995,38.90641],[141.09881,38.91412],[141.10244,38.91994],[141.10302,38.92536],[141.10124,38.93341],[141.10139,38.93731]],[[141.10139,38.93731],[141.10469,38.94604],[141.10702,38.95583],[141.11234,38.96501],[141.11283,38.96818],[141.11225,38.97243],[141.10902,38.98074],[141.10371,38.98764],[141.0915,38.99603],[141.08937,39.00143],[141.08732,39.00449],[141.08684,39.00713],[141.08792,39.01187],[141.08943,39.01398],[141.11098,39.02144],[141.11494,39.02468],[141.11644,39.02849],[141.11695,39.03451],[141.116,39.03977],[141.11437,39.04332],[141.10923,39.04905],[141.1074,39.05218],[141.10494,39.06168],[141.10042,39.07058],[141.09993,39.07439],[141.10056,39.07769],[141.10233,39.08142],[141.11463,39.09734],[141.11804,39.10338],[141.11968,39.10863],[141.11994,39.11313],[141.11849,39.12565],[141.12002,39.14163],[141.11736,39.15597],[141.11694,39.16191],[141.11823,39.17706],[141.11659,39.18323],[141.11011,39.19432],[141.1074,39.20446],[141.10573,39.20778],[141.10169,39.21183],[141.08751,39.22163],[141.08441,39.2249],[141.08155,39.22944],[141.07937,39.23644],[141.07926,39.24912],[141.07633,39.26077],[141.07586,39.26639],[141.07716,39.27435],[141.08866,39.30109],[141.09043,39.30839],[141.08972,39.32486],[141.09163,39.33826],[141.08918,39.35685],[141.09274,39.37171],[141.09275,39.37727],[141.09138,39.38757],[141.09265,39.39643],[141.09227,39.40189],[141.093,39.4071],[141.09471,39.41194],[141.10211,39.42274],[141.10912,39.44284],[141.1102,39.44788],[141.10859,39.46758],[141.11055,39.47928],[141.1106,39.48522],[141.10917,39.49131],[141.10334,39.50209],[141.10204,39.50678],[141.10196,39.51297],[141.10453,39.52446],[141.10314,39.53463],[141.10362,39.53765],[141.10575,39.54256],[141.11587,39.55681],[141.11915,39.56421],[141.12075,39.57336],[141.12021,39.57824],[141.11786,39.58651],[141.11793,39.59366],[141.12079,39.60068],[141.12804,39.61009],[141.12988,39.61547],[141.12969,39.62156],[141.12488,39.64567],[141.12286,39.65223]],[[141.12286,39.65223],[141.11766,39.66022],[141.10757,39.67068],[141.10374,39.67712],[141.10243,39.68294],[141.10206,39.6945],[141.09529,39.71192],[141.09302,39.72598],[141.09334,39.74121],[141.09573,39.75266],[141.10041,39.76427],[141.10745,39.77564],[141.11007,39.78178],[141.11187,39.78933],[141.11221,39.79769]],[[141.11221,39.79769],[141.11155,39.80961],[141.11486,39.82167],[141.11531,39.8285],[141.11415,39.83414],[141.10979,39.84562],[141.10814,39.85764],[141.10246,39.8706],[141.09986,39.875],[141.09544,39.87968],[141.08933,39.88366]],[[141.08933,39.88366],[141.08043,39.88803],[141.07232,39.89315],[141.06652,39.89828],[141.06038,39.9059],[141.05743,39.90864],[141.05214,39.91199],[141.04237,39.91628],[141.03598,39.92196],[141.03232,39.9291],[141.03092,39.93493],[141.03069,39.94022],[141.03213,39.94982],[141.0324,39.95628],[141.03193,39.96056],[141.03027,39.96493],[141.02153,39.97469],[141.01617,39.98525],[141.01388,39.98712],[141.00158,39.99278],[140.99444,39.99972],[140.99204,40.00346],[140.98284,40.02456],[140.98304,40.02834],[140.98409,40.03072],[140.98915,40.03579],[140.99216,40.04132],[140.99397,40.04322],[140.99858,40.04576],[141.01024,40.04979],[141.01653,40.05408],[141.01805,40.05635],[141.01903,40.05971],[141.01811,40.06824],[141.01931,40.07107],[141.02167,40.07395],[141.02786,40.07788],[141.04307,40.08103],[141.04641,40.08286],[141.0491,40.08551],[141.05365,40.09663],[141.05637,40.10092],[141.0603,40.10461],[141.05819,40.10691],[141.05645,40.10774],[141.05346,40.10883],[141.04849,40.10932]],[[141.04849,40.10932],[141.0406,40.10953],[141.03708,40.1111],[141.02991,40.11629],[141.0203,40.11697],[141.0165,40.11801],[141.00544,40.12319],[140.99645,40.13192],[140.9934,40.13372],[140.98768,40.13459],[140.98125,40.13345],[140.97827,40.13361],[140.97011,40.13653],[140.96573,40.13705],[140.96201,40.13701],[140.95402,40.13512],[140.94549,40.13675],[140.9349,40.13572],[140.92356,40.13148],[140.91694,40.13167],[140.91462,40.1309],[140.90526,40.1215],[140.89901,40.11978],[140.89253,40.11652],[140.88199,40.11485],[140.86556,40.11503],[140.85179,40.12013],[140.84505,40.1209],[140.8375,40.12569],[140.83408,40.1262],[140.82626,40.12596],[140.82329,40.12651],[140.82049,40.12788],[140.81595,40.13507],[140.81101,40.13868],[140.8093,40.14087],[140.80812,40.14658],[140.80494,40.15263],[140.80529,40.15944],[140.80445,40.16215]],[[140.76627,40.25524],[140.76709,40.26032],[140.76673,40.2639],[140.76217,40.27248],[140.76098,40.28055],[140.75818,40.29051],[140.75411,40.29588],[140.74169,40.304],[140.73889,40.30728],[140.73718,40.3108],[140.73659,40.31804],[140.73403,40.3243],[140.73398,40.33299],[140.73027,40.33772],[140.73102,40.34502],[140.72927,40.34988],[140.73006,40.35345],[140.72928,40.35869],[140.72624,40.36315],[140.71589,40.36961],[140.71229,40.37629],[140.70983,40.37915],[140.70805,40.38418],[140.6928,40.39712],[140.67956,40.41776],[140.67584,40.42231],[140.672,40.42439],[140.66188,40.42733],[140.65511,40.42755],[140.64846,40.42968],[140.64634,40.43139],[140.64251,40.43692],[140.63697,40.44152],[140.63556,40.44473],[140.63654,40.44931],[140.63589,40.45385],[140.63659,40.45875],[140.63613,40.46639]],[[140.63613,40.46639],[140.63205,40.47624],[140.63204,40.48381],[140.63096,40.48733],[140.62895,40.49066],[140.6246,40.49574],[140.62095,40.5033],[140.61714,40.50737],[140.61428,40.5119],[140.60721,40.51587],[140.60489,40.51833],[140.60193,40.51984],[140.59855,40.52282],[140.59176,40.52253],[140.58564,40.52303],[140.57741,40.52651],[140.56671,40.52538],[140.56193,40.52659],[140.55885,40.53044],[140.55741,40.53643],[140.55703,40.54313],[140.5584,40.54788]],[[140.5584,40.54788],[140.5621,40.55402],[140.56912,40.56108],[140.57218,40.56302],[140.58234,40.56722],[140.58568,40.5697],[140.591,40.5794],[140.60307,40.59298],[140.607,40.60068],[140.61129,40.61609],[140.61409,40.62008],[140.62135,40.6281],[140.62203,40.63258],[140.62031,40.63978],[140.6213,40.64464],[140.62315,40.6477],[140.62902,40.65376],[140.63039,40.65648],[140.63061,40.65899],[140.62983,40.66279],[140.62533,40.67265],[140.62392,40.67745],[140.62359,40.68235],[140.62467,40.69141],[140.62242,40.69992],[140.62021,40.71536],[140.61626,40.72402],[140.61222,40.72893],[140.6057,40.73518],[140.6036,40.73875],[140.60249,40.74567],[140.60411,40.75257],[140.60772,40.75764],[140.61832,40.76402],[140.63682,40.78121],[140.63932,40.78217],[140.64218,40.78235],[140.64897,40.78114],[140.65421,40.78138],[140.65867,40.78292],[140.6649,40.78695],[140.67022,40.79116],[140.67417,40.79531],[140.67679,40.80217],[140.67846,40.80482],[140.68871,40.81375]],[[139.62169,35.80402],[139.63365,35.81638],[139.64185,35.82267]],[[139.62763,36.12671],[139.62053,36.13316],[139.60486,36.1443],[139.60018,36.1488],[139.59522,36.15515],[139.59152,36.16171],[139.58911,36.16798],[139.58627,36.18283],[139.58299,36.19241],[139.5789,36.19943],[139.57112,36.21008],[139.56907,36.21623],[139.5702,36.22375],[139.57381,36.23141],[139.57607,36.23936],[139.57777,36.24285],[139.58329,36.2484],[139.59336,36.2531],[139.59749,36.25652],[139.59986,36.26064],[139.60226,36.27137],[139.60503,36.27505],[139.61226,36.28016],[139.61577,36.28373],[139.61816,36.28813],[139.61898,36.29276]],[[140.80445,40.16215],[140.79945,40.16819],[140.7994,40.17307],[140.79825,40.17853],[140.79888,40.18113],[140.80063,40.18363],[140.80686,40.18883],[140.80865,40.19145],[140.80855,40.19867],[140.80641,40.20674],[140.80518,40.20935],[140.80231,40.21303],[140.79325,40.21919],[140.78926,40.22267],[140.77859,40.23765],[140.76925,40.24586],[140.76697,40.24961],[140.76627,40.25524]],[[139.69089,35.93724],[139.68609,35.94302],[139.68257,35.95194],[139.67033,35.9657],[139.66574,35.97484],[139.66393,35.98306],[139.66436,35.99157],[139.66702,35.99928],[139.67416,36.011],[139.67522,36.01651],[139.67481,36.0193],[139.67146,36.02728],[139.6606,36.04189],[139.65648,36.05413],[139.65358,36.06061],[139.64459,36.07331],[139.6412,36.07947],[139.63837,36.08947],[139.63795,36.09434],[139.6384,36.10373],[139.63716,36.11164],[139.63299,36.12016],[139.62763,36.12671]]]}},{"type":"Feature","id":"expressway-fec4c98fe8b6","properties":{"id":"expressway-fec4c98fe8b6","label":"宇和島道路"},"geometry":{"type":"MultiLineString","coordinates":[[[132.55904,33.224],[132.55842,33.22918],[132.55896,33.23263],[132.56558,33.2412],[132.56828,33.24375]],[[132.54466,33.21242],[132.54799,33.21502],[132.5579,33.2188],[132.55924,33.2207],[132.55904,33.224]],[[132.54591,33.19872],[132.54647,33.20262],[132.54371,33.20846],[132.54374,33.21032],[132.54466,33.21242]],[[132.52014,33.14222],[132.52246,33.14683],[132.52421,33.14851],[132.54356,33.1553],[132.54698,33.15863],[132.54789,33.1642],[132.55048,33.16972],[132.54957,33.17322],[132.54594,33.17909],[132.54327,33.18782],[132.54591,33.19872]],[[132.52014,33.14222],[132.51665,33.13797],[132.51507,33.13445],[132.51435,33.12231],[132.51531,33.11698],[132.51532,33.11125]]]}}]}
